{"type": "FeatureCollection", "features": [{"type": "Feature", "geometry": {"type": "Polygon", "coordinates": [[[85.78989639610623, 19.613474667624864], [85.80424956378536, 19.613474667624864], [85.80424956378536, 19.626949335249734], [85.78989639610623, 19.626949335249734], [85.78989639610623, 19.613474667624864]]]}, "properties": {"sensor": "Sentinel-1 C-SAR IW GRD", "polarization": "VV", "delta_sigma0_db": -5.0, "district": "Puri", "classification": "Water Inundation"}}, {"type": "Feature", "geometry": {"type": "Polygon", "coordinates": [[[85.74683689306883, 19.626949335249734], [85.76119006074796, 19.626949335249734], [85.76119006074796, 19.640424002874596], [85.74683689306883, 19.640424002874596], [85.74683689306883, 19.626949335249734]]]}, "properties": {"sensor": "Sentinel-1 C-SAR IW GRD", "polarization": "VV", "delta_sigma0_db": -5.8, "district": "Puri", "classification": "Water Inundation"}}, {"type": "Feature", "geometry": {"type": "Polygon", "coordinates": [[[85.76119006074796, 19.626949335249734], [85.7755432284271, 19.626949335249734], [85.7755432284271, 19.640424002874596], [85.76119006074796, 19.640424002874596], [85.76119006074796, 19.626949335249734]]]}, "properties": {"sensor": "Sentinel-1 C-SAR IW GRD", "polarization": "VV", "delta_sigma0_db": -5.8, "district": "Puri", "classification": "Water Inundation"}}, {"type": "Feature", "geometry": {"type": "Polygon", "coordinates": [[[85.7755432284271, 19.626949335249734], [85.78989639610623, 19.626949335249734], [85.78989639610623, 19.640424002874596], [85.7755432284271, 19.640424002874596], [85.7755432284271, 19.626949335249734]]]}, "properties": {"sensor": "Sentinel-1 C-SAR IW GRD", "polarization": "VV", "delta_sigma0_db": -5.8, "district": "Puri", "classification": "Water Inundation"}}, {"type": "Feature", "geometry": {"type": "Polygon", "coordinates": [[[85.78989639610623, 19.626949335249734], [85.80424956378536, 19.626949335249734], [85.80424956378536, 19.640424002874596], [85.78989639610623, 19.640424002874596], [85.78989639610623, 19.626949335249734]]]}, "properties": {"sensor": "Sentinel-1 C-SAR IW GRD", "polarization": "VV", "delta_sigma0_db": -5.8, "district": "Puri", "classification": "Water Inundation"}}, {"type": "Feature", "geometry": {"type": "Polygon", "coordinates": [[[85.71813055771057, 19.640424002874596], [85.7324837253897, 19.640424002874596], [85.7324837253897, 19.653898670499466], [85.71813055771057, 19.653898670499466], [85.71813055771057, 19.640424002874596]]]}, "properties": {"sensor": "Sentinel-1 C-SAR IW GRD", "polarization": "VV", "delta_sigma0_db": -4.2, "district": "Puri", "classification": "Water Inundation"}}, {"type": "Feature", "geometry": {"type": "Polygon", "coordinates": [[[85.7324837253897, 19.640424002874596], [85.74683689306883, 19.640424002874596], [85.74683689306883, 19.653898670499466], [85.7324837253897, 19.653898670499466], [85.7324837253897, 19.640424002874596]]]}, "properties": {"sensor": "Sentinel-1 C-SAR IW GRD", "polarization": "VV", "delta_sigma0_db": -4.2, "district": "Puri", "classification": "Water Inundation"}}, {"type": "Feature", "geometry": {"type": "Polygon", "coordinates": [[[85.74683689306883, 19.640424002874596], [85.76119006074796, 19.640424002874596], [85.76119006074796, 19.653898670499466], [85.74683689306883, 19.653898670499466], [85.74683689306883, 19.640424002874596]]]}, "properties": {"sensor": "Sentinel-1 C-SAR IW GRD", "polarization": "VV", "delta_sigma0_db": -4.2, "district": "Puri", "classification": "Water Inundation"}}, {"type": "Feature", "geometry": {"type": "Polygon", "coordinates": [[[85.76119006074796, 19.640424002874596], [85.7755432284271, 19.640424002874596], [85.7755432284271, 19.653898670499466], [85.76119006074796, 19.653898670499466], [85.76119006074796, 19.640424002874596]]]}, "properties": {"sensor": "Sentinel-1 C-SAR IW GRD", "polarization": "VV", "delta_sigma0_db": -4.2, "district": "Puri", "classification": "Water Inundation"}}, {"type": "Feature", "geometry": {"type": "Polygon", "coordinates": [[[85.7755432284271, 19.640424002874596], [85.78989639610623, 19.640424002874596], [85.78989639610623, 19.653898670499466], [85.7755432284271, 19.653898670499466], [85.7755432284271, 19.640424002874596]]]}, "properties": {"sensor": "Sentinel-1 C-SAR IW GRD", "polarization": "VV", "delta_sigma0_db": -4.2, "district": "Puri", "classification": "Water Inundation"}}, {"type": "Feature", "geometry": {"type": "Polygon", "coordinates": [[[85.78989639610623, 19.640424002874596], [85.80424956378536, 19.640424002874596], [85.80424956378536, 19.653898670499466], [85.78989639610623, 19.653898670499466], [85.78989639610623, 19.640424002874596]]]}, "properties": {"sensor": "Sentinel-1 C-SAR IW GRD", "polarization": "VV", "delta_sigma0_db": -4.2, "district": "Puri", "classification": "Water Inundation"}}, {"type": "Feature", "geometry": {"type": "Polygon", "coordinates": [[[85.70377739003143, 19.653898670499466], [85.71813055771057, 19.653898670499466], [85.71813055771057, 19.667373338124328], [85.70377739003143, 19.667373338124328], [85.70377739003143, 19.653898670499466]]]}, "properties": {"sensor": "Sentinel-1 C-SAR IW GRD", "polarization": "VV", "delta_sigma0_db": -5.0, "district": "Puri", "classification": "Water Inundation"}}, {"type": "Feature", "geometry": {"type": "Polygon", "coordinates": [[[85.71813055771057, 19.653898670499466], [85.7324837253897, 19.653898670499466], [85.7324837253897, 19.667373338124328], [85.71813055771057, 19.667373338124328], [85.71813055771057, 19.653898670499466]]]}, "properties": {"sensor": "Sentinel-1 C-SAR IW GRD", "polarization": "VV", "delta_sigma0_db": -5.0, "district": "Puri", "classification": "Water Inundation"}}, {"type": "Feature", "geometry": {"type": "Polygon", "coordinates": [[[85.7324837253897, 19.653898670499466], [85.74683689306883, 19.653898670499466], [85.74683689306883, 19.667373338124328], [85.7324837253897, 19.667373338124328], [85.7324837253897, 19.653898670499466]]]}, "properties": {"sensor": "Sentinel-1 C-SAR IW GRD", "polarization": "VV", "delta_sigma0_db": -5.0, "district": "Puri", "classification": "Water Inundation"}}, {"type": "Feature", "geometry": {"type": "Polygon", "coordinates": [[[85.74683689306883, 19.653898670499466], [85.76119006074796, 19.653898670499466], [85.76119006074796, 19.667373338124328], [85.74683689306883, 19.667373338124328], [85.74683689306883, 19.653898670499466]]]}, "properties": {"sensor": "Sentinel-1 C-SAR IW GRD", "polarization": "VV", "delta_sigma0_db": -5.0, "district": "Puri", "classification": "Water Inundation"}}, {"type": "Feature", "geometry": {"type": "Polygon", "coordinates": [[[85.76119006074796, 19.653898670499466], [85.7755432284271, 19.653898670499466], [85.7755432284271, 19.667373338124328], [85.76119006074796, 19.667373338124328], [85.76119006074796, 19.653898670499466]]]}, "properties": {"sensor": "Sentinel-1 C-SAR IW GRD", "polarization": "VV", "delta_sigma0_db": -5.0, "district": "Puri", "classification": "Water Inundation"}}, {"type": "Feature", "geometry": {"type": "Polygon", "coordinates": [[[85.7755432284271, 19.653898670499466], [85.78989639610623, 19.653898670499466], [85.78989639610623, 19.667373338124328], [85.7755432284271, 19.667373338124328], [85.7755432284271, 19.653898670499466]]]}, "properties": {"sensor": "Sentinel-1 C-SAR IW GRD", "polarization": "VV", "delta_sigma0_db": -5.0, "district": "Puri", "classification": "Water Inundation"}}, {"type": "Feature", "geometry": {"type": "Polygon", "coordinates": [[[85.78989639610623, 19.653898670499466], [85.80424956378536, 19.653898670499466], [85.80424956378536, 19.667373338124328], [85.78989639610623, 19.667373338124328], [85.78989639610623, 19.653898670499466]]]}, "properties": {"sensor": "Sentinel-1 C-SAR IW GRD", "polarization": "VV", "delta_sigma0_db": -5.0, "district": "Puri", "classification": "Water Inundation"}}, {"type": "Feature", "geometry": {"type": "Polygon", "coordinates": [[[85.6894242223523, 19.667373338124328], [85.70377739003143, 19.667373338124328], [85.70377739003143, 19.680848005749198], [85.6894242223523, 19.680848005749198], [85.6894242223523, 19.667373338124328]]]}, "properties": {"sensor": "Sentinel-1 C-SAR IW GRD", "polarization": "VV", "delta_sigma0_db": -5.8, "district": "Puri", "classification": "Water Inundation"}}, {"type": "Feature", "geometry": {"type": "Polygon", "coordinates": [[[85.70377739003143, 19.667373338124328], [85.71813055771057, 19.667373338124328], [85.71813055771057, 19.680848005749198], [85.70377739003143, 19.680848005749198], [85.70377739003143, 19.667373338124328]]]}, "properties": {"sensor": "Sentinel-1 C-SAR IW GRD", "polarization": "VV", "delta_sigma0_db": -5.8, "district": "Puri", "classification": "Water Inundation"}}, {"type": "Feature", "geometry": {"type": "Polygon", "coordinates": [[[85.71813055771057, 19.667373338124328], [85.7324837253897, 19.667373338124328], [85.7324837253897, 19.680848005749198], [85.71813055771057, 19.680848005749198], [85.71813055771057, 19.667373338124328]]]}, "properties": {"sensor": "Sentinel-1 C-SAR IW GRD", "polarization": "VV", "delta_sigma0_db": -5.8, "district": "Puri", "classification": "Water Inundation"}}, {"type": "Feature", "geometry": {"type": "Polygon", "coordinates": [[[85.7324837253897, 19.667373338124328], [85.74683689306883, 19.667373338124328], [85.74683689306883, 19.680848005749198], [85.7324837253897, 19.680848005749198], [85.7324837253897, 19.667373338124328]]]}, "properties": {"sensor": "Sentinel-1 C-SAR IW GRD", "polarization": "VV", "delta_sigma0_db": -5.8, "district": "Puri", "classification": "Water Inundation"}}, {"type": "Feature", "geometry": {"type": "Polygon", "coordinates": [[[85.74683689306883, 19.667373338124328], [85.76119006074796, 19.667373338124328], [85.76119006074796, 19.680848005749198], [85.74683689306883, 19.680848005749198], [85.74683689306883, 19.667373338124328]]]}, "properties": {"sensor": "Sentinel-1 C-SAR IW GRD", "polarization": "VV", "delta_sigma0_db": -5.8, "district": "Puri", "classification": "Water Inundation"}}, {"type": "Feature", "geometry": {"type": "Polygon", "coordinates": [[[85.76119006074796, 19.667373338124328], [85.7755432284271, 19.667373338124328], [85.7755432284271, 19.680848005749198], [85.76119006074796, 19.680848005749198], [85.76119006074796, 19.667373338124328]]]}, "properties": {"sensor": "Sentinel-1 C-SAR IW GRD", "polarization": "VV", "delta_sigma0_db": -5.8, "district": "Puri", "classification": "Water Inundation"}}, {"type": "Feature", "geometry": {"type": "Polygon", "coordinates": [[[85.7755432284271, 19.667373338124328], [85.78989639610623, 19.667373338124328], [85.78989639610623, 19.680848005749198], [85.7755432284271, 19.680848005749198], [85.7755432284271, 19.667373338124328]]]}, "properties": {"sensor": "Sentinel-1 C-SAR IW GRD", "polarization": "VV", "delta_sigma0_db": -5.8, "district": "Puri", "classification": "Water Inundation"}}, {"type": "Feature", "geometry": {"type": "Polygon", "coordinates": [[[85.78989639610623, 19.667373338124328], [85.80424956378536, 19.667373338124328], [85.80424956378536, 19.680848005749198], [85.78989639610623, 19.680848005749198], [85.78989639610623, 19.667373338124328]]]}, "properties": {"sensor": "Sentinel-1 C-SAR IW GRD", "polarization": "VV", "delta_sigma0_db": -5.8, "district": "Puri", "classification": "Water Inundation"}}, {"type": "Feature", "geometry": {"type": "Polygon", "coordinates": [[[85.67507105467317, 19.680848005749198], [85.6894242223523, 19.680848005749198], [85.6894242223523, 19.69432267337406], [85.67507105467317, 19.69432267337406], [85.67507105467317, 19.680848005749198]]]}, "properties": {"sensor": "Sentinel-1 C-SAR IW GRD", "polarization": "VV", "delta_sigma0_db": -4.2, "district": "Puri", "classification": "Water Inundation"}}, {"type": "Feature", "geometry": {"type": "Polygon", "coordinates": [[[85.6894242223523, 19.680848005749198], [85.70377739003143, 19.680848005749198], [85.70377739003143, 19.69432267337406], [85.6894242223523, 19.69432267337406], [85.6894242223523, 19.680848005749198]]]}, "properties": {"sensor": "Sentinel-1 C-SAR IW GRD", "polarization": "VV", "delta_sigma0_db": -4.2, "district": "Puri", "classification": "Water Inundation"}}, {"type": "Feature", "geometry": {"type": "Polygon", "coordinates": [[[85.70377739003143, 19.680848005749198], [85.71813055771057, 19.680848005749198], [85.71813055771057, 19.69432267337406], [85.70377739003143, 19.69432267337406], [85.70377739003143, 19.680848005749198]]]}, "properties": {"sensor": "Sentinel-1 C-SAR IW GRD", "polarization": "VV", "delta_sigma0_db": -4.2, "district": "Puri", "classification": "Water Inundation"}}, {"type": "Feature", "geometry": {"type": "Polygon", "coordinates": [[[85.71813055771057, 19.680848005749198], [85.7324837253897, 19.680848005749198], [85.7324837253897, 19.69432267337406], [85.71813055771057, 19.69432267337406], [85.71813055771057, 19.680848005749198]]]}, "properties": {"sensor": "Sentinel-1 C-SAR IW GRD", "polarization": "VV", "delta_sigma0_db": -4.2, "district": "Puri", "classification": "Water Inundation"}}, {"type": "Feature", "geometry": {"type": "Polygon", "coordinates": [[[85.7324837253897, 19.680848005749198], [85.74683689306883, 19.680848005749198], [85.74683689306883, 19.69432267337406], [85.7324837253897, 19.69432267337406], [85.7324837253897, 19.680848005749198]]]}, "properties": {"sensor": "Sentinel-1 C-SAR IW GRD", "polarization": "VV", "delta_sigma0_db": -4.2, "district": "Puri", "classification": "Water Inundation"}}, {"type": "Feature", "geometry": {"type": "Polygon", "coordinates": [[[85.74683689306883, 19.680848005749198], [85.76119006074796, 19.680848005749198], [85.76119006074796, 19.69432267337406], [85.74683689306883, 19.69432267337406], [85.74683689306883, 19.680848005749198]]]}, "properties": {"sensor": "Sentinel-1 C-SAR IW GRD", "polarization": "VV", "delta_sigma0_db": -4.2, "district": "Puri", "classification": "Water Inundation"}}, {"type": "Feature", "geometry": {"type": "Polygon", "coordinates": [[[85.76119006074796, 19.680848005749198], [85.7755432284271, 19.680848005749198], [85.7755432284271, 19.69432267337406], [85.76119006074796, 19.69432267337406], [85.76119006074796, 19.680848005749198]]]}, "properties": {"sensor": "Sentinel-1 C-SAR IW GRD", "polarization": "VV", "delta_sigma0_db": -4.2, "district": "Puri", "classification": "Water Inundation"}}, {"type": "Feature", "geometry": {"type": "Polygon", "coordinates": [[[85.7755432284271, 19.680848005749198], [85.78989639610623, 19.680848005749198], [85.78989639610623, 19.69432267337406], [85.7755432284271, 19.69432267337406], [85.7755432284271, 19.680848005749198]]]}, "properties": {"sensor": "Sentinel-1 C-SAR IW GRD", "polarization": "VV", "delta_sigma0_db": -4.2, "district": "Puri", "classification": "Water Inundation"}}, {"type": "Feature", "geometry": {"type": "Polygon", "coordinates": [[[85.78989639610623, 19.680848005749198], [85.80424956378536, 19.680848005749198], [85.80424956378536, 19.69432267337406], [85.78989639610623, 19.69432267337406], [85.78989639610623, 19.680848005749198]]]}, "properties": {"sensor": "Sentinel-1 C-SAR IW GRD", "polarization": "VV", "delta_sigma0_db": -4.2, "district": "Puri", "classification": "Water Inundation"}}, {"type": "Feature", "geometry": {"type": "Polygon", "coordinates": [[[85.66071788699404, 19.69432267337406], [85.67507105467317, 19.69432267337406], [85.67507105467317, 19.70779734099893], [85.66071788699404, 19.70779734099893], [85.66071788699404, 19.69432267337406]]]}, "properties": {"sensor": "Sentinel-1 C-SAR IW GRD", "polarization": "VV", "delta_sigma0_db": -5.0, "district": "Puri", "classification": "Water Inundation"}}, {"type": "Feature", "geometry": {"type": "Polygon", "coordinates": [[[85.67507105467317, 19.69432267337406], [85.6894242223523, 19.69432267337406], [85.6894242223523, 19.70779734099893], [85.67507105467317, 19.70779734099893], [85.67507105467317, 19.69432267337406]]]}, "properties": {"sensor": "Sentinel-1 C-SAR IW GRD", "polarization": "VV", "delta_sigma0_db": -5.0, "district": "Puri", "classification": "Water Inundation"}}, {"type": "Feature", "geometry": {"type": "Polygon", "coordinates": [[[85.70377739003143, 19.69432267337406], [85.71813055771057, 19.69432267337406], [85.71813055771057, 19.70779734099893], [85.70377739003143, 19.70779734099893], [85.70377739003143, 19.69432267337406]]]}, "properties": {"sensor": "Sentinel-1 C-SAR IW GRD", "polarization": "VV", "delta_sigma0_db": -5.0, "district": "Puri", "classification": "Water Inundation"}}, {"type": "Feature", "geometry": {"type": "Polygon", "coordinates": [[[85.71813055771057, 19.69432267337406], [85.7324837253897, 19.69432267337406], [85.7324837253897, 19.70779734099893], [85.71813055771057, 19.70779734099893], [85.71813055771057, 19.69432267337406]]]}, "properties": {"sensor": "Sentinel-1 C-SAR IW GRD", "polarization": "VV", "delta_sigma0_db": -5.0, "district": "Puri", "classification": "Water Inundation"}}, {"type": "Feature", "geometry": {"type": "Polygon", "coordinates": [[[85.7324837253897, 19.69432267337406], [85.74683689306883, 19.69432267337406], [85.74683689306883, 19.70779734099893], [85.7324837253897, 19.70779734099893], [85.7324837253897, 19.69432267337406]]]}, "properties": {"sensor": "Sentinel-1 C-SAR IW GRD", "polarization": "VV", "delta_sigma0_db": -5.0, "district": "Puri", "classification": "Water Inundation"}}, {"type": "Feature", "geometry": {"type": "Polygon", "coordinates": [[[85.74683689306883, 19.69432267337406], [85.76119006074796, 19.69432267337406], [85.76119006074796, 19.70779734099893], [85.74683689306883, 19.70779734099893], [85.74683689306883, 19.69432267337406]]]}, "properties": {"sensor": "Sentinel-1 C-SAR IW GRD", "polarization": "VV", "delta_sigma0_db": -5.0, "district": "Puri", "classification": "Water Inundation"}}, {"type": "Feature", "geometry": {"type": "Polygon", "coordinates": [[[85.7755432284271, 19.69432267337406], [85.78989639610623, 19.69432267337406], [85.78989639610623, 19.70779734099893], [85.7755432284271, 19.70779734099893], [85.7755432284271, 19.69432267337406]]]}, "properties": {"sensor": "Sentinel-1 C-SAR IW GRD", "polarization": "VV", "delta_sigma0_db": -5.0, "district": "Puri", "classification": "Water Inundation"}}, {"type": "Feature", "geometry": {"type": "Polygon", "coordinates": [[[85.78989639610623, 19.69432267337406], [85.80424956378536, 19.69432267337406], [85.80424956378536, 19.70779734099893], [85.78989639610623, 19.70779734099893], [85.78989639610623, 19.69432267337406]]]}, "properties": {"sensor": "Sentinel-1 C-SAR IW GRD", "polarization": "VV", "delta_sigma0_db": -5.0, "district": "Puri", "classification": "Water Inundation"}}, {"type": "Feature", "geometry": {"type": "Polygon", "coordinates": [[[85.66071788699404, 19.70779734099893], [85.67507105467317, 19.70779734099893], [85.67507105467317, 19.721272008623792], [85.66071788699404, 19.721272008623792], [85.66071788699404, 19.70779734099893]]]}, "properties": {"sensor": "Sentinel-1 C-SAR IW GRD", "polarization": "VV", "delta_sigma0_db": -5.8, "district": "Puri", "classification": "Water Inundation"}}, {"type": "Feature", "geometry": {"type": "Polygon", "coordinates": [[[85.67507105467317, 19.70779734099893], [85.6894242223523, 19.70779734099893], [85.6894242223523, 19.721272008623792], [85.67507105467317, 19.721272008623792], [85.67507105467317, 19.70779734099893]]]}, "properties": {"sensor": "Sentinel-1 C-SAR IW GRD", "polarization": "VV", "delta_sigma0_db": -5.8, "district": "Puri", "classification": "Water Inundation"}}, {"type": "Feature", "geometry": {"type": "Polygon", "coordinates": [[[85.6894242223523, 19.70779734099893], [85.70377739003143, 19.70779734099893], [85.70377739003143, 19.721272008623792], [85.6894242223523, 19.721272008623792], [85.6894242223523, 19.70779734099893]]]}, "properties": {"sensor": "Sentinel-1 C-SAR IW GRD", "polarization": "VV", "delta_sigma0_db": -5.8, "district": "Puri", "classification": "Water Inundation"}}, {"type": "Feature", "geometry": {"type": "Polygon", "coordinates": [[[85.70377739003143, 19.70779734099893], [85.71813055771057, 19.70779734099893], [85.71813055771057, 19.721272008623792], [85.70377739003143, 19.721272008623792], [85.70377739003143, 19.70779734099893]]]}, "properties": {"sensor": "Sentinel-1 C-SAR IW GRD", "polarization": "VV", "delta_sigma0_db": -5.8, "district": "Puri", "classification": "Water Inundation"}}, {"type": "Feature", "geometry": {"type": "Polygon", "coordinates": [[[85.71813055771057, 19.70779734099893], [85.7324837253897, 19.70779734099893], [85.7324837253897, 19.721272008623792], [85.71813055771057, 19.721272008623792], [85.71813055771057, 19.70779734099893]]]}, "properties": {"sensor": "Sentinel-1 C-SAR IW GRD", "polarization": "VV", "delta_sigma0_db": -5.8, "district": "Puri", "classification": "Water Inundation"}}, {"type": "Feature", "geometry": {"type": "Polygon", "coordinates": [[[85.7324837253897, 19.70779734099893], [85.74683689306883, 19.70779734099893], [85.74683689306883, 19.721272008623792], [85.7324837253897, 19.721272008623792], [85.7324837253897, 19.70779734099893]]]}, "properties": {"sensor": "Sentinel-1 C-SAR IW GRD", "polarization": "VV", "delta_sigma0_db": -5.8, "district": "Puri", "classification": "Water Inundation"}}, {"type": "Feature", "geometry": {"type": "Polygon", "coordinates": [[[85.74683689306883, 19.70779734099893], [85.76119006074796, 19.70779734099893], [85.76119006074796, 19.721272008623792], [85.74683689306883, 19.721272008623792], [85.74683689306883, 19.70779734099893]]]}, "properties": {"sensor": "Sentinel-1 C-SAR IW GRD", "polarization": "VV", "delta_sigma0_db": -5.8, "district": "Puri", "classification": "Water Inundation"}}, {"type": "Feature", "geometry": {"type": "Polygon", "coordinates": [[[85.76119006074796, 19.70779734099893], [85.7755432284271, 19.70779734099893], [85.7755432284271, 19.721272008623792], [85.76119006074796, 19.721272008623792], [85.76119006074796, 19.70779734099893]]]}, "properties": {"sensor": "Sentinel-1 C-SAR IW GRD", "polarization": "VV", "delta_sigma0_db": -5.8, "district": "Puri", "classification": "Water Inundation"}}, {"type": "Feature", "geometry": {"type": "Polygon", "coordinates": [[[85.7755432284271, 19.70779734099893], [85.78989639610623, 19.70779734099893], [85.78989639610623, 19.721272008623792], [85.7755432284271, 19.721272008623792], [85.7755432284271, 19.70779734099893]]]}, "properties": {"sensor": "Sentinel-1 C-SAR IW GRD", "polarization": "VV", "delta_sigma0_db": -5.8, "district": "Puri", "classification": "Water Inundation"}}, {"type": "Feature", "geometry": {"type": "Polygon", "coordinates": [[[85.78989639610623, 19.70779734099893], [85.80424956378536, 19.70779734099893], [85.80424956378536, 19.721272008623792], [85.78989639610623, 19.721272008623792], [85.78989639610623, 19.70779734099893]]]}, "properties": {"sensor": "Sentinel-1 C-SAR IW GRD", "polarization": "VV", "delta_sigma0_db": -5.8, "district": "Puri", "classification": "Water Inundation"}}, {"type": "Feature", "geometry": {"type": "Polygon", "coordinates": [[[85.6463647193149, 19.721272008623792], [85.66071788699404, 19.721272008623792], [85.66071788699404, 19.734746676248662], [85.6463647193149, 19.734746676248662], [85.6463647193149, 19.721272008623792]]]}, "properties": {"sensor": "Sentinel-1 C-SAR IW GRD", "polarization": "VV", "delta_sigma0_db": -4.2, "district": "Puri", "classification": "Water Inundation"}}, {"type": "Feature", "geometry": {"type": "Polygon", "coordinates": [[[85.66071788699404, 19.721272008623792], [85.67507105467317, 19.721272008623792], [85.67507105467317, 19.734746676248662], [85.66071788699404, 19.734746676248662], [85.66071788699404, 19.721272008623792]]]}, "properties": {"sensor": "Sentinel-1 C-SAR IW GRD", "polarization": "VV", "delta_sigma0_db": -4.2, "district": "Puri", "classification": "Water Inundation"}}, {"type": "Feature", "geometry": {"type": "Polygon", "coordinates": [[[85.67507105467317, 19.721272008623792], [85.6894242223523, 19.721272008623792], [85.6894242223523, 19.734746676248662], [85.67507105467317, 19.734746676248662], [85.67507105467317, 19.721272008623792]]]}, "properties": {"sensor": "Sentinel-1 C-SAR IW GRD", "polarization": "VV", "delta_sigma0_db": -4.2, "district": "Puri", "classification": "Water Inundation"}}, {"type": "Feature", "geometry": {"type": "Polygon", "coordinates": [[[85.6894242223523, 19.721272008623792], [85.70377739003143, 19.721272008623792], [85.70377739003143, 19.734746676248662], [85.6894242223523, 19.734746676248662], [85.6894242223523, 19.721272008623792]]]}, "properties": {"sensor": "Sentinel-1 C-SAR IW GRD", "polarization": "VV", "delta_sigma0_db": -4.2, "district": "Puri", "classification": "Water Inundation"}}, {"type": "Feature", "geometry": {"type": "Polygon", "coordinates": [[[85.70377739003143, 19.721272008623792], [85.71813055771057, 19.721272008623792], [85.71813055771057, 19.734746676248662], [85.70377739003143, 19.734746676248662], [85.70377739003143, 19.721272008623792]]]}, "properties": {"sensor": "Sentinel-1 C-SAR IW GRD", "polarization": "VV", "delta_sigma0_db": -4.2, "district": "Puri", "classification": "Water Inundation"}}, {"type": "Feature", "geometry": {"type": "Polygon", "coordinates": [[[85.71813055771057, 19.721272008623792], [85.7324837253897, 19.721272008623792], [85.7324837253897, 19.734746676248662], [85.71813055771057, 19.734746676248662], [85.71813055771057, 19.721272008623792]]]}, "properties": {"sensor": "Sentinel-1 C-SAR IW GRD", "polarization": "VV", "delta_sigma0_db": -4.2, "district": "Puri", "classification": "Water Inundation"}}, {"type": "Feature", "geometry": {"type": "Polygon", "coordinates": [[[85.7324837253897, 19.721272008623792], [85.74683689306883, 19.721272008623792], [85.74683689306883, 19.734746676248662], [85.7324837253897, 19.734746676248662], [85.7324837253897, 19.721272008623792]]]}, "properties": {"sensor": "Sentinel-1 C-SAR IW GRD", "polarization": "VV", "delta_sigma0_db": -4.2, "district": "Puri", "classification": "Water Inundation"}}, {"type": "Feature", "geometry": {"type": "Polygon", "coordinates": [[[85.74683689306883, 19.721272008623792], [85.76119006074796, 19.721272008623792], [85.76119006074796, 19.734746676248662], [85.74683689306883, 19.734746676248662], [85.74683689306883, 19.721272008623792]]]}, "properties": {"sensor": "Sentinel-1 C-SAR IW GRD", "polarization": "VV", "delta_sigma0_db": -4.2, "district": "Puri", "classification": "Water Inundation"}}, {"type": "Feature", "geometry": {"type": "Polygon", "coordinates": [[[85.76119006074796, 19.721272008623792], [85.7755432284271, 19.721272008623792], [85.7755432284271, 19.734746676248662], [85.76119006074796, 19.734746676248662], [85.76119006074796, 19.721272008623792]]]}, "properties": {"sensor": "Sentinel-1 C-SAR IW GRD", "polarization": "VV", "delta_sigma0_db": -4.2, "district": "Puri", "classification": "Water Inundation"}}, {"type": "Feature", "geometry": {"type": "Polygon", "coordinates": [[[85.7755432284271, 19.721272008623792], [85.78989639610623, 19.721272008623792], [85.78989639610623, 19.734746676248662], [85.7755432284271, 19.734746676248662], [85.7755432284271, 19.721272008623792]]]}, "properties": {"sensor": "Sentinel-1 C-SAR IW GRD", "polarization": "VV", "delta_sigma0_db": -4.2, "district": "Puri", "classification": "Water Inundation"}}, {"type": "Feature", "geometry": {"type": "Polygon", "coordinates": [[[85.78989639610623, 19.721272008623792], [85.80424956378536, 19.721272008623792], [85.80424956378536, 19.734746676248662], [85.78989639610623, 19.734746676248662], [85.78989639610623, 19.721272008623792]]]}, "properties": {"sensor": "Sentinel-1 C-SAR IW GRD", "polarization": "VV", "delta_sigma0_db": -4.2, "district": "Puri", "classification": "Water Inundation"}}, {"type": "Feature", "geometry": {"type": "Polygon", "coordinates": [[[85.6463647193149, 19.734746676248662], [85.66071788699404, 19.734746676248662], [85.66071788699404, 19.748221343873524], [85.6463647193149, 19.748221343873524], [85.6463647193149, 19.734746676248662]]]}, "properties": {"sensor": "Sentinel-1 C-SAR IW GRD", "polarization": "VV", "delta_sigma0_db": -5.0, "district": "Puri", "classification": "Water Inundation"}}, {"type": "Feature", "geometry": {"type": "Polygon", "coordinates": [[[85.66071788699404, 19.734746676248662], [85.67507105467317, 19.734746676248662], [85.67507105467317, 19.748221343873524], [85.66071788699404, 19.748221343873524], [85.66071788699404, 19.734746676248662]]]}, "properties": {"sensor": "Sentinel-1 C-SAR IW GRD", "polarization": "VV", "delta_sigma0_db": -5.0, "district": "Puri", "classification": "Water Inundation"}}, {"type": "Feature", "geometry": {"type": "Polygon", "coordinates": [[[85.67507105467317, 19.734746676248662], [85.6894242223523, 19.734746676248662], [85.6894242223523, 19.748221343873524], [85.67507105467317, 19.748221343873524], [85.67507105467317, 19.734746676248662]]]}, "properties": {"sensor": "Sentinel-1 C-SAR IW GRD", "polarization": "VV", "delta_sigma0_db": -5.0, "district": "Puri", "classification": "Water Inundation"}}, {"type": "Feature", "geometry": {"type": "Polygon", "coordinates": [[[85.6894242223523, 19.734746676248662], [85.70377739003143, 19.734746676248662], [85.70377739003143, 19.748221343873524], [85.6894242223523, 19.748221343873524], [85.6894242223523, 19.734746676248662]]]}, "properties": {"sensor": "Sentinel-1 C-SAR IW GRD", "polarization": "VV", "delta_sigma0_db": -5.0, "district": "Puri", "classification": "Water Inundation"}}, {"type": "Feature", "geometry": {"type": "Polygon", "coordinates": [[[85.70377739003143, 19.734746676248662], [85.71813055771057, 19.734746676248662], [85.71813055771057, 19.748221343873524], [85.70377739003143, 19.748221343873524], [85.70377739003143, 19.734746676248662]]]}, "properties": {"sensor": "Sentinel-1 C-SAR IW GRD", "polarization": "VV", "delta_sigma0_db": -5.0, "district": "Puri", "classification": "Water Inundation"}}, {"type": "Feature", "geometry": {"type": "Polygon", "coordinates": [[[85.71813055771057, 19.734746676248662], [85.7324837253897, 19.734746676248662], [85.7324837253897, 19.748221343873524], [85.71813055771057, 19.748221343873524], [85.71813055771057, 19.734746676248662]]]}, "properties": {"sensor": "Sentinel-1 C-SAR IW GRD", "polarization": "VV", "delta_sigma0_db": -5.0, "district": "Puri", "classification": "Water Inundation"}}, {"type": "Feature", "geometry": {"type": "Polygon", "coordinates": [[[85.7324837253897, 19.734746676248662], [85.74683689306883, 19.734746676248662], [85.74683689306883, 19.748221343873524], [85.7324837253897, 19.748221343873524], [85.7324837253897, 19.734746676248662]]]}, "properties": {"sensor": "Sentinel-1 C-SAR IW GRD", "polarization": "VV", "delta_sigma0_db": -5.0, "district": "Puri", "classification": "Water Inundation"}}, {"type": "Feature", "geometry": {"type": "Polygon", "coordinates": [[[85.74683689306883, 19.734746676248662], [85.76119006074796, 19.734746676248662], [85.76119006074796, 19.748221343873524], [85.74683689306883, 19.748221343873524], [85.74683689306883, 19.734746676248662]]]}, "properties": {"sensor": "Sentinel-1 C-SAR IW GRD", "polarization": "VV", "delta_sigma0_db": -5.0, "district": "Puri", "classification": "Water Inundation"}}, {"type": "Feature", "geometry": {"type": "Polygon", "coordinates": [[[85.76119006074796, 19.734746676248662], [85.7755432284271, 19.734746676248662], [85.7755432284271, 19.748221343873524], [85.76119006074796, 19.748221343873524], [85.76119006074796, 19.734746676248662]]]}, "properties": {"sensor": "Sentinel-1 C-SAR IW GRD", "polarization": "VV", "delta_sigma0_db": -5.0, "district": "Puri", "classification": "Water Inundation"}}, {"type": "Feature", "geometry": {"type": "Polygon", "coordinates": [[[85.7755432284271, 19.734746676248662], [85.78989639610623, 19.734746676248662], [85.78989639610623, 19.748221343873524], [85.7755432284271, 19.748221343873524], [85.7755432284271, 19.734746676248662]]]}, "properties": {"sensor": "Sentinel-1 C-SAR IW GRD", "polarization": "VV", "delta_sigma0_db": -5.0, "district": "Puri", "classification": "Water Inundation"}}, {"type": "Feature", "geometry": {"type": "Polygon", "coordinates": [[[85.78989639610623, 19.734746676248662], [85.80424956378536, 19.734746676248662], [85.80424956378536, 19.748221343873524], [85.78989639610623, 19.748221343873524], [85.78989639610623, 19.734746676248662]]]}, "properties": {"sensor": "Sentinel-1 C-SAR IW GRD", "polarization": "VV", "delta_sigma0_db": -5.0, "district": "Puri", "classification": "Water Inundation"}}, {"type": "Feature", "geometry": {"type": "Polygon", "coordinates": [[[85.6463647193149, 19.748221343873524], [85.66071788699404, 19.748221343873524], [85.66071788699404, 19.761696011498394], [85.6463647193149, 19.761696011498394], [85.6463647193149, 19.748221343873524]]]}, "properties": {"sensor": "Sentinel-1 C-SAR IW GRD", "polarization": "VV", "delta_sigma0_db": -5.8, "district": "Puri", "classification": "Water Inundation"}}, {"type": "Feature", "geometry": {"type": "Polygon", "coordinates": [[[85.66071788699404, 19.748221343873524], [85.67507105467317, 19.748221343873524], [85.67507105467317, 19.761696011498394], [85.66071788699404, 19.761696011498394], [85.66071788699404, 19.748221343873524]]]}, "properties": {"sensor": "Sentinel-1 C-SAR IW GRD", "polarization": "VV", "delta_sigma0_db": -5.8, "district": "Puri", "classification": "Water Inundation"}}, {"type": "Feature", "geometry": {"type": "Polygon", "coordinates": [[[85.67507105467317, 19.748221343873524], [85.6894242223523, 19.748221343873524], [85.6894242223523, 19.761696011498394], [85.67507105467317, 19.761696011498394], [85.67507105467317, 19.748221343873524]]]}, "properties": {"sensor": "Sentinel-1 C-SAR IW GRD", "polarization": "VV", "delta_sigma0_db": -5.8, "district": "Puri", "classification": "Water Inundation"}}, {"type": "Feature", "geometry": {"type": "Polygon", "coordinates": [[[85.6894242223523, 19.748221343873524], [85.70377739003143, 19.748221343873524], [85.70377739003143, 19.761696011498394], [85.6894242223523, 19.761696011498394], [85.6894242223523, 19.748221343873524]]]}, "properties": {"sensor": "Sentinel-1 C-SAR IW GRD", "polarization": "VV", "delta_sigma0_db": -5.8, "district": "Puri", "classification": "Water Inundation"}}, {"type": "Feature", "geometry": {"type": "Polygon", "coordinates": [[[85.70377739003143, 19.748221343873524], [85.71813055771057, 19.748221343873524], [85.71813055771057, 19.761696011498394], [85.70377739003143, 19.761696011498394], [85.70377739003143, 19.748221343873524]]]}, "properties": {"sensor": "Sentinel-1 C-SAR IW GRD", "polarization": "VV", "delta_sigma0_db": -5.8, "district": "Puri", "classification": "Water Inundation"}}, {"type": "Feature", "geometry": {"type": "Polygon", "coordinates": [[[85.71813055771057, 19.748221343873524], [85.7324837253897, 19.748221343873524], [85.7324837253897, 19.761696011498394], [85.71813055771057, 19.761696011498394], [85.71813055771057, 19.748221343873524]]]}, "properties": {"sensor": "Sentinel-1 C-SAR IW GRD", "polarization": "VV", "delta_sigma0_db": -5.8, "district": "Puri", "classification": "Water Inundation"}}, {"type": "Feature", "geometry": {"type": "Polygon", "coordinates": [[[85.7324837253897, 19.748221343873524], [85.74683689306883, 19.748221343873524], [85.74683689306883, 19.761696011498394], [85.7324837253897, 19.761696011498394], [85.7324837253897, 19.748221343873524]]]}, "properties": {"sensor": "Sentinel-1 C-SAR IW GRD", "polarization": "VV", "delta_sigma0_db": -5.8, "district": "Puri", "classification": "Water Inundation"}}, {"type": "Feature", "geometry": {"type": "Polygon", "coordinates": [[[85.74683689306883, 19.748221343873524], [85.76119006074796, 19.748221343873524], [85.76119006074796, 19.761696011498394], [85.74683689306883, 19.761696011498394], [85.74683689306883, 19.748221343873524]]]}, "properties": {"sensor": "Sentinel-1 C-SAR IW GRD", "polarization": "VV", "delta_sigma0_db": -5.8, "district": "Puri", "classification": "Water Inundation"}}, {"type": "Feature", "geometry": {"type": "Polygon", "coordinates": [[[85.76119006074796, 19.748221343873524], [85.7755432284271, 19.748221343873524], [85.7755432284271, 19.761696011498394], [85.76119006074796, 19.761696011498394], [85.76119006074796, 19.748221343873524]]]}, "properties": {"sensor": "Sentinel-1 C-SAR IW GRD", "polarization": "VV", "delta_sigma0_db": -5.8, "district": "Puri", "classification": "Water Inundation"}}, {"type": "Feature", "geometry": {"type": "Polygon", "coordinates": [[[85.7755432284271, 19.748221343873524], [85.78989639610623, 19.748221343873524], [85.78989639610623, 19.761696011498394], [85.7755432284271, 19.761696011498394], [85.7755432284271, 19.748221343873524]]]}, "properties": {"sensor": "Sentinel-1 C-SAR IW GRD", "polarization": "VV", "delta_sigma0_db": -5.8, "district": "Puri", "classification": "Water Inundation"}}, {"type": "Feature", "geometry": {"type": "Polygon", "coordinates": [[[85.78989639610623, 19.748221343873524], [85.80424956378536, 19.748221343873524], [85.80424956378536, 19.761696011498394], [85.78989639610623, 19.761696011498394], [85.78989639610623, 19.748221343873524]]]}, "properties": {"sensor": "Sentinel-1 C-SAR IW GRD", "polarization": "VV", "delta_sigma0_db": -5.8, "district": "Puri", "classification": "Water Inundation"}}, {"type": "Feature", "geometry": {"type": "Polygon", "coordinates": [[[85.63201155163577, 19.761696011498394], [85.6463647193149, 19.761696011498394], [85.6463647193149, 19.775170679123256], [85.63201155163577, 19.775170679123256], [85.63201155163577, 19.761696011498394]]]}, "properties": {"sensor": "Sentinel-1 C-SAR IW GRD", "polarization": "VV", "delta_sigma0_db": -4.2, "district": "Puri", "classification": "Water Inundation"}}, {"type": "Feature", "geometry": {"type": "Polygon", "coordinates": [[[85.6463647193149, 19.761696011498394], [85.66071788699404, 19.761696011498394], [85.66071788699404, 19.775170679123256], [85.6463647193149, 19.775170679123256], [85.6463647193149, 19.761696011498394]]]}, "properties": {"sensor": "Sentinel-1 C-SAR IW GRD", "polarization": "VV", "delta_sigma0_db": -4.2, "district": "Puri", "classification": "Water Inundation"}}, {"type": "Feature", "geometry": {"type": "Polygon", "coordinates": [[[85.66071788699404, 19.761696011498394], [85.67507105467317, 19.761696011498394], [85.67507105467317, 19.775170679123256], [85.66071788699404, 19.775170679123256], [85.66071788699404, 19.761696011498394]]]}, "properties": {"sensor": "Sentinel-1 C-SAR IW GRD", "polarization": "VV", "delta_sigma0_db": -4.2, "district": "Puri", "classification": "Water Inundation"}}, {"type": "Feature", "geometry": {"type": "Polygon", "coordinates": [[[85.67507105467317, 19.761696011498394], [85.6894242223523, 19.761696011498394], [85.6894242223523, 19.775170679123256], [85.67507105467317, 19.775170679123256], [85.67507105467317, 19.761696011498394]]]}, "properties": {"sensor": "Sentinel-1 C-SAR IW GRD", "polarization": "VV", "delta_sigma0_db": -4.2, "district": "Puri", "classification": "Water Inundation"}}, {"type": "Feature", "geometry": {"type": "Polygon", "coordinates": [[[85.6894242223523, 19.761696011498394], [85.70377739003143, 19.761696011498394], [85.70377739003143, 19.775170679123256], [85.6894242223523, 19.775170679123256], [85.6894242223523, 19.761696011498394]]]}, "properties": {"sensor": "Sentinel-1 C-SAR IW GRD", "polarization": "VV", "delta_sigma0_db": -4.2, "district": "Puri", "classification": "Water Inundation"}}, {"type": "Feature", "geometry": {"type": "Polygon", "coordinates": [[[85.70377739003143, 19.761696011498394], [85.71813055771057, 19.761696011498394], [85.71813055771057, 19.775170679123256], [85.70377739003143, 19.775170679123256], [85.70377739003143, 19.761696011498394]]]}, "properties": {"sensor": "Sentinel-1 C-SAR IW GRD", "polarization": "VV", "delta_sigma0_db": -4.2, "district": "Puri", "classification": "Water Inundation"}}, {"type": "Feature", "geometry": {"type": "Polygon", "coordinates": [[[85.71813055771057, 19.761696011498394], [85.7324837253897, 19.761696011498394], [85.7324837253897, 19.775170679123256], [85.71813055771057, 19.775170679123256], [85.71813055771057, 19.761696011498394]]]}, "properties": {"sensor": "Sentinel-1 C-SAR IW GRD", "polarization": "VV", "delta_sigma0_db": -4.2, "district": "Puri", "classification": "Water Inundation"}}, {"type": "Feature", "geometry": {"type": "Polygon", "coordinates": [[[85.7324837253897, 19.761696011498394], [85.74683689306883, 19.761696011498394], [85.74683689306883, 19.775170679123256], [85.7324837253897, 19.775170679123256], [85.7324837253897, 19.761696011498394]]]}, "properties": {"sensor": "Sentinel-1 C-SAR IW GRD", "polarization": "VV", "delta_sigma0_db": -4.2, "district": "Puri", "classification": "Water Inundation"}}, {"type": "Feature", "geometry": {"type": "Polygon", "coordinates": [[[85.74683689306883, 19.761696011498394], [85.76119006074796, 19.761696011498394], [85.76119006074796, 19.775170679123256], [85.74683689306883, 19.775170679123256], [85.74683689306883, 19.761696011498394]]]}, "properties": {"sensor": "Sentinel-1 C-SAR IW GRD", "polarization": "VV", "delta_sigma0_db": -4.2, "district": "Puri", "classification": "Water Inundation"}}, {"type": "Feature", "geometry": {"type": "Polygon", "coordinates": [[[85.76119006074796, 19.761696011498394], [85.7755432284271, 19.761696011498394], [85.7755432284271, 19.775170679123256], [85.76119006074796, 19.775170679123256], [85.76119006074796, 19.761696011498394]]]}, "properties": {"sensor": "Sentinel-1 C-SAR IW GRD", "polarization": "VV", "delta_sigma0_db": -4.2, "district": "Puri", "classification": "Water Inundation"}}, {"type": "Feature", "geometry": {"type": "Polygon", "coordinates": [[[85.7755432284271, 19.761696011498394], [85.78989639610623, 19.761696011498394], [85.78989639610623, 19.775170679123256], [85.7755432284271, 19.775170679123256], [85.7755432284271, 19.761696011498394]]]}, "properties": {"sensor": "Sentinel-1 C-SAR IW GRD", "polarization": "VV", "delta_sigma0_db": -4.2, "district": "Puri", "classification": "Water Inundation"}}, {"type": "Feature", "geometry": {"type": "Polygon", "coordinates": [[[85.78989639610623, 19.761696011498394], [85.80424956378536, 19.761696011498394], [85.80424956378536, 19.775170679123256], [85.78989639610623, 19.775170679123256], [85.78989639610623, 19.761696011498394]]]}, "properties": {"sensor": "Sentinel-1 C-SAR IW GRD", "polarization": "VV", "delta_sigma0_db": -4.2, "district": "Puri", "classification": "Water Inundation"}}, {"type": "Feature", "geometry": {"type": "Polygon", "coordinates": [[[85.63201155163577, 19.775170679123256], [85.6463647193149, 19.775170679123256], [85.6463647193149, 19.788645346748126], [85.63201155163577, 19.788645346748126], [85.63201155163577, 19.775170679123256]]]}, "properties": {"sensor": "Sentinel-1 C-SAR IW GRD", "polarization": "VV", "delta_sigma0_db": -5.0, "district": "Puri", "classification": "Water Inundation"}}, {"type": "Feature", "geometry": {"type": "Polygon", "coordinates": [[[85.6463647193149, 19.775170679123256], [85.66071788699404, 19.775170679123256], [85.66071788699404, 19.788645346748126], [85.6463647193149, 19.788645346748126], [85.6463647193149, 19.775170679123256]]]}, "properties": {"sensor": "Sentinel-1 C-SAR IW GRD", "polarization": "VV", "delta_sigma0_db": -5.0, "district": "Puri", "classification": "Water Inundation"}}, {"type": "Feature", "geometry": {"type": "Polygon", "coordinates": [[[85.66071788699404, 19.775170679123256], [85.67507105467317, 19.775170679123256], [85.67507105467317, 19.788645346748126], [85.66071788699404, 19.788645346748126], [85.66071788699404, 19.775170679123256]]]}, "properties": {"sensor": "Sentinel-1 C-SAR IW GRD", "polarization": "VV", "delta_sigma0_db": -5.0, "district": "Puri", "classification": "Water Inundation"}}, {"type": "Feature", "geometry": {"type": "Polygon", "coordinates": [[[85.67507105467317, 19.775170679123256], [85.6894242223523, 19.775170679123256], [85.6894242223523, 19.788645346748126], [85.67507105467317, 19.788645346748126], [85.67507105467317, 19.775170679123256]]]}, "properties": {"sensor": "Sentinel-1 C-SAR IW GRD", "polarization": "VV", "delta_sigma0_db": -5.0, "district": "Puri", "classification": "Water Inundation"}}, {"type": "Feature", "geometry": {"type": "Polygon", "coordinates": [[[85.6894242223523, 19.775170679123256], [85.70377739003143, 19.775170679123256], [85.70377739003143, 19.788645346748126], [85.6894242223523, 19.788645346748126], [85.6894242223523, 19.775170679123256]]]}, "properties": {"sensor": "Sentinel-1 C-SAR IW GRD", "polarization": "VV", "delta_sigma0_db": -5.0, "district": "Puri", "classification": "Water Inundation"}}, {"type": "Feature", "geometry": {"type": "Polygon", "coordinates": [[[85.70377739003143, 19.775170679123256], [85.71813055771057, 19.775170679123256], [85.71813055771057, 19.788645346748126], [85.70377739003143, 19.788645346748126], [85.70377739003143, 19.775170679123256]]]}, "properties": {"sensor": "Sentinel-1 C-SAR IW GRD", "polarization": "VV", "delta_sigma0_db": -5.0, "district": "Puri", "classification": "Water Inundation"}}, {"type": "Feature", "geometry": {"type": "Polygon", "coordinates": [[[85.71813055771057, 19.775170679123256], [85.7324837253897, 19.775170679123256], [85.7324837253897, 19.788645346748126], [85.71813055771057, 19.788645346748126], [85.71813055771057, 19.775170679123256]]]}, "properties": {"sensor": "Sentinel-1 C-SAR IW GRD", "polarization": "VV", "delta_sigma0_db": -5.0, "district": "Puri", "classification": "Water Inundation"}}, {"type": "Feature", "geometry": {"type": "Polygon", "coordinates": [[[85.7324837253897, 19.775170679123256], [85.74683689306883, 19.775170679123256], [85.74683689306883, 19.788645346748126], [85.7324837253897, 19.788645346748126], [85.7324837253897, 19.775170679123256]]]}, "properties": {"sensor": "Sentinel-1 C-SAR IW GRD", "polarization": "VV", "delta_sigma0_db": -5.0, "district": "Puri", "classification": "Water Inundation"}}, {"type": "Feature", "geometry": {"type": "Polygon", "coordinates": [[[85.74683689306883, 19.775170679123256], [85.76119006074796, 19.775170679123256], [85.76119006074796, 19.788645346748126], [85.74683689306883, 19.788645346748126], [85.74683689306883, 19.775170679123256]]]}, "properties": {"sensor": "Sentinel-1 C-SAR IW GRD", "polarization": "VV", "delta_sigma0_db": -5.0, "district": "Puri", "classification": "Water Inundation"}}, {"type": "Feature", "geometry": {"type": "Polygon", "coordinates": [[[85.76119006074796, 19.775170679123256], [85.7755432284271, 19.775170679123256], [85.7755432284271, 19.788645346748126], [85.76119006074796, 19.788645346748126], [85.76119006074796, 19.775170679123256]]]}, "properties": {"sensor": "Sentinel-1 C-SAR IW GRD", "polarization": "VV", "delta_sigma0_db": -5.0, "district": "Puri", "classification": "Water Inundation"}}, {"type": "Feature", "geometry": {"type": "Polygon", "coordinates": [[[85.7755432284271, 19.775170679123256], [85.78989639610623, 19.775170679123256], [85.78989639610623, 19.788645346748126], [85.7755432284271, 19.788645346748126], [85.7755432284271, 19.775170679123256]]]}, "properties": {"sensor": "Sentinel-1 C-SAR IW GRD", "polarization": "VV", "delta_sigma0_db": -5.0, "district": "Puri", "classification": "Water Inundation"}}, {"type": "Feature", "geometry": {"type": "Polygon", "coordinates": [[[85.78989639610623, 19.775170679123256], [85.80424956378536, 19.775170679123256], [85.80424956378536, 19.788645346748126], [85.78989639610623, 19.788645346748126], [85.78989639610623, 19.775170679123256]]]}, "properties": {"sensor": "Sentinel-1 C-SAR IW GRD", "polarization": "VV", "delta_sigma0_db": -5.0, "district": "Puri", "classification": "Water Inundation"}}, {"type": "Feature", "geometry": {"type": "Polygon", "coordinates": [[[85.80424956378536, 19.775170679123256], [85.8186027314645, 19.775170679123256], [85.8186027314645, 19.788645346748126], [85.80424956378536, 19.788645346748126], [85.80424956378536, 19.775170679123256]]]}, "properties": {"sensor": "Sentinel-1 C-SAR IW GRD", "polarization": "VV", "delta_sigma0_db": -5.0, "district": "Puri", "classification": "Water Inundation"}}, {"type": "Feature", "geometry": {"type": "Polygon", "coordinates": [[[85.8186027314645, 19.775170679123256], [85.83295589914363, 19.775170679123256], [85.83295589914363, 19.788645346748126], [85.8186027314645, 19.788645346748126], [85.8186027314645, 19.775170679123256]]]}, "properties": {"sensor": "Sentinel-1 C-SAR IW GRD", "polarization": "VV", "delta_sigma0_db": -5.0, "district": "Puri", "classification": "Water Inundation"}}, {"type": "Feature", "geometry": {"type": "Polygon", "coordinates": [[[85.83295589914363, 19.775170679123256], [85.84730906682276, 19.775170679123256], [85.84730906682276, 19.788645346748126], [85.83295589914363, 19.788645346748126], [85.83295589914363, 19.775170679123256]]]}, "properties": {"sensor": "Sentinel-1 C-SAR IW GRD", "polarization": "VV", "delta_sigma0_db": -5.0, "district": "Puri", "classification": "Water Inundation"}}, {"type": "Feature", "geometry": {"type": "Polygon", "coordinates": [[[85.84730906682276, 19.775170679123256], [85.86166223450189, 19.775170679123256], [85.86166223450189, 19.788645346748126], [85.84730906682276, 19.788645346748126], [85.84730906682276, 19.775170679123256]]]}, "properties": {"sensor": "Sentinel-1 C-SAR IW GRD", "polarization": "VV", "delta_sigma0_db": -5.0, "district": "Puri", "classification": "Water Inundation"}}, {"type": "Feature", "geometry": {"type": "Polygon", "coordinates": [[[85.86166223450189, 19.775170679123256], [85.87601540218103, 19.775170679123256], [85.87601540218103, 19.788645346748126], [85.86166223450189, 19.788645346748126], [85.86166223450189, 19.775170679123256]]]}, "properties": {"sensor": "Sentinel-1 C-SAR IW GRD", "polarization": "VV", "delta_sigma0_db": -5.0, "district": "Puri", "classification": "Water Inundation"}}, {"type": "Feature", "geometry": {"type": "Polygon", "coordinates": [[[85.87601540218103, 19.775170679123256], [85.89036856986016, 19.775170679123256], [85.89036856986016, 19.788645346748126], [85.87601540218103, 19.788645346748126], [85.87601540218103, 19.775170679123256]]]}, "properties": {"sensor": "Sentinel-1 C-SAR IW GRD", "polarization": "VV", "delta_sigma0_db": -5.0, "district": "Puri", "classification": "Water Inundation"}}, {"type": "Feature", "geometry": {"type": "Polygon", "coordinates": [[[85.89036856986016, 19.775170679123256], [85.90472173753929, 19.775170679123256], [85.90472173753929, 19.788645346748126], [85.89036856986016, 19.788645346748126], [85.89036856986016, 19.775170679123256]]]}, "properties": {"sensor": "Sentinel-1 C-SAR IW GRD", "polarization": "VV", "delta_sigma0_db": -5.0, "district": "Puri", "classification": "Water Inundation"}}, {"type": "Feature", "geometry": {"type": "Polygon", "coordinates": [[[85.90472173753929, 19.775170679123256], [85.91907490521842, 19.775170679123256], [85.91907490521842, 19.788645346748126], [85.90472173753929, 19.788645346748126], [85.90472173753929, 19.775170679123256]]]}, "properties": {"sensor": "Sentinel-1 C-SAR IW GRD", "polarization": "VV", "delta_sigma0_db": -5.0, "district": "Puri", "classification": "Water Inundation"}}, {"type": "Feature", "geometry": {"type": "Polygon", "coordinates": [[[85.91907490521842, 19.775170679123256], [85.93342807289756, 19.775170679123256], [85.93342807289756, 19.788645346748126], [85.91907490521842, 19.788645346748126], [85.91907490521842, 19.775170679123256]]]}, "properties": {"sensor": "Sentinel-1 C-SAR IW GRD", "polarization": "VV", "delta_sigma0_db": -5.0, "district": "Puri", "classification": "Water Inundation"}}, {"type": "Feature", "geometry": {"type": "Polygon", "coordinates": [[[85.93342807289756, 19.775170679123256], [85.94778124057669, 19.775170679123256], [85.94778124057669, 19.788645346748126], [85.93342807289756, 19.788645346748126], [85.93342807289756, 19.775170679123256]]]}, "properties": {"sensor": "Sentinel-1 C-SAR IW GRD", "polarization": "VV", "delta_sigma0_db": -5.0, "district": "Puri", "classification": "Water Inundation"}}, {"type": "Feature", "geometry": {"type": "Polygon", "coordinates": [[[85.94778124057669, 19.775170679123256], [85.96213440825582, 19.775170679123256], [85.96213440825582, 19.788645346748126], [85.94778124057669, 19.788645346748126], [85.94778124057669, 19.775170679123256]]]}, "properties": {"sensor": "Sentinel-1 C-SAR IW GRD", "polarization": "VV", "delta_sigma0_db": -5.0, "district": "Puri", "classification": "Water Inundation"}}, {"type": "Feature", "geometry": {"type": "Polygon", "coordinates": [[[85.96213440825582, 19.775170679123256], [85.97648757593495, 19.775170679123256], [85.97648757593495, 19.788645346748126], [85.96213440825582, 19.788645346748126], [85.96213440825582, 19.775170679123256]]]}, "properties": {"sensor": "Sentinel-1 C-SAR IW GRD", "polarization": "VV", "delta_sigma0_db": -5.0, "district": "Puri", "classification": "Water Inundation"}}, {"type": "Feature", "geometry": {"type": "Polygon", "coordinates": [[[85.97648757593495, 19.775170679123256], [85.99084074361409, 19.775170679123256], [85.99084074361409, 19.788645346748126], [85.97648757593495, 19.788645346748126], [85.97648757593495, 19.775170679123256]]]}, "properties": {"sensor": "Sentinel-1 C-SAR IW GRD", "polarization": "VV", "delta_sigma0_db": -5.0, "district": "Puri", "classification": "Water Inundation"}}, {"type": "Feature", "geometry": {"type": "Polygon", "coordinates": [[[85.99084074361409, 19.775170679123256], [86.00519391129322, 19.775170679123256], [86.00519391129322, 19.788645346748126], [85.99084074361409, 19.788645346748126], [85.99084074361409, 19.775170679123256]]]}, "properties": {"sensor": "Sentinel-1 C-SAR IW GRD", "polarization": "VV", "delta_sigma0_db": -5.0, "district": "Puri", "classification": "Water Inundation"}}, {"type": "Feature", "geometry": {"type": "Polygon", "coordinates": [[[86.00519391129322, 19.775170679123256], [86.01954707897235, 19.775170679123256], [86.01954707897235, 19.788645346748126], [86.00519391129322, 19.788645346748126], [86.00519391129322, 19.775170679123256]]]}, "properties": {"sensor": "Sentinel-1 C-SAR IW GRD", "polarization": "VV", "delta_sigma0_db": -5.0, "district": "Puri", "classification": "Water Inundation"}}, {"type": "Feature", "geometry": {"type": "Polygon", "coordinates": [[[85.63201155163577, 19.788645346748126], [85.6463647193149, 19.788645346748126], [85.6463647193149, 19.80212001437299], [85.63201155163577, 19.80212001437299], [85.63201155163577, 19.788645346748126]]]}, "properties": {"sensor": "Sentinel-1 C-SAR IW GRD", "polarization": "VV", "delta_sigma0_db": -5.8, "district": "Puri", "classification": "Water Inundation"}}, {"type": "Feature", "geometry": {"type": "Polygon", "coordinates": [[[85.6463647193149, 19.788645346748126], [85.66071788699404, 19.788645346748126], [85.66071788699404, 19.80212001437299], [85.6463647193149, 19.80212001437299], [85.6463647193149, 19.788645346748126]]]}, "properties": {"sensor": "Sentinel-1 C-SAR IW GRD", "polarization": "VV", "delta_sigma0_db": -5.8, "district": "Puri", "classification": "Water Inundation"}}, {"type": "Feature", "geometry": {"type": "Polygon", "coordinates": [[[85.66071788699404, 19.788645346748126], [85.67507105467317, 19.788645346748126], [85.67507105467317, 19.80212001437299], [85.66071788699404, 19.80212001437299], [85.66071788699404, 19.788645346748126]]]}, "properties": {"sensor": "Sentinel-1 C-SAR IW GRD", "polarization": "VV", "delta_sigma0_db": -5.8, "district": "Puri", "classification": "Water Inundation"}}, {"type": "Feature", "geometry": {"type": "Polygon", "coordinates": [[[85.67507105467317, 19.788645346748126], [85.6894242223523, 19.788645346748126], [85.6894242223523, 19.80212001437299], [85.67507105467317, 19.80212001437299], [85.67507105467317, 19.788645346748126]]]}, "properties": {"sensor": "Sentinel-1 C-SAR IW GRD", "polarization": "VV", "delta_sigma0_db": -5.8, "district": "Puri", "classification": "Water Inundation"}}, {"type": "Feature", "geometry": {"type": "Polygon", "coordinates": [[[85.70377739003143, 19.788645346748126], [85.71813055771057, 19.788645346748126], [85.71813055771057, 19.80212001437299], [85.70377739003143, 19.80212001437299], [85.70377739003143, 19.788645346748126]]]}, "properties": {"sensor": "Sentinel-1 C-SAR IW GRD", "polarization": "VV", "delta_sigma0_db": -5.8, "district": "Puri", "classification": "Water Inundation"}}, {"type": "Feature", "geometry": {"type": "Polygon", "coordinates": [[[85.71813055771057, 19.788645346748126], [85.7324837253897, 19.788645346748126], [85.7324837253897, 19.80212001437299], [85.71813055771057, 19.80212001437299], [85.71813055771057, 19.788645346748126]]]}, "properties": {"sensor": "Sentinel-1 C-SAR IW GRD", "polarization": "VV", "delta_sigma0_db": -5.8, "district": "Puri", "classification": "Water Inundation"}}, {"type": "Feature", "geometry": {"type": "Polygon", "coordinates": [[[85.7324837253897, 19.788645346748126], [85.74683689306883, 19.788645346748126], [85.74683689306883, 19.80212001437299], [85.7324837253897, 19.80212001437299], [85.7324837253897, 19.788645346748126]]]}, "properties": {"sensor": "Sentinel-1 C-SAR IW GRD", "polarization": "VV", "delta_sigma0_db": -5.8, "district": "Puri", "classification": "Water Inundation"}}, {"type": "Feature", "geometry": {"type": "Polygon", "coordinates": [[[85.74683689306883, 19.788645346748126], [85.76119006074796, 19.788645346748126], [85.76119006074796, 19.80212001437299], [85.74683689306883, 19.80212001437299], [85.74683689306883, 19.788645346748126]]]}, "properties": {"sensor": "Sentinel-1 C-SAR IW GRD", "polarization": "VV", "delta_sigma0_db": -5.8, "district": "Puri", "classification": "Water Inundation"}}, {"type": "Feature", "geometry": {"type": "Polygon", "coordinates": [[[85.7755432284271, 19.788645346748126], [85.78989639610623, 19.788645346748126], [85.78989639610623, 19.80212001437299], [85.7755432284271, 19.80212001437299], [85.7755432284271, 19.788645346748126]]]}, "properties": {"sensor": "Sentinel-1 C-SAR IW GRD", "polarization": "VV", "delta_sigma0_db": -5.8, "district": "Puri", "classification": "Water Inundation"}}, {"type": "Feature", "geometry": {"type": "Polygon", "coordinates": [[[85.78989639610623, 19.788645346748126], [85.80424956378536, 19.788645346748126], [85.80424956378536, 19.80212001437299], [85.78989639610623, 19.80212001437299], [85.78989639610623, 19.788645346748126]]]}, "properties": {"sensor": "Sentinel-1 C-SAR IW GRD", "polarization": "VV", "delta_sigma0_db": -5.8, "district": "Puri", "classification": "Water Inundation"}}, {"type": "Feature", "geometry": {"type": "Polygon", "coordinates": [[[85.80424956378536, 19.788645346748126], [85.8186027314645, 19.788645346748126], [85.8186027314645, 19.80212001437299], [85.80424956378536, 19.80212001437299], [85.80424956378536, 19.788645346748126]]]}, "properties": {"sensor": "Sentinel-1 C-SAR IW GRD", "polarization": "VV", "delta_sigma0_db": -5.8, "district": "Puri", "classification": "Water Inundation"}}, {"type": "Feature", "geometry": {"type": "Polygon", "coordinates": [[[85.8186027314645, 19.788645346748126], [85.83295589914363, 19.788645346748126], [85.83295589914363, 19.80212001437299], [85.8186027314645, 19.80212001437299], [85.8186027314645, 19.788645346748126]]]}, "properties": {"sensor": "Sentinel-1 C-SAR IW GRD", "polarization": "VV", "delta_sigma0_db": -5.8, "district": "Puri", "classification": "Water Inundation"}}, {"type": "Feature", "geometry": {"type": "Polygon", "coordinates": [[[85.84730906682276, 19.788645346748126], [85.86166223450189, 19.788645346748126], [85.86166223450189, 19.80212001437299], [85.84730906682276, 19.80212001437299], [85.84730906682276, 19.788645346748126]]]}, "properties": {"sensor": "Sentinel-1 C-SAR IW GRD", "polarization": "VV", "delta_sigma0_db": -5.8, "district": "Puri", "classification": "Water Inundation"}}, {"type": "Feature", "geometry": {"type": "Polygon", "coordinates": [[[85.86166223450189, 19.788645346748126], [85.87601540218103, 19.788645346748126], [85.87601540218103, 19.80212001437299], [85.86166223450189, 19.80212001437299], [85.86166223450189, 19.788645346748126]]]}, "properties": {"sensor": "Sentinel-1 C-SAR IW GRD", "polarization": "VV", "delta_sigma0_db": -5.8, "district": "Puri", "classification": "Water Inundation"}}, {"type": "Feature", "geometry": {"type": "Polygon", "coordinates": [[[85.87601540218103, 19.788645346748126], [85.89036856986016, 19.788645346748126], [85.89036856986016, 19.80212001437299], [85.87601540218103, 19.80212001437299], [85.87601540218103, 19.788645346748126]]]}, "properties": {"sensor": "Sentinel-1 C-SAR IW GRD", "polarization": "VV", "delta_sigma0_db": -5.8, "district": "Puri", "classification": "Water Inundation"}}, {"type": "Feature", "geometry": {"type": "Polygon", "coordinates": [[[85.89036856986016, 19.788645346748126], [85.90472173753929, 19.788645346748126], [85.90472173753929, 19.80212001437299], [85.89036856986016, 19.80212001437299], [85.89036856986016, 19.788645346748126]]]}, "properties": {"sensor": "Sentinel-1 C-SAR IW GRD", "polarization": "VV", "delta_sigma0_db": -5.8, "district": "Puri", "classification": "Water Inundation"}}, {"type": "Feature", "geometry": {"type": "Polygon", "coordinates": [[[85.91907490521842, 19.788645346748126], [85.93342807289756, 19.788645346748126], [85.93342807289756, 19.80212001437299], [85.91907490521842, 19.80212001437299], [85.91907490521842, 19.788645346748126]]]}, "properties": {"sensor": "Sentinel-1 C-SAR IW GRD", "polarization": "VV", "delta_sigma0_db": -5.8, "district": "Puri", "classification": "Water Inundation"}}, {"type": "Feature", "geometry": {"type": "Polygon", "coordinates": [[[85.93342807289756, 19.788645346748126], [85.94778124057669, 19.788645346748126], [85.94778124057669, 19.80212001437299], [85.93342807289756, 19.80212001437299], [85.93342807289756, 19.788645346748126]]]}, "properties": {"sensor": "Sentinel-1 C-SAR IW GRD", "polarization": "VV", "delta_sigma0_db": -5.8, "district": "Puri", "classification": "Water Inundation"}}, {"type": "Feature", "geometry": {"type": "Polygon", "coordinates": [[[85.94778124057669, 19.788645346748126], [85.96213440825582, 19.788645346748126], [85.96213440825582, 19.80212001437299], [85.94778124057669, 19.80212001437299], [85.94778124057669, 19.788645346748126]]]}, "properties": {"sensor": "Sentinel-1 C-SAR IW GRD", "polarization": "VV", "delta_sigma0_db": -5.8, "district": "Puri", "classification": "Water Inundation"}}, {"type": "Feature", "geometry": {"type": "Polygon", "coordinates": [[[85.96213440825582, 19.788645346748126], [85.97648757593495, 19.788645346748126], [85.97648757593495, 19.80212001437299], [85.96213440825582, 19.80212001437299], [85.96213440825582, 19.788645346748126]]]}, "properties": {"sensor": "Sentinel-1 C-SAR IW GRD", "polarization": "VV", "delta_sigma0_db": -5.8, "district": "Puri", "classification": "Water Inundation"}}, {"type": "Feature", "geometry": {"type": "Polygon", "coordinates": [[[85.99084074361409, 19.788645346748126], [86.00519391129322, 19.788645346748126], [86.00519391129322, 19.80212001437299], [85.99084074361409, 19.80212001437299], [85.99084074361409, 19.788645346748126]]]}, "properties": {"sensor": "Sentinel-1 C-SAR IW GRD", "polarization": "VV", "delta_sigma0_db": -5.8, "district": "Puri", "classification": "Water Inundation"}}, {"type": "Feature", "geometry": {"type": "Polygon", "coordinates": [[[86.00519391129322, 19.788645346748126], [86.01954707897235, 19.788645346748126], [86.01954707897235, 19.80212001437299], [86.00519391129322, 19.80212001437299], [86.00519391129322, 19.788645346748126]]]}, "properties": {"sensor": "Sentinel-1 C-SAR IW GRD", "polarization": "VV", "delta_sigma0_db": -5.8, "district": "Puri", "classification": "Water Inundation"}}, {"type": "Feature", "geometry": {"type": "Polygon", "coordinates": [[[85.63201155163577, 19.80212001437299], [85.6463647193149, 19.80212001437299], [85.6463647193149, 19.815594681997858], [85.63201155163577, 19.815594681997858], [85.63201155163577, 19.80212001437299]]]}, "properties": {"sensor": "Sentinel-1 C-SAR IW GRD", "polarization": "VV", "delta_sigma0_db": -4.2, "district": "Puri", "classification": "Water Inundation"}}, {"type": "Feature", "geometry": {"type": "Polygon", "coordinates": [[[85.6463647193149, 19.80212001437299], [85.66071788699404, 19.80212001437299], [85.66071788699404, 19.815594681997858], [85.6463647193149, 19.815594681997858], [85.6463647193149, 19.80212001437299]]]}, "properties": {"sensor": "Sentinel-1 C-SAR IW GRD", "polarization": "VV", "delta_sigma0_db": -4.2, "district": "Puri", "classification": "Water Inundation"}}, {"type": "Feature", "geometry": {"type": "Polygon", "coordinates": [[[85.66071788699404, 19.80212001437299], [85.67507105467317, 19.80212001437299], [85.67507105467317, 19.815594681997858], [85.66071788699404, 19.815594681997858], [85.66071788699404, 19.80212001437299]]]}, "properties": {"sensor": "Sentinel-1 C-SAR IW GRD", "polarization": "VV", "delta_sigma0_db": -4.2, "district": "Puri", "classification": "Water Inundation"}}, {"type": "Feature", "geometry": {"type": "Polygon", "coordinates": [[[85.67507105467317, 19.80212001437299], [85.6894242223523, 19.80212001437299], [85.6894242223523, 19.815594681997858], [85.67507105467317, 19.815594681997858], [85.67507105467317, 19.80212001437299]]]}, "properties": {"sensor": "Sentinel-1 C-SAR IW GRD", "polarization": "VV", "delta_sigma0_db": -4.2, "district": "Puri", "classification": "Water Inundation"}}, {"type": "Feature", "geometry": {"type": "Polygon", "coordinates": [[[85.6894242223523, 19.80212001437299], [85.70377739003143, 19.80212001437299], [85.70377739003143, 19.815594681997858], [85.6894242223523, 19.815594681997858], [85.6894242223523, 19.80212001437299]]]}, "properties": {"sensor": "Sentinel-1 C-SAR IW GRD", "polarization": "VV", "delta_sigma0_db": -4.2, "district": "Puri", "classification": "Water Inundation"}}, {"type": "Feature", "geometry": {"type": "Polygon", "coordinates": [[[85.70377739003143, 19.80212001437299], [85.71813055771057, 19.80212001437299], [85.71813055771057, 19.815594681997858], [85.70377739003143, 19.815594681997858], [85.70377739003143, 19.80212001437299]]]}, "properties": {"sensor": "Sentinel-1 C-SAR IW GRD", "polarization": "VV", "delta_sigma0_db": -4.2, "district": "Puri", "classification": "Water Inundation"}}, {"type": "Feature", "geometry": {"type": "Polygon", "coordinates": [[[85.71813055771057, 19.80212001437299], [85.7324837253897, 19.80212001437299], [85.7324837253897, 19.815594681997858], [85.71813055771057, 19.815594681997858], [85.71813055771057, 19.80212001437299]]]}, "properties": {"sensor": "Sentinel-1 C-SAR IW GRD", "polarization": "VV", "delta_sigma0_db": -4.2, "district": "Puri", "classification": "Water Inundation"}}, {"type": "Feature", "geometry": {"type": "Polygon", "coordinates": [[[85.7324837253897, 19.80212001437299], [85.74683689306883, 19.80212001437299], [85.74683689306883, 19.815594681997858], [85.7324837253897, 19.815594681997858], [85.7324837253897, 19.80212001437299]]]}, "properties": {"sensor": "Sentinel-1 C-SAR IW GRD", "polarization": "VV", "delta_sigma0_db": -4.2, "district": "Puri", "classification": "Water Inundation"}}, {"type": "Feature", "geometry": {"type": "Polygon", "coordinates": [[[85.74683689306883, 19.80212001437299], [85.76119006074796, 19.80212001437299], [85.76119006074796, 19.815594681997858], [85.74683689306883, 19.815594681997858], [85.74683689306883, 19.80212001437299]]]}, "properties": {"sensor": "Sentinel-1 C-SAR IW GRD", "polarization": "VV", "delta_sigma0_db": -4.2, "district": "Puri", "classification": "Water Inundation"}}, {"type": "Feature", "geometry": {"type": "Polygon", "coordinates": [[[85.76119006074796, 19.80212001437299], [85.7755432284271, 19.80212001437299], [85.7755432284271, 19.815594681997858], [85.76119006074796, 19.815594681997858], [85.76119006074796, 19.80212001437299]]]}, "properties": {"sensor": "Sentinel-1 C-SAR IW GRD", "polarization": "VV", "delta_sigma0_db": -4.2, "district": "Puri", "classification": "Water Inundation"}}, {"type": "Feature", "geometry": {"type": "Polygon", "coordinates": [[[85.7755432284271, 19.80212001437299], [85.78989639610623, 19.80212001437299], [85.78989639610623, 19.815594681997858], [85.7755432284271, 19.815594681997858], [85.7755432284271, 19.80212001437299]]]}, "properties": {"sensor": "Sentinel-1 C-SAR IW GRD", "polarization": "VV", "delta_sigma0_db": -4.2, "district": "Puri", "classification": "Water Inundation"}}, {"type": "Feature", "geometry": {"type": "Polygon", "coordinates": [[[85.78989639610623, 19.80212001437299], [85.80424956378536, 19.80212001437299], [85.80424956378536, 19.815594681997858], [85.78989639610623, 19.815594681997858], [85.78989639610623, 19.80212001437299]]]}, "properties": {"sensor": "Sentinel-1 C-SAR IW GRD", "polarization": "VV", "delta_sigma0_db": -4.2, "district": "Puri", "classification": "Water Inundation"}}, {"type": "Feature", "geometry": {"type": "Polygon", "coordinates": [[[85.80424956378536, 19.80212001437299], [85.8186027314645, 19.80212001437299], [85.8186027314645, 19.815594681997858], [85.80424956378536, 19.815594681997858], [85.80424956378536, 19.80212001437299]]]}, "properties": {"sensor": "Sentinel-1 C-SAR IW GRD", "polarization": "VV", "delta_sigma0_db": -4.2, "district": "Puri", "classification": "Water Inundation"}}, {"type": "Feature", "geometry": {"type": "Polygon", "coordinates": [[[85.8186027314645, 19.80212001437299], [85.83295589914363, 19.80212001437299], [85.83295589914363, 19.815594681997858], [85.8186027314645, 19.815594681997858], [85.8186027314645, 19.80212001437299]]]}, "properties": {"sensor": "Sentinel-1 C-SAR IW GRD", "polarization": "VV", "delta_sigma0_db": -4.2, "district": "Puri", "classification": "Water Inundation"}}, {"type": "Feature", "geometry": {"type": "Polygon", "coordinates": [[[85.83295589914363, 19.80212001437299], [85.84730906682276, 19.80212001437299], [85.84730906682276, 19.815594681997858], [85.83295589914363, 19.815594681997858], [85.83295589914363, 19.80212001437299]]]}, "properties": {"sensor": "Sentinel-1 C-SAR IW GRD", "polarization": "VV", "delta_sigma0_db": -4.2, "district": "Puri", "classification": "Water Inundation"}}, {"type": "Feature", "geometry": {"type": "Polygon", "coordinates": [[[85.84730906682276, 19.80212001437299], [85.86166223450189, 19.80212001437299], [85.86166223450189, 19.815594681997858], [85.84730906682276, 19.815594681997858], [85.84730906682276, 19.80212001437299]]]}, "properties": {"sensor": "Sentinel-1 C-SAR IW GRD", "polarization": "VV", "delta_sigma0_db": -4.2, "district": "Puri", "classification": "Water Inundation"}}, {"type": "Feature", "geometry": {"type": "Polygon", "coordinates": [[[85.86166223450189, 19.80212001437299], [85.87601540218103, 19.80212001437299], [85.87601540218103, 19.815594681997858], [85.86166223450189, 19.815594681997858], [85.86166223450189, 19.80212001437299]]]}, "properties": {"sensor": "Sentinel-1 C-SAR IW GRD", "polarization": "VV", "delta_sigma0_db": -4.2, "district": "Puri", "classification": "Water Inundation"}}, {"type": "Feature", "geometry": {"type": "Polygon", "coordinates": [[[85.87601540218103, 19.80212001437299], [85.89036856986016, 19.80212001437299], [85.89036856986016, 19.815594681997858], [85.87601540218103, 19.815594681997858], [85.87601540218103, 19.80212001437299]]]}, "properties": {"sensor": "Sentinel-1 C-SAR IW GRD", "polarization": "VV", "delta_sigma0_db": -4.2, "district": "Puri", "classification": "Water Inundation"}}, {"type": "Feature", "geometry": {"type": "Polygon", "coordinates": [[[85.89036856986016, 19.80212001437299], [85.90472173753929, 19.80212001437299], [85.90472173753929, 19.815594681997858], [85.89036856986016, 19.815594681997858], [85.89036856986016, 19.80212001437299]]]}, "properties": {"sensor": "Sentinel-1 C-SAR IW GRD", "polarization": "VV", "delta_sigma0_db": -4.2, "district": "Puri", "classification": "Water Inundation"}}, {"type": "Feature", "geometry": {"type": "Polygon", "coordinates": [[[85.90472173753929, 19.80212001437299], [85.91907490521842, 19.80212001437299], [85.91907490521842, 19.815594681997858], [85.90472173753929, 19.815594681997858], [85.90472173753929, 19.80212001437299]]]}, "properties": {"sensor": "Sentinel-1 C-SAR IW GRD", "polarization": "VV", "delta_sigma0_db": -4.2, "district": "Puri", "classification": "Water Inundation"}}, {"type": "Feature", "geometry": {"type": "Polygon", "coordinates": [[[85.91907490521842, 19.80212001437299], [85.93342807289756, 19.80212001437299], [85.93342807289756, 19.815594681997858], [85.91907490521842, 19.815594681997858], [85.91907490521842, 19.80212001437299]]]}, "properties": {"sensor": "Sentinel-1 C-SAR IW GRD", "polarization": "VV", "delta_sigma0_db": -4.2, "district": "Puri", "classification": "Water Inundation"}}, {"type": "Feature", "geometry": {"type": "Polygon", "coordinates": [[[85.93342807289756, 19.80212001437299], [85.94778124057669, 19.80212001437299], [85.94778124057669, 19.815594681997858], [85.93342807289756, 19.815594681997858], [85.93342807289756, 19.80212001437299]]]}, "properties": {"sensor": "Sentinel-1 C-SAR IW GRD", "polarization": "VV", "delta_sigma0_db": -4.2, "district": "Puri", "classification": "Water Inundation"}}, {"type": "Feature", "geometry": {"type": "Polygon", "coordinates": [[[85.94778124057669, 19.80212001437299], [85.96213440825582, 19.80212001437299], [85.96213440825582, 19.815594681997858], [85.94778124057669, 19.815594681997858], [85.94778124057669, 19.80212001437299]]]}, "properties": {"sensor": "Sentinel-1 C-SAR IW GRD", "polarization": "VV", "delta_sigma0_db": -4.2, "district": "Puri", "classification": "Water Inundation"}}, {"type": "Feature", "geometry": {"type": "Polygon", "coordinates": [[[85.96213440825582, 19.80212001437299], [85.97648757593495, 19.80212001437299], [85.97648757593495, 19.815594681997858], [85.96213440825582, 19.815594681997858], [85.96213440825582, 19.80212001437299]]]}, "properties": {"sensor": "Sentinel-1 C-SAR IW GRD", "polarization": "VV", "delta_sigma0_db": -4.2, "district": "Puri", "classification": "Water Inundation"}}, {"type": "Feature", "geometry": {"type": "Polygon", "coordinates": [[[85.97648757593495, 19.80212001437299], [85.99084074361409, 19.80212001437299], [85.99084074361409, 19.815594681997858], [85.97648757593495, 19.815594681997858], [85.97648757593495, 19.80212001437299]]]}, "properties": {"sensor": "Sentinel-1 C-SAR IW GRD", "polarization": "VV", "delta_sigma0_db": -4.2, "district": "Puri", "classification": "Water Inundation"}}, {"type": "Feature", "geometry": {"type": "Polygon", "coordinates": [[[85.99084074361409, 19.80212001437299], [86.00519391129322, 19.80212001437299], [86.00519391129322, 19.815594681997858], [85.99084074361409, 19.815594681997858], [85.99084074361409, 19.80212001437299]]]}, "properties": {"sensor": "Sentinel-1 C-SAR IW GRD", "polarization": "VV", "delta_sigma0_db": -4.2, "district": "Puri", "classification": "Water Inundation"}}, {"type": "Feature", "geometry": {"type": "Polygon", "coordinates": [[[86.00519391129322, 19.80212001437299], [86.01954707897235, 19.80212001437299], [86.01954707897235, 19.815594681997858], [86.00519391129322, 19.815594681997858], [86.00519391129322, 19.80212001437299]]]}, "properties": {"sensor": "Sentinel-1 C-SAR IW GRD", "polarization": "VV", "delta_sigma0_db": -4.2, "district": "Puri", "classification": "Water Inundation"}}, {"type": "Feature", "geometry": {"type": "Polygon", "coordinates": [[[85.63201155163577, 19.815594681997858], [85.6463647193149, 19.815594681997858], [85.6463647193149, 19.82906934962272], [85.63201155163577, 19.82906934962272], [85.63201155163577, 19.815594681997858]]]}, "properties": {"sensor": "Sentinel-1 C-SAR IW GRD", "polarization": "VV", "delta_sigma0_db": -5.0, "district": "Puri", "classification": "Water Inundation"}}, {"type": "Feature", "geometry": {"type": "Polygon", "coordinates": [[[85.6463647193149, 19.815594681997858], [85.66071788699404, 19.815594681997858], [85.66071788699404, 19.82906934962272], [85.6463647193149, 19.82906934962272], [85.6463647193149, 19.815594681997858]]]}, "properties": {"sensor": "Sentinel-1 C-SAR IW GRD", "polarization": "VV", "delta_sigma0_db": -5.0, "district": "Puri", "classification": "Water Inundation"}}, {"type": "Feature", "geometry": {"type": "Polygon", "coordinates": [[[85.66071788699404, 19.815594681997858], [85.67507105467317, 19.815594681997858], [85.67507105467317, 19.82906934962272], [85.66071788699404, 19.82906934962272], [85.66071788699404, 19.815594681997858]]]}, "properties": {"sensor": "Sentinel-1 C-SAR IW GRD", "polarization": "VV", "delta_sigma0_db": -5.0, "district": "Puri", "classification": "Water Inundation"}}, {"type": "Feature", "geometry": {"type": "Polygon", "coordinates": [[[85.67507105467317, 19.815594681997858], [85.6894242223523, 19.815594681997858], [85.6894242223523, 19.82906934962272], [85.67507105467317, 19.82906934962272], [85.67507105467317, 19.815594681997858]]]}, "properties": {"sensor": "Sentinel-1 C-SAR IW GRD", "polarization": "VV", "delta_sigma0_db": -5.0, "district": "Puri", "classification": "Water Inundation"}}, {"type": "Feature", "geometry": {"type": "Polygon", "coordinates": [[[85.6894242223523, 19.815594681997858], [85.70377739003143, 19.815594681997858], [85.70377739003143, 19.82906934962272], [85.6894242223523, 19.82906934962272], [85.6894242223523, 19.815594681997858]]]}, "properties": {"sensor": "Sentinel-1 C-SAR IW GRD", "polarization": "VV", "delta_sigma0_db": -5.0, "district": "Puri", "classification": "Water Inundation"}}, {"type": "Feature", "geometry": {"type": "Polygon", "coordinates": [[[85.70377739003143, 19.815594681997858], [85.71813055771057, 19.815594681997858], [85.71813055771057, 19.82906934962272], [85.70377739003143, 19.82906934962272], [85.70377739003143, 19.815594681997858]]]}, "properties": {"sensor": "Sentinel-1 C-SAR IW GRD", "polarization": "VV", "delta_sigma0_db": -5.0, "district": "Puri", "classification": "Water Inundation"}}, {"type": "Feature", "geometry": {"type": "Polygon", "coordinates": [[[85.71813055771057, 19.815594681997858], [85.7324837253897, 19.815594681997858], [85.7324837253897, 19.82906934962272], [85.71813055771057, 19.82906934962272], [85.71813055771057, 19.815594681997858]]]}, "properties": {"sensor": "Sentinel-1 C-SAR IW GRD", "polarization": "VV", "delta_sigma0_db": -5.0, "district": "Puri", "classification": "Water Inundation"}}, {"type": "Feature", "geometry": {"type": "Polygon", "coordinates": [[[85.7324837253897, 19.815594681997858], [85.74683689306883, 19.815594681997858], [85.74683689306883, 19.82906934962272], [85.7324837253897, 19.82906934962272], [85.7324837253897, 19.815594681997858]]]}, "properties": {"sensor": "Sentinel-1 C-SAR IW GRD", "polarization": "VV", "delta_sigma0_db": -5.0, "district": "Puri", "classification": "Water Inundation"}}, {"type": "Feature", "geometry": {"type": "Polygon", "coordinates": [[[85.74683689306883, 19.815594681997858], [85.76119006074796, 19.815594681997858], [85.76119006074796, 19.82906934962272], [85.74683689306883, 19.82906934962272], [85.74683689306883, 19.815594681997858]]]}, "properties": {"sensor": "Sentinel-1 C-SAR IW GRD", "polarization": "VV", "delta_sigma0_db": -5.0, "district": "Puri", "classification": "Water Inundation"}}, {"type": "Feature", "geometry": {"type": "Polygon", "coordinates": [[[85.76119006074796, 19.815594681997858], [85.7755432284271, 19.815594681997858], [85.7755432284271, 19.82906934962272], [85.76119006074796, 19.82906934962272], [85.76119006074796, 19.815594681997858]]]}, "properties": {"sensor": "Sentinel-1 C-SAR IW GRD", "polarization": "VV", "delta_sigma0_db": -5.0, "district": "Puri", "classification": "Water Inundation"}}, {"type": "Feature", "geometry": {"type": "Polygon", "coordinates": [[[85.7755432284271, 19.815594681997858], [85.78989639610623, 19.815594681997858], [85.78989639610623, 19.82906934962272], [85.7755432284271, 19.82906934962272], [85.7755432284271, 19.815594681997858]]]}, "properties": {"sensor": "Sentinel-1 C-SAR IW GRD", "polarization": "VV", "delta_sigma0_db": -5.0, "district": "Puri", "classification": "Water Inundation"}}, {"type": "Feature", "geometry": {"type": "Polygon", "coordinates": [[[85.78989639610623, 19.815594681997858], [85.80424956378536, 19.815594681997858], [85.80424956378536, 19.82906934962272], [85.78989639610623, 19.82906934962272], [85.78989639610623, 19.815594681997858]]]}, "properties": {"sensor": "Sentinel-1 C-SAR IW GRD", "polarization": "VV", "delta_sigma0_db": -5.0, "district": "Puri", "classification": "Water Inundation"}}, {"type": "Feature", "geometry": {"type": "Polygon", "coordinates": [[[85.80424956378536, 19.815594681997858], [85.8186027314645, 19.815594681997858], [85.8186027314645, 19.82906934962272], [85.80424956378536, 19.82906934962272], [85.80424956378536, 19.815594681997858]]]}, "properties": {"sensor": "Sentinel-1 C-SAR IW GRD", "polarization": "VV", "delta_sigma0_db": -5.0, "district": "Puri", "classification": "Water Inundation"}}, {"type": "Feature", "geometry": {"type": "Polygon", "coordinates": [[[85.8186027314645, 19.815594681997858], [85.83295589914363, 19.815594681997858], [85.83295589914363, 19.82906934962272], [85.8186027314645, 19.82906934962272], [85.8186027314645, 19.815594681997858]]]}, "properties": {"sensor": "Sentinel-1 C-SAR IW GRD", "polarization": "VV", "delta_sigma0_db": -5.0, "district": "Puri", "classification": "Water Inundation"}}, {"type": "Feature", "geometry": {"type": "Polygon", "coordinates": [[[85.83295589914363, 19.815594681997858], [85.84730906682276, 19.815594681997858], [85.84730906682276, 19.82906934962272], [85.83295589914363, 19.82906934962272], [85.83295589914363, 19.815594681997858]]]}, "properties": {"sensor": "Sentinel-1 C-SAR IW GRD", "polarization": "VV", "delta_sigma0_db": -5.0, "district": "Puri", "classification": "Water Inundation"}}, {"type": "Feature", "geometry": {"type": "Polygon", "coordinates": [[[85.84730906682276, 19.815594681997858], [85.86166223450189, 19.815594681997858], [85.86166223450189, 19.82906934962272], [85.84730906682276, 19.82906934962272], [85.84730906682276, 19.815594681997858]]]}, "properties": {"sensor": "Sentinel-1 C-SAR IW GRD", "polarization": "VV", "delta_sigma0_db": -5.0, "district": "Puri", "classification": "Water Inundation"}}, {"type": "Feature", "geometry": {"type": "Polygon", "coordinates": [[[85.86166223450189, 19.815594681997858], [85.87601540218103, 19.815594681997858], [85.87601540218103, 19.82906934962272], [85.86166223450189, 19.82906934962272], [85.86166223450189, 19.815594681997858]]]}, "properties": {"sensor": "Sentinel-1 C-SAR IW GRD", "polarization": "VV", "delta_sigma0_db": -5.0, "district": "Puri", "classification": "Water Inundation"}}, {"type": "Feature", "geometry": {"type": "Polygon", "coordinates": [[[85.87601540218103, 19.815594681997858], [85.89036856986016, 19.815594681997858], [85.89036856986016, 19.82906934962272], [85.87601540218103, 19.82906934962272], [85.87601540218103, 19.815594681997858]]]}, "properties": {"sensor": "Sentinel-1 C-SAR IW GRD", "polarization": "VV", "delta_sigma0_db": -5.0, "district": "Puri", "classification": "Water Inundation"}}, {"type": "Feature", "geometry": {"type": "Polygon", "coordinates": [[[85.89036856986016, 19.815594681997858], [85.90472173753929, 19.815594681997858], [85.90472173753929, 19.82906934962272], [85.89036856986016, 19.82906934962272], [85.89036856986016, 19.815594681997858]]]}, "properties": {"sensor": "Sentinel-1 C-SAR IW GRD", "polarization": "VV", "delta_sigma0_db": -5.0, "district": "Puri", "classification": "Water Inundation"}}, {"type": "Feature", "geometry": {"type": "Polygon", "coordinates": [[[85.90472173753929, 19.815594681997858], [85.91907490521842, 19.815594681997858], [85.91907490521842, 19.82906934962272], [85.90472173753929, 19.82906934962272], [85.90472173753929, 19.815594681997858]]]}, "properties": {"sensor": "Sentinel-1 C-SAR IW GRD", "polarization": "VV", "delta_sigma0_db": -5.0, "district": "Puri", "classification": "Water Inundation"}}, {"type": "Feature", "geometry": {"type": "Polygon", "coordinates": [[[85.91907490521842, 19.815594681997858], [85.93342807289756, 19.815594681997858], [85.93342807289756, 19.82906934962272], [85.91907490521842, 19.82906934962272], [85.91907490521842, 19.815594681997858]]]}, "properties": {"sensor": "Sentinel-1 C-SAR IW GRD", "polarization": "VV", "delta_sigma0_db": -5.0, "district": "Puri", "classification": "Water Inundation"}}, {"type": "Feature", "geometry": {"type": "Polygon", "coordinates": [[[85.93342807289756, 19.815594681997858], [85.94778124057669, 19.815594681997858], [85.94778124057669, 19.82906934962272], [85.93342807289756, 19.82906934962272], [85.93342807289756, 19.815594681997858]]]}, "properties": {"sensor": "Sentinel-1 C-SAR IW GRD", "polarization": "VV", "delta_sigma0_db": -5.0, "district": "Puri", "classification": "Water Inundation"}}, {"type": "Feature", "geometry": {"type": "Polygon", "coordinates": [[[85.94778124057669, 19.815594681997858], [85.96213440825582, 19.815594681997858], [85.96213440825582, 19.82906934962272], [85.94778124057669, 19.82906934962272], [85.94778124057669, 19.815594681997858]]]}, "properties": {"sensor": "Sentinel-1 C-SAR IW GRD", "polarization": "VV", "delta_sigma0_db": -5.0, "district": "Puri", "classification": "Water Inundation"}}, {"type": "Feature", "geometry": {"type": "Polygon", "coordinates": [[[85.96213440825582, 19.815594681997858], [85.97648757593495, 19.815594681997858], [85.97648757593495, 19.82906934962272], [85.96213440825582, 19.82906934962272], [85.96213440825582, 19.815594681997858]]]}, "properties": {"sensor": "Sentinel-1 C-SAR IW GRD", "polarization": "VV", "delta_sigma0_db": -5.0, "district": "Puri", "classification": "Water Inundation"}}, {"type": "Feature", "geometry": {"type": "Polygon", "coordinates": [[[85.97648757593495, 19.815594681997858], [85.99084074361409, 19.815594681997858], [85.99084074361409, 19.82906934962272], [85.97648757593495, 19.82906934962272], [85.97648757593495, 19.815594681997858]]]}, "properties": {"sensor": "Sentinel-1 C-SAR IW GRD", "polarization": "VV", "delta_sigma0_db": -5.0, "district": "Puri", "classification": "Water Inundation"}}, {"type": "Feature", "geometry": {"type": "Polygon", "coordinates": [[[85.99084074361409, 19.815594681997858], [86.00519391129322, 19.815594681997858], [86.00519391129322, 19.82906934962272], [85.99084074361409, 19.82906934962272], [85.99084074361409, 19.815594681997858]]]}, "properties": {"sensor": "Sentinel-1 C-SAR IW GRD", "polarization": "VV", "delta_sigma0_db": -5.0, "district": "Puri", "classification": "Water Inundation"}}, {"type": "Feature", "geometry": {"type": "Polygon", "coordinates": [[[86.00519391129322, 19.815594681997858], [86.01954707897235, 19.815594681997858], [86.01954707897235, 19.82906934962272], [86.00519391129322, 19.82906934962272], [86.00519391129322, 19.815594681997858]]]}, "properties": {"sensor": "Sentinel-1 C-SAR IW GRD", "polarization": "VV", "delta_sigma0_db": -5.0, "district": "Puri", "classification": "Water Inundation"}}, {"type": "Feature", "geometry": {"type": "Polygon", "coordinates": [[[85.63201155163577, 19.82906934962272], [85.6463647193149, 19.82906934962272], [85.6463647193149, 19.84254401724759], [85.63201155163577, 19.84254401724759], [85.63201155163577, 19.82906934962272]]]}, "properties": {"sensor": "Sentinel-1 C-SAR IW GRD", "polarization": "VV", "delta_sigma0_db": -5.8, "district": "Puri", "classification": "Water Inundation"}}, {"type": "Feature", "geometry": {"type": "Polygon", "coordinates": [[[85.6463647193149, 19.82906934962272], [85.66071788699404, 19.82906934962272], [85.66071788699404, 19.84254401724759], [85.6463647193149, 19.84254401724759], [85.6463647193149, 19.82906934962272]]]}, "properties": {"sensor": "Sentinel-1 C-SAR IW GRD", "polarization": "VV", "delta_sigma0_db": -5.8, "district": "Puri", "classification": "Water Inundation"}}, {"type": "Feature", "geometry": {"type": "Polygon", "coordinates": [[[85.66071788699404, 19.82906934962272], [85.67507105467317, 19.82906934962272], [85.67507105467317, 19.84254401724759], [85.66071788699404, 19.84254401724759], [85.66071788699404, 19.82906934962272]]]}, "properties": {"sensor": "Sentinel-1 C-SAR IW GRD", "polarization": "VV", "delta_sigma0_db": -5.8, "district": "Puri", "classification": "Water Inundation"}}, {"type": "Feature", "geometry": {"type": "Polygon", "coordinates": [[[85.67507105467317, 19.82906934962272], [85.6894242223523, 19.82906934962272], [85.6894242223523, 19.84254401724759], [85.67507105467317, 19.84254401724759], [85.67507105467317, 19.82906934962272]]]}, "properties": {"sensor": "Sentinel-1 C-SAR IW GRD", "polarization": "VV", "delta_sigma0_db": -5.8, "district": "Puri", "classification": "Water Inundation"}}, {"type": "Feature", "geometry": {"type": "Polygon", "coordinates": [[[85.6894242223523, 19.82906934962272], [85.70377739003143, 19.82906934962272], [85.70377739003143, 19.84254401724759], [85.6894242223523, 19.84254401724759], [85.6894242223523, 19.82906934962272]]]}, "properties": {"sensor": "Sentinel-1 C-SAR IW GRD", "polarization": "VV", "delta_sigma0_db": -5.8, "district": "Puri", "classification": "Water Inundation"}}, {"type": "Feature", "geometry": {"type": "Polygon", "coordinates": [[[85.70377739003143, 19.82906934962272], [85.71813055771057, 19.82906934962272], [85.71813055771057, 19.84254401724759], [85.70377739003143, 19.84254401724759], [85.70377739003143, 19.82906934962272]]]}, "properties": {"sensor": "Sentinel-1 C-SAR IW GRD", "polarization": "VV", "delta_sigma0_db": -5.8, "district": "Puri", "classification": "Water Inundation"}}, {"type": "Feature", "geometry": {"type": "Polygon", "coordinates": [[[85.71813055771057, 19.82906934962272], [85.7324837253897, 19.82906934962272], [85.7324837253897, 19.84254401724759], [85.71813055771057, 19.84254401724759], [85.71813055771057, 19.82906934962272]]]}, "properties": {"sensor": "Sentinel-1 C-SAR IW GRD", "polarization": "VV", "delta_sigma0_db": -5.8, "district": "Puri", "classification": "Water Inundation"}}, {"type": "Feature", "geometry": {"type": "Polygon", "coordinates": [[[85.7324837253897, 19.82906934962272], [85.74683689306883, 19.82906934962272], [85.74683689306883, 19.84254401724759], [85.7324837253897, 19.84254401724759], [85.7324837253897, 19.82906934962272]]]}, "properties": {"sensor": "Sentinel-1 C-SAR IW GRD", "polarization": "VV", "delta_sigma0_db": -5.8, "district": "Puri", "classification": "Water Inundation"}}, {"type": "Feature", "geometry": {"type": "Polygon", "coordinates": [[[85.74683689306883, 19.82906934962272], [85.76119006074796, 19.82906934962272], [85.76119006074796, 19.84254401724759], [85.74683689306883, 19.84254401724759], [85.74683689306883, 19.82906934962272]]]}, "properties": {"sensor": "Sentinel-1 C-SAR IW GRD", "polarization": "VV", "delta_sigma0_db": -5.8, "district": "Puri", "classification": "Water Inundation"}}, {"type": "Feature", "geometry": {"type": "Polygon", "coordinates": [[[85.76119006074796, 19.82906934962272], [85.7755432284271, 19.82906934962272], [85.7755432284271, 19.84254401724759], [85.76119006074796, 19.84254401724759], [85.76119006074796, 19.82906934962272]]]}, "properties": {"sensor": "Sentinel-1 C-SAR IW GRD", "polarization": "VV", "delta_sigma0_db": -5.8, "district": "Puri", "classification": "Water Inundation"}}, {"type": "Feature", "geometry": {"type": "Polygon", "coordinates": [[[85.7755432284271, 19.82906934962272], [85.78989639610623, 19.82906934962272], [85.78989639610623, 19.84254401724759], [85.7755432284271, 19.84254401724759], [85.7755432284271, 19.82906934962272]]]}, "properties": {"sensor": "Sentinel-1 C-SAR IW GRD", "polarization": "VV", "delta_sigma0_db": -5.8, "district": "Puri", "classification": "Water Inundation"}}, {"type": "Feature", "geometry": {"type": "Polygon", "coordinates": [[[85.78989639610623, 19.82906934962272], [85.80424956378536, 19.82906934962272], [85.80424956378536, 19.84254401724759], [85.78989639610623, 19.84254401724759], [85.78989639610623, 19.82906934962272]]]}, "properties": {"sensor": "Sentinel-1 C-SAR IW GRD", "polarization": "VV", "delta_sigma0_db": -5.8, "district": "Puri", "classification": "Water Inundation"}}, {"type": "Feature", "geometry": {"type": "Polygon", "coordinates": [[[85.80424956378536, 19.82906934962272], [85.8186027314645, 19.82906934962272], [85.8186027314645, 19.84254401724759], [85.80424956378536, 19.84254401724759], [85.80424956378536, 19.82906934962272]]]}, "properties": {"sensor": "Sentinel-1 C-SAR IW GRD", "polarization": "VV", "delta_sigma0_db": -5.8, "district": "Puri", "classification": "Water Inundation"}}, {"type": "Feature", "geometry": {"type": "Polygon", "coordinates": [[[85.8186027314645, 19.82906934962272], [85.83295589914363, 19.82906934962272], [85.83295589914363, 19.84254401724759], [85.8186027314645, 19.84254401724759], [85.8186027314645, 19.82906934962272]]]}, "properties": {"sensor": "Sentinel-1 C-SAR IW GRD", "polarization": "VV", "delta_sigma0_db": -5.8, "district": "Puri", "classification": "Water Inundation"}}, {"type": "Feature", "geometry": {"type": "Polygon", "coordinates": [[[85.83295589914363, 19.82906934962272], [85.84730906682276, 19.82906934962272], [85.84730906682276, 19.84254401724759], [85.83295589914363, 19.84254401724759], [85.83295589914363, 19.82906934962272]]]}, "properties": {"sensor": "Sentinel-1 C-SAR IW GRD", "polarization": "VV", "delta_sigma0_db": -5.8, "district": "Puri", "classification": "Water Inundation"}}, {"type": "Feature", "geometry": {"type": "Polygon", "coordinates": [[[85.84730906682276, 19.82906934962272], [85.86166223450189, 19.82906934962272], [85.86166223450189, 19.84254401724759], [85.84730906682276, 19.84254401724759], [85.84730906682276, 19.82906934962272]]]}, "properties": {"sensor": "Sentinel-1 C-SAR IW GRD", "polarization": "VV", "delta_sigma0_db": -5.8, "district": "Puri", "classification": "Water Inundation"}}, {"type": "Feature", "geometry": {"type": "Polygon", "coordinates": [[[85.86166223450189, 19.82906934962272], [85.87601540218103, 19.82906934962272], [85.87601540218103, 19.84254401724759], [85.86166223450189, 19.84254401724759], [85.86166223450189, 19.82906934962272]]]}, "properties": {"sensor": "Sentinel-1 C-SAR IW GRD", "polarization": "VV", "delta_sigma0_db": -5.8, "district": "Puri", "classification": "Water Inundation"}}, {"type": "Feature", "geometry": {"type": "Polygon", "coordinates": [[[85.87601540218103, 19.82906934962272], [85.89036856986016, 19.82906934962272], [85.89036856986016, 19.84254401724759], [85.87601540218103, 19.84254401724759], [85.87601540218103, 19.82906934962272]]]}, "properties": {"sensor": "Sentinel-1 C-SAR IW GRD", "polarization": "VV", "delta_sigma0_db": -5.8, "district": "Puri", "classification": "Water Inundation"}}, {"type": "Feature", "geometry": {"type": "Polygon", "coordinates": [[[85.89036856986016, 19.82906934962272], [85.90472173753929, 19.82906934962272], [85.90472173753929, 19.84254401724759], [85.89036856986016, 19.84254401724759], [85.89036856986016, 19.82906934962272]]]}, "properties": {"sensor": "Sentinel-1 C-SAR IW GRD", "polarization": "VV", "delta_sigma0_db": -5.8, "district": "Puri", "classification": "Water Inundation"}}, {"type": "Feature", "geometry": {"type": "Polygon", "coordinates": [[[85.90472173753929, 19.82906934962272], [85.91907490521842, 19.82906934962272], [85.91907490521842, 19.84254401724759], [85.90472173753929, 19.84254401724759], [85.90472173753929, 19.82906934962272]]]}, "properties": {"sensor": "Sentinel-1 C-SAR IW GRD", "polarization": "VV", "delta_sigma0_db": -5.8, "district": "Puri", "classification": "Water Inundation"}}, {"type": "Feature", "geometry": {"type": "Polygon", "coordinates": [[[85.91907490521842, 19.82906934962272], [85.93342807289756, 19.82906934962272], [85.93342807289756, 19.84254401724759], [85.91907490521842, 19.84254401724759], [85.91907490521842, 19.82906934962272]]]}, "properties": {"sensor": "Sentinel-1 C-SAR IW GRD", "polarization": "VV", "delta_sigma0_db": -5.8, "district": "Puri", "classification": "Water Inundation"}}, {"type": "Feature", "geometry": {"type": "Polygon", "coordinates": [[[85.93342807289756, 19.82906934962272], [85.94778124057669, 19.82906934962272], [85.94778124057669, 19.84254401724759], [85.93342807289756, 19.84254401724759], [85.93342807289756, 19.82906934962272]]]}, "properties": {"sensor": "Sentinel-1 C-SAR IW GRD", "polarization": "VV", "delta_sigma0_db": -5.8, "district": "Puri", "classification": "Water Inundation"}}, {"type": "Feature", "geometry": {"type": "Polygon", "coordinates": [[[85.94778124057669, 19.82906934962272], [85.96213440825582, 19.82906934962272], [85.96213440825582, 19.84254401724759], [85.94778124057669, 19.84254401724759], [85.94778124057669, 19.82906934962272]]]}, "properties": {"sensor": "Sentinel-1 C-SAR IW GRD", "polarization": "VV", "delta_sigma0_db": -5.8, "district": "Puri", "classification": "Water Inundation"}}, {"type": "Feature", "geometry": {"type": "Polygon", "coordinates": [[[85.96213440825582, 19.82906934962272], [85.97648757593495, 19.82906934962272], [85.97648757593495, 19.84254401724759], [85.96213440825582, 19.84254401724759], [85.96213440825582, 19.82906934962272]]]}, "properties": {"sensor": "Sentinel-1 C-SAR IW GRD", "polarization": "VV", "delta_sigma0_db": -5.8, "district": "Puri", "classification": "Water Inundation"}}, {"type": "Feature", "geometry": {"type": "Polygon", "coordinates": [[[85.97648757593495, 19.82906934962272], [85.99084074361409, 19.82906934962272], [85.99084074361409, 19.84254401724759], [85.97648757593495, 19.84254401724759], [85.97648757593495, 19.82906934962272]]]}, "properties": {"sensor": "Sentinel-1 C-SAR IW GRD", "polarization": "VV", "delta_sigma0_db": -5.8, "district": "Puri", "classification": "Water Inundation"}}, {"type": "Feature", "geometry": {"type": "Polygon", "coordinates": [[[85.99084074361409, 19.82906934962272], [86.00519391129322, 19.82906934962272], [86.00519391129322, 19.84254401724759], [85.99084074361409, 19.84254401724759], [85.99084074361409, 19.82906934962272]]]}, "properties": {"sensor": "Sentinel-1 C-SAR IW GRD", "polarization": "VV", "delta_sigma0_db": -5.8, "district": "Puri", "classification": "Water Inundation"}}, {"type": "Feature", "geometry": {"type": "Polygon", "coordinates": [[[86.00519391129322, 19.82906934962272], [86.01954707897235, 19.82906934962272], [86.01954707897235, 19.84254401724759], [86.00519391129322, 19.84254401724759], [86.00519391129322, 19.82906934962272]]]}, "properties": {"sensor": "Sentinel-1 C-SAR IW GRD", "polarization": "VV", "delta_sigma0_db": -5.8, "district": "Puri", "classification": "Water Inundation"}}, {"type": "Feature", "geometry": {"type": "Polygon", "coordinates": [[[85.6463647193149, 19.84254401724759], [85.66071788699404, 19.84254401724759], [85.66071788699404, 19.856018684872453], [85.6463647193149, 19.856018684872453], [85.6463647193149, 19.84254401724759]]]}, "properties": {"sensor": "Sentinel-1 C-SAR IW GRD", "polarization": "VV", "delta_sigma0_db": -4.2, "district": "Puri", "classification": "Water Inundation"}}, {"type": "Feature", "geometry": {"type": "Polygon", "coordinates": [[[85.66071788699404, 19.84254401724759], [85.67507105467317, 19.84254401724759], [85.67507105467317, 19.856018684872453], [85.66071788699404, 19.856018684872453], [85.66071788699404, 19.84254401724759]]]}, "properties": {"sensor": "Sentinel-1 C-SAR IW GRD", "polarization": "VV", "delta_sigma0_db": -4.2, "district": "Puri", "classification": "Water Inundation"}}, {"type": "Feature", "geometry": {"type": "Polygon", "coordinates": [[[85.67507105467317, 19.84254401724759], [85.6894242223523, 19.84254401724759], [85.6894242223523, 19.856018684872453], [85.67507105467317, 19.856018684872453], [85.67507105467317, 19.84254401724759]]]}, "properties": {"sensor": "Sentinel-1 C-SAR IW GRD", "polarization": "VV", "delta_sigma0_db": -4.2, "district": "Puri", "classification": "Water Inundation"}}, {"type": "Feature", "geometry": {"type": "Polygon", "coordinates": [[[85.6894242223523, 19.84254401724759], [85.70377739003143, 19.84254401724759], [85.70377739003143, 19.856018684872453], [85.6894242223523, 19.856018684872453], [85.6894242223523, 19.84254401724759]]]}, "properties": {"sensor": "Sentinel-1 C-SAR IW GRD", "polarization": "VV", "delta_sigma0_db": -4.2, "district": "Puri", "classification": "Water Inundation"}}, {"type": "Feature", "geometry": {"type": "Polygon", "coordinates": [[[85.70377739003143, 19.84254401724759], [85.71813055771057, 19.84254401724759], [85.71813055771057, 19.856018684872453], [85.70377739003143, 19.856018684872453], [85.70377739003143, 19.84254401724759]]]}, "properties": {"sensor": "Sentinel-1 C-SAR IW GRD", "polarization": "VV", "delta_sigma0_db": -4.2, "district": "Puri", "classification": "Water Inundation"}}, {"type": "Feature", "geometry": {"type": "Polygon", "coordinates": [[[85.71813055771057, 19.84254401724759], [85.7324837253897, 19.84254401724759], [85.7324837253897, 19.856018684872453], [85.71813055771057, 19.856018684872453], [85.71813055771057, 19.84254401724759]]]}, "properties": {"sensor": "Sentinel-1 C-SAR IW GRD", "polarization": "VV", "delta_sigma0_db": -4.2, "district": "Puri", "classification": "Water Inundation"}}, {"type": "Feature", "geometry": {"type": "Polygon", "coordinates": [[[85.7324837253897, 19.84254401724759], [85.74683689306883, 19.84254401724759], [85.74683689306883, 19.856018684872453], [85.7324837253897, 19.856018684872453], [85.7324837253897, 19.84254401724759]]]}, "properties": {"sensor": "Sentinel-1 C-SAR IW GRD", "polarization": "VV", "delta_sigma0_db": -4.2, "district": "Puri", "classification": "Water Inundation"}}, {"type": "Feature", "geometry": {"type": "Polygon", "coordinates": [[[85.74683689306883, 19.84254401724759], [85.76119006074796, 19.84254401724759], [85.76119006074796, 19.856018684872453], [85.74683689306883, 19.856018684872453], [85.74683689306883, 19.84254401724759]]]}, "properties": {"sensor": "Sentinel-1 C-SAR IW GRD", "polarization": "VV", "delta_sigma0_db": -4.2, "district": "Puri", "classification": "Water Inundation"}}, {"type": "Feature", "geometry": {"type": "Polygon", "coordinates": [[[85.76119006074796, 19.84254401724759], [85.7755432284271, 19.84254401724759], [85.7755432284271, 19.856018684872453], [85.76119006074796, 19.856018684872453], [85.76119006074796, 19.84254401724759]]]}, "properties": {"sensor": "Sentinel-1 C-SAR IW GRD", "polarization": "VV", "delta_sigma0_db": -4.2, "district": "Puri", "classification": "Water Inundation"}}, {"type": "Feature", "geometry": {"type": "Polygon", "coordinates": [[[85.7755432284271, 19.84254401724759], [85.78989639610623, 19.84254401724759], [85.78989639610623, 19.856018684872453], [85.7755432284271, 19.856018684872453], [85.7755432284271, 19.84254401724759]]]}, "properties": {"sensor": "Sentinel-1 C-SAR IW GRD", "polarization": "VV", "delta_sigma0_db": -4.2, "district": "Puri", "classification": "Water Inundation"}}, {"type": "Feature", "geometry": {"type": "Polygon", "coordinates": [[[85.78989639610623, 19.84254401724759], [85.80424956378536, 19.84254401724759], [85.80424956378536, 19.856018684872453], [85.78989639610623, 19.856018684872453], [85.78989639610623, 19.84254401724759]]]}, "properties": {"sensor": "Sentinel-1 C-SAR IW GRD", "polarization": "VV", "delta_sigma0_db": -4.2, "district": "Puri", "classification": "Water Inundation"}}, {"type": "Feature", "geometry": {"type": "Polygon", "coordinates": [[[85.80424956378536, 19.84254401724759], [85.8186027314645, 19.84254401724759], [85.8186027314645, 19.856018684872453], [85.80424956378536, 19.856018684872453], [85.80424956378536, 19.84254401724759]]]}, "properties": {"sensor": "Sentinel-1 C-SAR IW GRD", "polarization": "VV", "delta_sigma0_db": -4.2, "district": "Puri", "classification": "Water Inundation"}}, {"type": "Feature", "geometry": {"type": "Polygon", "coordinates": [[[85.8186027314645, 19.84254401724759], [85.83295589914363, 19.84254401724759], [85.83295589914363, 19.856018684872453], [85.8186027314645, 19.856018684872453], [85.8186027314645, 19.84254401724759]]]}, "properties": {"sensor": "Sentinel-1 C-SAR IW GRD", "polarization": "VV", "delta_sigma0_db": -4.2, "district": "Puri", "classification": "Water Inundation"}}, {"type": "Feature", "geometry": {"type": "Polygon", "coordinates": [[[85.83295589914363, 19.84254401724759], [85.84730906682276, 19.84254401724759], [85.84730906682276, 19.856018684872453], [85.83295589914363, 19.856018684872453], [85.83295589914363, 19.84254401724759]]]}, "properties": {"sensor": "Sentinel-1 C-SAR IW GRD", "polarization": "VV", "delta_sigma0_db": -4.2, "district": "Puri", "classification": "Water Inundation"}}, {"type": "Feature", "geometry": {"type": "Polygon", "coordinates": [[[85.84730906682276, 19.84254401724759], [85.86166223450189, 19.84254401724759], [85.86166223450189, 19.856018684872453], [85.84730906682276, 19.856018684872453], [85.84730906682276, 19.84254401724759]]]}, "properties": {"sensor": "Sentinel-1 C-SAR IW GRD", "polarization": "VV", "delta_sigma0_db": -4.2, "district": "Puri", "classification": "Water Inundation"}}, {"type": "Feature", "geometry": {"type": "Polygon", "coordinates": [[[85.86166223450189, 19.84254401724759], [85.87601540218103, 19.84254401724759], [85.87601540218103, 19.856018684872453], [85.86166223450189, 19.856018684872453], [85.86166223450189, 19.84254401724759]]]}, "properties": {"sensor": "Sentinel-1 C-SAR IW GRD", "polarization": "VV", "delta_sigma0_db": -4.2, "district": "Puri", "classification": "Water Inundation"}}, {"type": "Feature", "geometry": {"type": "Polygon", "coordinates": [[[85.87601540218103, 19.84254401724759], [85.89036856986016, 19.84254401724759], [85.89036856986016, 19.856018684872453], [85.87601540218103, 19.856018684872453], [85.87601540218103, 19.84254401724759]]]}, "properties": {"sensor": "Sentinel-1 C-SAR IW GRD", "polarization": "VV", "delta_sigma0_db": -4.2, "district": "Puri", "classification": "Water Inundation"}}, {"type": "Feature", "geometry": {"type": "Polygon", "coordinates": [[[85.89036856986016, 19.84254401724759], [85.90472173753929, 19.84254401724759], [85.90472173753929, 19.856018684872453], [85.89036856986016, 19.856018684872453], [85.89036856986016, 19.84254401724759]]]}, "properties": {"sensor": "Sentinel-1 C-SAR IW GRD", "polarization": "VV", "delta_sigma0_db": -4.2, "district": "Puri", "classification": "Water Inundation"}}, {"type": "Feature", "geometry": {"type": "Polygon", "coordinates": [[[85.90472173753929, 19.84254401724759], [85.91907490521842, 19.84254401724759], [85.91907490521842, 19.856018684872453], [85.90472173753929, 19.856018684872453], [85.90472173753929, 19.84254401724759]]]}, "properties": {"sensor": "Sentinel-1 C-SAR IW GRD", "polarization": "VV", "delta_sigma0_db": -4.2, "district": "Puri", "classification": "Water Inundation"}}, {"type": "Feature", "geometry": {"type": "Polygon", "coordinates": [[[85.91907490521842, 19.84254401724759], [85.93342807289756, 19.84254401724759], [85.93342807289756, 19.856018684872453], [85.91907490521842, 19.856018684872453], [85.91907490521842, 19.84254401724759]]]}, "properties": {"sensor": "Sentinel-1 C-SAR IW GRD", "polarization": "VV", "delta_sigma0_db": -4.2, "district": "Puri", "classification": "Water Inundation"}}, {"type": "Feature", "geometry": {"type": "Polygon", "coordinates": [[[85.93342807289756, 19.84254401724759], [85.94778124057669, 19.84254401724759], [85.94778124057669, 19.856018684872453], [85.93342807289756, 19.856018684872453], [85.93342807289756, 19.84254401724759]]]}, "properties": {"sensor": "Sentinel-1 C-SAR IW GRD", "polarization": "VV", "delta_sigma0_db": -4.2, "district": "Puri", "classification": "Water Inundation"}}, {"type": "Feature", "geometry": {"type": "Polygon", "coordinates": [[[85.94778124057669, 19.84254401724759], [85.96213440825582, 19.84254401724759], [85.96213440825582, 19.856018684872453], [85.94778124057669, 19.856018684872453], [85.94778124057669, 19.84254401724759]]]}, "properties": {"sensor": "Sentinel-1 C-SAR IW GRD", "polarization": "VV", "delta_sigma0_db": -4.2, "district": "Puri", "classification": "Water Inundation"}}, {"type": "Feature", "geometry": {"type": "Polygon", "coordinates": [[[85.96213440825582, 19.84254401724759], [85.97648757593495, 19.84254401724759], [85.97648757593495, 19.856018684872453], [85.96213440825582, 19.856018684872453], [85.96213440825582, 19.84254401724759]]]}, "properties": {"sensor": "Sentinel-1 C-SAR IW GRD", "polarization": "VV", "delta_sigma0_db": -4.2, "district": "Puri", "classification": "Water Inundation"}}, {"type": "Feature", "geometry": {"type": "Polygon", "coordinates": [[[85.97648757593495, 19.84254401724759], [85.99084074361409, 19.84254401724759], [85.99084074361409, 19.856018684872453], [85.97648757593495, 19.856018684872453], [85.97648757593495, 19.84254401724759]]]}, "properties": {"sensor": "Sentinel-1 C-SAR IW GRD", "polarization": "VV", "delta_sigma0_db": -4.2, "district": "Puri", "classification": "Water Inundation"}}, {"type": "Feature", "geometry": {"type": "Polygon", "coordinates": [[[85.99084074361409, 19.84254401724759], [86.00519391129322, 19.84254401724759], [86.00519391129322, 19.856018684872453], [85.99084074361409, 19.856018684872453], [85.99084074361409, 19.84254401724759]]]}, "properties": {"sensor": "Sentinel-1 C-SAR IW GRD", "polarization": "VV", "delta_sigma0_db": -4.2, "district": "Puri", "classification": "Water Inundation"}}, {"type": "Feature", "geometry": {"type": "Polygon", "coordinates": [[[86.00519391129322, 19.84254401724759], [86.01954707897235, 19.84254401724759], [86.01954707897235, 19.856018684872453], [86.00519391129322, 19.856018684872453], [86.00519391129322, 19.84254401724759]]]}, "properties": {"sensor": "Sentinel-1 C-SAR IW GRD", "polarization": "VV", "delta_sigma0_db": -4.2, "district": "Puri", "classification": "Water Inundation"}}, {"type": "Feature", "geometry": {"type": "Polygon", "coordinates": [[[85.6463647193149, 19.856018684872453], [85.66071788699404, 19.856018684872453], [85.66071788699404, 19.869493352497322], [85.6463647193149, 19.869493352497322], [85.6463647193149, 19.856018684872453]]]}, "properties": {"sensor": "Sentinel-1 C-SAR IW GRD", "polarization": "VV", "delta_sigma0_db": -5.0, "district": "Puri", "classification": "Water Inundation"}}, {"type": "Feature", "geometry": {"type": "Polygon", "coordinates": [[[85.66071788699404, 19.856018684872453], [85.67507105467317, 19.856018684872453], [85.67507105467317, 19.869493352497322], [85.66071788699404, 19.869493352497322], [85.66071788699404, 19.856018684872453]]]}, "properties": {"sensor": "Sentinel-1 C-SAR IW GRD", "polarization": "VV", "delta_sigma0_db": -5.0, "district": "Puri", "classification": "Water Inundation"}}, {"type": "Feature", "geometry": {"type": "Polygon", "coordinates": [[[85.67507105467317, 19.856018684872453], [85.6894242223523, 19.856018684872453], [85.6894242223523, 19.869493352497322], [85.67507105467317, 19.869493352497322], [85.67507105467317, 19.856018684872453]]]}, "properties": {"sensor": "Sentinel-1 C-SAR IW GRD", "polarization": "VV", "delta_sigma0_db": -5.0, "district": "Puri", "classification": "Water Inundation"}}, {"type": "Feature", "geometry": {"type": "Polygon", "coordinates": [[[85.6894242223523, 19.856018684872453], [85.70377739003143, 19.856018684872453], [85.70377739003143, 19.869493352497322], [85.6894242223523, 19.869493352497322], [85.6894242223523, 19.856018684872453]]]}, "properties": {"sensor": "Sentinel-1 C-SAR IW GRD", "polarization": "VV", "delta_sigma0_db": -5.0, "district": "Puri", "classification": "Water Inundation"}}, {"type": "Feature", "geometry": {"type": "Polygon", "coordinates": [[[85.70377739003143, 19.856018684872453], [85.71813055771057, 19.856018684872453], [85.71813055771057, 19.869493352497322], [85.70377739003143, 19.869493352497322], [85.70377739003143, 19.856018684872453]]]}, "properties": {"sensor": "Sentinel-1 C-SAR IW GRD", "polarization": "VV", "delta_sigma0_db": -5.0, "district": "Puri", "classification": "Water Inundation"}}, {"type": "Feature", "geometry": {"type": "Polygon", "coordinates": [[[85.71813055771057, 19.856018684872453], [85.7324837253897, 19.856018684872453], [85.7324837253897, 19.869493352497322], [85.71813055771057, 19.869493352497322], [85.71813055771057, 19.856018684872453]]]}, "properties": {"sensor": "Sentinel-1 C-SAR IW GRD", "polarization": "VV", "delta_sigma0_db": -5.0, "district": "Puri", "classification": "Water Inundation"}}, {"type": "Feature", "geometry": {"type": "Polygon", "coordinates": [[[85.7324837253897, 19.856018684872453], [85.74683689306883, 19.856018684872453], [85.74683689306883, 19.869493352497322], [85.7324837253897, 19.869493352497322], [85.7324837253897, 19.856018684872453]]]}, "properties": {"sensor": "Sentinel-1 C-SAR IW GRD", "polarization": "VV", "delta_sigma0_db": -5.0, "district": "Puri", "classification": "Water Inundation"}}, {"type": "Feature", "geometry": {"type": "Polygon", "coordinates": [[[85.74683689306883, 19.856018684872453], [85.76119006074796, 19.856018684872453], [85.76119006074796, 19.869493352497322], [85.74683689306883, 19.869493352497322], [85.74683689306883, 19.856018684872453]]]}, "properties": {"sensor": "Sentinel-1 C-SAR IW GRD", "polarization": "VV", "delta_sigma0_db": -5.0, "district": "Puri", "classification": "Water Inundation"}}, {"type": "Feature", "geometry": {"type": "Polygon", "coordinates": [[[85.76119006074796, 19.856018684872453], [85.7755432284271, 19.856018684872453], [85.7755432284271, 19.869493352497322], [85.76119006074796, 19.869493352497322], [85.76119006074796, 19.856018684872453]]]}, "properties": {"sensor": "Sentinel-1 C-SAR IW GRD", "polarization": "VV", "delta_sigma0_db": -5.0, "district": "Puri", "classification": "Water Inundation"}}, {"type": "Feature", "geometry": {"type": "Polygon", "coordinates": [[[85.7755432284271, 19.856018684872453], [85.78989639610623, 19.856018684872453], [85.78989639610623, 19.869493352497322], [85.7755432284271, 19.869493352497322], [85.7755432284271, 19.856018684872453]]]}, "properties": {"sensor": "Sentinel-1 C-SAR IW GRD", "polarization": "VV", "delta_sigma0_db": -5.0, "district": "Puri", "classification": "Water Inundation"}}, {"type": "Feature", "geometry": {"type": "Polygon", "coordinates": [[[85.78989639610623, 19.856018684872453], [85.80424956378536, 19.856018684872453], [85.80424956378536, 19.869493352497322], [85.78989639610623, 19.869493352497322], [85.78989639610623, 19.856018684872453]]]}, "properties": {"sensor": "Sentinel-1 C-SAR IW GRD", "polarization": "VV", "delta_sigma0_db": -5.0, "district": "Puri", "classification": "Water Inundation"}}, {"type": "Feature", "geometry": {"type": "Polygon", "coordinates": [[[85.80424956378536, 19.856018684872453], [85.8186027314645, 19.856018684872453], [85.8186027314645, 19.869493352497322], [85.80424956378536, 19.869493352497322], [85.80424956378536, 19.856018684872453]]]}, "properties": {"sensor": "Sentinel-1 C-SAR IW GRD", "polarization": "VV", "delta_sigma0_db": -5.0, "district": "Puri", "classification": "Water Inundation"}}, {"type": "Feature", "geometry": {"type": "Polygon", "coordinates": [[[85.8186027314645, 19.856018684872453], [85.83295589914363, 19.856018684872453], [85.83295589914363, 19.869493352497322], [85.8186027314645, 19.869493352497322], [85.8186027314645, 19.856018684872453]]]}, "properties": {"sensor": "Sentinel-1 C-SAR IW GRD", "polarization": "VV", "delta_sigma0_db": -5.0, "district": "Puri", "classification": "Water Inundation"}}, {"type": "Feature", "geometry": {"type": "Polygon", "coordinates": [[[85.83295589914363, 19.856018684872453], [85.84730906682276, 19.856018684872453], [85.84730906682276, 19.869493352497322], [85.83295589914363, 19.869493352497322], [85.83295589914363, 19.856018684872453]]]}, "properties": {"sensor": "Sentinel-1 C-SAR IW GRD", "polarization": "VV", "delta_sigma0_db": -5.0, "district": "Puri", "classification": "Water Inundation"}}, {"type": "Feature", "geometry": {"type": "Polygon", "coordinates": [[[85.84730906682276, 19.856018684872453], [85.86166223450189, 19.856018684872453], [85.86166223450189, 19.869493352497322], [85.84730906682276, 19.869493352497322], [85.84730906682276, 19.856018684872453]]]}, "properties": {"sensor": "Sentinel-1 C-SAR IW GRD", "polarization": "VV", "delta_sigma0_db": -5.0, "district": "Puri", "classification": "Water Inundation"}}, {"type": "Feature", "geometry": {"type": "Polygon", "coordinates": [[[85.86166223450189, 19.856018684872453], [85.87601540218103, 19.856018684872453], [85.87601540218103, 19.869493352497322], [85.86166223450189, 19.869493352497322], [85.86166223450189, 19.856018684872453]]]}, "properties": {"sensor": "Sentinel-1 C-SAR IW GRD", "polarization": "VV", "delta_sigma0_db": -5.0, "district": "Puri", "classification": "Water Inundation"}}, {"type": "Feature", "geometry": {"type": "Polygon", "coordinates": [[[85.87601540218103, 19.856018684872453], [85.89036856986016, 19.856018684872453], [85.89036856986016, 19.869493352497322], [85.87601540218103, 19.869493352497322], [85.87601540218103, 19.856018684872453]]]}, "properties": {"sensor": "Sentinel-1 C-SAR IW GRD", "polarization": "VV", "delta_sigma0_db": -5.0, "district": "Puri", "classification": "Water Inundation"}}, {"type": "Feature", "geometry": {"type": "Polygon", "coordinates": [[[85.89036856986016, 19.856018684872453], [85.90472173753929, 19.856018684872453], [85.90472173753929, 19.869493352497322], [85.89036856986016, 19.869493352497322], [85.89036856986016, 19.856018684872453]]]}, "properties": {"sensor": "Sentinel-1 C-SAR IW GRD", "polarization": "VV", "delta_sigma0_db": -5.0, "district": "Puri", "classification": "Water Inundation"}}, {"type": "Feature", "geometry": {"type": "Polygon", "coordinates": [[[85.90472173753929, 19.856018684872453], [85.91907490521842, 19.856018684872453], [85.91907490521842, 19.869493352497322], [85.90472173753929, 19.869493352497322], [85.90472173753929, 19.856018684872453]]]}, "properties": {"sensor": "Sentinel-1 C-SAR IW GRD", "polarization": "VV", "delta_sigma0_db": -5.0, "district": "Puri", "classification": "Water Inundation"}}, {"type": "Feature", "geometry": {"type": "Polygon", "coordinates": [[[85.91907490521842, 19.856018684872453], [85.93342807289756, 19.856018684872453], [85.93342807289756, 19.869493352497322], [85.91907490521842, 19.869493352497322], [85.91907490521842, 19.856018684872453]]]}, "properties": {"sensor": "Sentinel-1 C-SAR IW GRD", "polarization": "VV", "delta_sigma0_db": -5.0, "district": "Puri", "classification": "Water Inundation"}}, {"type": "Feature", "geometry": {"type": "Polygon", "coordinates": [[[85.93342807289756, 19.856018684872453], [85.94778124057669, 19.856018684872453], [85.94778124057669, 19.869493352497322], [85.93342807289756, 19.869493352497322], [85.93342807289756, 19.856018684872453]]]}, "properties": {"sensor": "Sentinel-1 C-SAR IW GRD", "polarization": "VV", "delta_sigma0_db": -5.0, "district": "Puri", "classification": "Water Inundation"}}, {"type": "Feature", "geometry": {"type": "Polygon", "coordinates": [[[85.94778124057669, 19.856018684872453], [85.96213440825582, 19.856018684872453], [85.96213440825582, 19.869493352497322], [85.94778124057669, 19.869493352497322], [85.94778124057669, 19.856018684872453]]]}, "properties": {"sensor": "Sentinel-1 C-SAR IW GRD", "polarization": "VV", "delta_sigma0_db": -5.0, "district": "Puri", "classification": "Water Inundation"}}, {"type": "Feature", "geometry": {"type": "Polygon", "coordinates": [[[85.96213440825582, 19.856018684872453], [85.97648757593495, 19.856018684872453], [85.97648757593495, 19.869493352497322], [85.96213440825582, 19.869493352497322], [85.96213440825582, 19.856018684872453]]]}, "properties": {"sensor": "Sentinel-1 C-SAR IW GRD", "polarization": "VV", "delta_sigma0_db": -5.0, "district": "Puri", "classification": "Water Inundation"}}, {"type": "Feature", "geometry": {"type": "Polygon", "coordinates": [[[85.97648757593495, 19.856018684872453], [85.99084074361409, 19.856018684872453], [85.99084074361409, 19.869493352497322], [85.97648757593495, 19.869493352497322], [85.97648757593495, 19.856018684872453]]]}, "properties": {"sensor": "Sentinel-1 C-SAR IW GRD", "polarization": "VV", "delta_sigma0_db": -5.0, "district": "Puri", "classification": "Water Inundation"}}, {"type": "Feature", "geometry": {"type": "Polygon", "coordinates": [[[85.99084074361409, 19.856018684872453], [86.00519391129322, 19.856018684872453], [86.00519391129322, 19.869493352497322], [85.99084074361409, 19.869493352497322], [85.99084074361409, 19.856018684872453]]]}, "properties": {"sensor": "Sentinel-1 C-SAR IW GRD", "polarization": "VV", "delta_sigma0_db": -5.0, "district": "Puri", "classification": "Water Inundation"}}, {"type": "Feature", "geometry": {"type": "Polygon", "coordinates": [[[86.00519391129322, 19.856018684872453], [86.01954707897235, 19.856018684872453], [86.01954707897235, 19.869493352497322], [86.00519391129322, 19.869493352497322], [86.00519391129322, 19.856018684872453]]]}, "properties": {"sensor": "Sentinel-1 C-SAR IW GRD", "polarization": "VV", "delta_sigma0_db": -5.0, "district": "Puri", "classification": "Water Inundation"}}, {"type": "Feature", "geometry": {"type": "Polygon", "coordinates": [[[85.6463647193149, 19.869493352497322], [85.66071788699404, 19.869493352497322], [85.66071788699404, 19.882968020122185], [85.6463647193149, 19.882968020122185], [85.6463647193149, 19.869493352497322]]]}, "properties": {"sensor": "Sentinel-1 C-SAR IW GRD", "polarization": "VV", "delta_sigma0_db": -5.8, "district": "Puri", "classification": "Water Inundation"}}, {"type": "Feature", "geometry": {"type": "Polygon", "coordinates": [[[85.66071788699404, 19.869493352497322], [85.67507105467317, 19.869493352497322], [85.67507105467317, 19.882968020122185], [85.66071788699404, 19.882968020122185], [85.66071788699404, 19.869493352497322]]]}, "properties": {"sensor": "Sentinel-1 C-SAR IW GRD", "polarization": "VV", "delta_sigma0_db": -5.8, "district": "Puri", "classification": "Water Inundation"}}, {"type": "Feature", "geometry": {"type": "Polygon", "coordinates": [[[85.67507105467317, 19.869493352497322], [85.6894242223523, 19.869493352497322], [85.6894242223523, 19.882968020122185], [85.67507105467317, 19.882968020122185], [85.67507105467317, 19.869493352497322]]]}, "properties": {"sensor": "Sentinel-1 C-SAR IW GRD", "polarization": "VV", "delta_sigma0_db": -5.8, "district": "Puri", "classification": "Water Inundation"}}, {"type": "Feature", "geometry": {"type": "Polygon", "coordinates": [[[85.6894242223523, 19.869493352497322], [85.70377739003143, 19.869493352497322], [85.70377739003143, 19.882968020122185], [85.6894242223523, 19.882968020122185], [85.6894242223523, 19.869493352497322]]]}, "properties": {"sensor": "Sentinel-1 C-SAR IW GRD", "polarization": "VV", "delta_sigma0_db": -5.8, "district": "Puri", "classification": "Water Inundation"}}, {"type": "Feature", "geometry": {"type": "Polygon", "coordinates": [[[85.70377739003143, 19.869493352497322], [85.71813055771057, 19.869493352497322], [85.71813055771057, 19.882968020122185], [85.70377739003143, 19.882968020122185], [85.70377739003143, 19.869493352497322]]]}, "properties": {"sensor": "Sentinel-1 C-SAR IW GRD", "polarization": "VV", "delta_sigma0_db": -5.8, "district": "Puri", "classification": "Water Inundation"}}, {"type": "Feature", "geometry": {"type": "Polygon", "coordinates": [[[85.71813055771057, 19.869493352497322], [85.7324837253897, 19.869493352497322], [85.7324837253897, 19.882968020122185], [85.71813055771057, 19.882968020122185], [85.71813055771057, 19.869493352497322]]]}, "properties": {"sensor": "Sentinel-1 C-SAR IW GRD", "polarization": "VV", "delta_sigma0_db": -5.8, "district": "Puri", "classification": "Water Inundation"}}, {"type": "Feature", "geometry": {"type": "Polygon", "coordinates": [[[85.7324837253897, 19.869493352497322], [85.74683689306883, 19.869493352497322], [85.74683689306883, 19.882968020122185], [85.7324837253897, 19.882968020122185], [85.7324837253897, 19.869493352497322]]]}, "properties": {"sensor": "Sentinel-1 C-SAR IW GRD", "polarization": "VV", "delta_sigma0_db": -5.8, "district": "Puri", "classification": "Water Inundation"}}, {"type": "Feature", "geometry": {"type": "Polygon", "coordinates": [[[85.74683689306883, 19.869493352497322], [85.76119006074796, 19.869493352497322], [85.76119006074796, 19.882968020122185], [85.74683689306883, 19.882968020122185], [85.74683689306883, 19.869493352497322]]]}, "properties": {"sensor": "Sentinel-1 C-SAR IW GRD", "polarization": "VV", "delta_sigma0_db": -5.8, "district": "Puri", "classification": "Water Inundation"}}, {"type": "Feature", "geometry": {"type": "Polygon", "coordinates": [[[85.76119006074796, 19.869493352497322], [85.7755432284271, 19.869493352497322], [85.7755432284271, 19.882968020122185], [85.76119006074796, 19.882968020122185], [85.76119006074796, 19.869493352497322]]]}, "properties": {"sensor": "Sentinel-1 C-SAR IW GRD", "polarization": "VV", "delta_sigma0_db": -5.8, "district": "Puri", "classification": "Water Inundation"}}, {"type": "Feature", "geometry": {"type": "Polygon", "coordinates": [[[85.7755432284271, 19.869493352497322], [85.78989639610623, 19.869493352497322], [85.78989639610623, 19.882968020122185], [85.7755432284271, 19.882968020122185], [85.7755432284271, 19.869493352497322]]]}, "properties": {"sensor": "Sentinel-1 C-SAR IW GRD", "polarization": "VV", "delta_sigma0_db": -5.8, "district": "Puri", "classification": "Water Inundation"}}, {"type": "Feature", "geometry": {"type": "Polygon", "coordinates": [[[85.78989639610623, 19.869493352497322], [85.80424956378536, 19.869493352497322], [85.80424956378536, 19.882968020122185], [85.78989639610623, 19.882968020122185], [85.78989639610623, 19.869493352497322]]]}, "properties": {"sensor": "Sentinel-1 C-SAR IW GRD", "polarization": "VV", "delta_sigma0_db": -5.8, "district": "Puri", "classification": "Water Inundation"}}, {"type": "Feature", "geometry": {"type": "Polygon", "coordinates": [[[85.80424956378536, 19.869493352497322], [85.8186027314645, 19.869493352497322], [85.8186027314645, 19.882968020122185], [85.80424956378536, 19.882968020122185], [85.80424956378536, 19.869493352497322]]]}, "properties": {"sensor": "Sentinel-1 C-SAR IW GRD", "polarization": "VV", "delta_sigma0_db": -5.8, "district": "Puri", "classification": "Water Inundation"}}, {"type": "Feature", "geometry": {"type": "Polygon", "coordinates": [[[85.8186027314645, 19.869493352497322], [85.83295589914363, 19.869493352497322], [85.83295589914363, 19.882968020122185], [85.8186027314645, 19.882968020122185], [85.8186027314645, 19.869493352497322]]]}, "properties": {"sensor": "Sentinel-1 C-SAR IW GRD", "polarization": "VV", "delta_sigma0_db": -5.8, "district": "Puri", "classification": "Water Inundation"}}, {"type": "Feature", "geometry": {"type": "Polygon", "coordinates": [[[85.83295589914363, 19.869493352497322], [85.84730906682276, 19.869493352497322], [85.84730906682276, 19.882968020122185], [85.83295589914363, 19.882968020122185], [85.83295589914363, 19.869493352497322]]]}, "properties": {"sensor": "Sentinel-1 C-SAR IW GRD", "polarization": "VV", "delta_sigma0_db": -5.8, "district": "Puri", "classification": "Water Inundation"}}, {"type": "Feature", "geometry": {"type": "Polygon", "coordinates": [[[85.84730906682276, 19.869493352497322], [85.86166223450189, 19.869493352497322], [85.86166223450189, 19.882968020122185], [85.84730906682276, 19.882968020122185], [85.84730906682276, 19.869493352497322]]]}, "properties": {"sensor": "Sentinel-1 C-SAR IW GRD", "polarization": "VV", "delta_sigma0_db": -5.8, "district": "Puri", "classification": "Water Inundation"}}, {"type": "Feature", "geometry": {"type": "Polygon", "coordinates": [[[85.86166223450189, 19.869493352497322], [85.87601540218103, 19.869493352497322], [85.87601540218103, 19.882968020122185], [85.86166223450189, 19.882968020122185], [85.86166223450189, 19.869493352497322]]]}, "properties": {"sensor": "Sentinel-1 C-SAR IW GRD", "polarization": "VV", "delta_sigma0_db": -5.8, "district": "Puri", "classification": "Water Inundation"}}, {"type": "Feature", "geometry": {"type": "Polygon", "coordinates": [[[85.87601540218103, 19.869493352497322], [85.89036856986016, 19.869493352497322], [85.89036856986016, 19.882968020122185], [85.87601540218103, 19.882968020122185], [85.87601540218103, 19.869493352497322]]]}, "properties": {"sensor": "Sentinel-1 C-SAR IW GRD", "polarization": "VV", "delta_sigma0_db": -5.8, "district": "Puri", "classification": "Water Inundation"}}, {"type": "Feature", "geometry": {"type": "Polygon", "coordinates": [[[85.89036856986016, 19.869493352497322], [85.90472173753929, 19.869493352497322], [85.90472173753929, 19.882968020122185], [85.89036856986016, 19.882968020122185], [85.89036856986016, 19.869493352497322]]]}, "properties": {"sensor": "Sentinel-1 C-SAR IW GRD", "polarization": "VV", "delta_sigma0_db": -5.8, "district": "Puri", "classification": "Water Inundation"}}, {"type": "Feature", "geometry": {"type": "Polygon", "coordinates": [[[85.90472173753929, 19.869493352497322], [85.91907490521842, 19.869493352497322], [85.91907490521842, 19.882968020122185], [85.90472173753929, 19.882968020122185], [85.90472173753929, 19.869493352497322]]]}, "properties": {"sensor": "Sentinel-1 C-SAR IW GRD", "polarization": "VV", "delta_sigma0_db": -5.8, "district": "Puri", "classification": "Water Inundation"}}, {"type": "Feature", "geometry": {"type": "Polygon", "coordinates": [[[85.91907490521842, 19.869493352497322], [85.93342807289756, 19.869493352497322], [85.93342807289756, 19.882968020122185], [85.91907490521842, 19.882968020122185], [85.91907490521842, 19.869493352497322]]]}, "properties": {"sensor": "Sentinel-1 C-SAR IW GRD", "polarization": "VV", "delta_sigma0_db": -5.8, "district": "Puri", "classification": "Water Inundation"}}, {"type": "Feature", "geometry": {"type": "Polygon", "coordinates": [[[85.93342807289756, 19.869493352497322], [85.94778124057669, 19.869493352497322], [85.94778124057669, 19.882968020122185], [85.93342807289756, 19.882968020122185], [85.93342807289756, 19.869493352497322]]]}, "properties": {"sensor": "Sentinel-1 C-SAR IW GRD", "polarization": "VV", "delta_sigma0_db": -5.8, "district": "Puri", "classification": "Water Inundation"}}, {"type": "Feature", "geometry": {"type": "Polygon", "coordinates": [[[85.94778124057669, 19.869493352497322], [85.96213440825582, 19.869493352497322], [85.96213440825582, 19.882968020122185], [85.94778124057669, 19.882968020122185], [85.94778124057669, 19.869493352497322]]]}, "properties": {"sensor": "Sentinel-1 C-SAR IW GRD", "polarization": "VV", "delta_sigma0_db": -5.8, "district": "Puri", "classification": "Water Inundation"}}, {"type": "Feature", "geometry": {"type": "Polygon", "coordinates": [[[85.96213440825582, 19.869493352497322], [85.97648757593495, 19.869493352497322], [85.97648757593495, 19.882968020122185], [85.96213440825582, 19.882968020122185], [85.96213440825582, 19.869493352497322]]]}, "properties": {"sensor": "Sentinel-1 C-SAR IW GRD", "polarization": "VV", "delta_sigma0_db": -5.8, "district": "Puri", "classification": "Water Inundation"}}, {"type": "Feature", "geometry": {"type": "Polygon", "coordinates": [[[85.97648757593495, 19.869493352497322], [85.99084074361409, 19.869493352497322], [85.99084074361409, 19.882968020122185], [85.97648757593495, 19.882968020122185], [85.97648757593495, 19.869493352497322]]]}, "properties": {"sensor": "Sentinel-1 C-SAR IW GRD", "polarization": "VV", "delta_sigma0_db": -5.8, "district": "Puri", "classification": "Water Inundation"}}, {"type": "Feature", "geometry": {"type": "Polygon", "coordinates": [[[85.99084074361409, 19.869493352497322], [86.00519391129322, 19.869493352497322], [86.00519391129322, 19.882968020122185], [85.99084074361409, 19.882968020122185], [85.99084074361409, 19.869493352497322]]]}, "properties": {"sensor": "Sentinel-1 C-SAR IW GRD", "polarization": "VV", "delta_sigma0_db": -5.8, "district": "Puri", "classification": "Water Inundation"}}, {"type": "Feature", "geometry": {"type": "Polygon", "coordinates": [[[85.66071788699404, 19.882968020122185], [85.67507105467317, 19.882968020122185], [85.67507105467317, 19.896442687747054], [85.66071788699404, 19.896442687747054], [85.66071788699404, 19.882968020122185]]]}, "properties": {"sensor": "Sentinel-1 C-SAR IW GRD", "polarization": "VV", "delta_sigma0_db": -4.2, "district": "Puri", "classification": "Water Inundation"}}, {"type": "Feature", "geometry": {"type": "Polygon", "coordinates": [[[85.67507105467317, 19.882968020122185], [85.6894242223523, 19.882968020122185], [85.6894242223523, 19.896442687747054], [85.67507105467317, 19.896442687747054], [85.67507105467317, 19.882968020122185]]]}, "properties": {"sensor": "Sentinel-1 C-SAR IW GRD", "polarization": "VV", "delta_sigma0_db": -4.2, "district": "Puri", "classification": "Water Inundation"}}, {"type": "Feature", "geometry": {"type": "Polygon", "coordinates": [[[85.70377739003143, 19.882968020122185], [85.71813055771057, 19.882968020122185], [85.71813055771057, 19.896442687747054], [85.70377739003143, 19.896442687747054], [85.70377739003143, 19.882968020122185]]]}, "properties": {"sensor": "Sentinel-1 C-SAR IW GRD", "polarization": "VV", "delta_sigma0_db": -4.2, "district": "Puri", "classification": "Water Inundation"}}, {"type": "Feature", "geometry": {"type": "Polygon", "coordinates": [[[85.71813055771057, 19.882968020122185], [85.7324837253897, 19.882968020122185], [85.7324837253897, 19.896442687747054], [85.71813055771057, 19.896442687747054], [85.71813055771057, 19.882968020122185]]]}, "properties": {"sensor": "Sentinel-1 C-SAR IW GRD", "polarization": "VV", "delta_sigma0_db": -4.2, "district": "Puri", "classification": "Water Inundation"}}, {"type": "Feature", "geometry": {"type": "Polygon", "coordinates": [[[85.7324837253897, 19.882968020122185], [85.74683689306883, 19.882968020122185], [85.74683689306883, 19.896442687747054], [85.7324837253897, 19.896442687747054], [85.7324837253897, 19.882968020122185]]]}, "properties": {"sensor": "Sentinel-1 C-SAR IW GRD", "polarization": "VV", "delta_sigma0_db": -4.2, "district": "Puri", "classification": "Water Inundation"}}, {"type": "Feature", "geometry": {"type": "Polygon", "coordinates": [[[85.74683689306883, 19.882968020122185], [85.76119006074796, 19.882968020122185], [85.76119006074796, 19.896442687747054], [85.74683689306883, 19.896442687747054], [85.74683689306883, 19.882968020122185]]]}, "properties": {"sensor": "Sentinel-1 C-SAR IW GRD", "polarization": "VV", "delta_sigma0_db": -4.2, "district": "Puri", "classification": "Water Inundation"}}, {"type": "Feature", "geometry": {"type": "Polygon", "coordinates": [[[85.7755432284271, 19.882968020122185], [85.78989639610623, 19.882968020122185], [85.78989639610623, 19.896442687747054], [85.7755432284271, 19.896442687747054], [85.7755432284271, 19.882968020122185]]]}, "properties": {"sensor": "Sentinel-1 C-SAR IW GRD", "polarization": "VV", "delta_sigma0_db": -4.2, "district": "Puri", "classification": "Water Inundation"}}, {"type": "Feature", "geometry": {"type": "Polygon", "coordinates": [[[85.78989639610623, 19.882968020122185], [85.80424956378536, 19.882968020122185], [85.80424956378536, 19.896442687747054], [85.78989639610623, 19.896442687747054], [85.78989639610623, 19.882968020122185]]]}, "properties": {"sensor": "Sentinel-1 C-SAR IW GRD", "polarization": "VV", "delta_sigma0_db": -4.2, "district": "Puri", "classification": "Water Inundation"}}, {"type": "Feature", "geometry": {"type": "Polygon", "coordinates": [[[85.80424956378536, 19.882968020122185], [85.8186027314645, 19.882968020122185], [85.8186027314645, 19.896442687747054], [85.80424956378536, 19.896442687747054], [85.80424956378536, 19.882968020122185]]]}, "properties": {"sensor": "Sentinel-1 C-SAR IW GRD", "polarization": "VV", "delta_sigma0_db": -4.2, "district": "Puri", "classification": "Water Inundation"}}, {"type": "Feature", "geometry": {"type": "Polygon", "coordinates": [[[85.8186027314645, 19.882968020122185], [85.83295589914363, 19.882968020122185], [85.83295589914363, 19.896442687747054], [85.8186027314645, 19.896442687747054], [85.8186027314645, 19.882968020122185]]]}, "properties": {"sensor": "Sentinel-1 C-SAR IW GRD", "polarization": "VV", "delta_sigma0_db": -4.2, "district": "Puri", "classification": "Water Inundation"}}, {"type": "Feature", "geometry": {"type": "Polygon", "coordinates": [[[85.84730906682276, 19.882968020122185], [85.86166223450189, 19.882968020122185], [85.86166223450189, 19.896442687747054], [85.84730906682276, 19.896442687747054], [85.84730906682276, 19.882968020122185]]]}, "properties": {"sensor": "Sentinel-1 C-SAR IW GRD", "polarization": "VV", "delta_sigma0_db": -4.2, "district": "Puri", "classification": "Water Inundation"}}, {"type": "Feature", "geometry": {"type": "Polygon", "coordinates": [[[85.86166223450189, 19.882968020122185], [85.87601540218103, 19.882968020122185], [85.87601540218103, 19.896442687747054], [85.86166223450189, 19.896442687747054], [85.86166223450189, 19.882968020122185]]]}, "properties": {"sensor": "Sentinel-1 C-SAR IW GRD", "polarization": "VV", "delta_sigma0_db": -4.2, "district": "Puri", "classification": "Water Inundation"}}, {"type": "Feature", "geometry": {"type": "Polygon", "coordinates": [[[85.87601540218103, 19.882968020122185], [85.89036856986016, 19.882968020122185], [85.89036856986016, 19.896442687747054], [85.87601540218103, 19.896442687747054], [85.87601540218103, 19.882968020122185]]]}, "properties": {"sensor": "Sentinel-1 C-SAR IW GRD", "polarization": "VV", "delta_sigma0_db": -4.2, "district": "Puri", "classification": "Water Inundation"}}, {"type": "Feature", "geometry": {"type": "Polygon", "coordinates": [[[85.89036856986016, 19.882968020122185], [85.90472173753929, 19.882968020122185], [85.90472173753929, 19.896442687747054], [85.89036856986016, 19.896442687747054], [85.89036856986016, 19.882968020122185]]]}, "properties": {"sensor": "Sentinel-1 C-SAR IW GRD", "polarization": "VV", "delta_sigma0_db": -4.2, "district": "Puri", "classification": "Water Inundation"}}, {"type": "Feature", "geometry": {"type": "Polygon", "coordinates": [[[85.91907490521842, 19.882968020122185], [85.93342807289756, 19.882968020122185], [85.93342807289756, 19.896442687747054], [85.91907490521842, 19.896442687747054], [85.91907490521842, 19.882968020122185]]]}, "properties": {"sensor": "Sentinel-1 C-SAR IW GRD", "polarization": "VV", "delta_sigma0_db": -4.2, "district": "Puri", "classification": "Water Inundation"}}, {"type": "Feature", "geometry": {"type": "Polygon", "coordinates": [[[85.93342807289756, 19.882968020122185], [85.94778124057669, 19.882968020122185], [85.94778124057669, 19.896442687747054], [85.93342807289756, 19.896442687747054], [85.93342807289756, 19.882968020122185]]]}, "properties": {"sensor": "Sentinel-1 C-SAR IW GRD", "polarization": "VV", "delta_sigma0_db": -4.2, "district": "Puri", "classification": "Water Inundation"}}, {"type": "Feature", "geometry": {"type": "Polygon", "coordinates": [[[85.94778124057669, 19.882968020122185], [85.96213440825582, 19.882968020122185], [85.96213440825582, 19.896442687747054], [85.94778124057669, 19.896442687747054], [85.94778124057669, 19.882968020122185]]]}, "properties": {"sensor": "Sentinel-1 C-SAR IW GRD", "polarization": "VV", "delta_sigma0_db": -4.2, "district": "Puri", "classification": "Water Inundation"}}, {"type": "Feature", "geometry": {"type": "Polygon", "coordinates": [[[85.96213440825582, 19.882968020122185], [85.97648757593495, 19.882968020122185], [85.97648757593495, 19.896442687747054], [85.96213440825582, 19.896442687747054], [85.96213440825582, 19.882968020122185]]]}, "properties": {"sensor": "Sentinel-1 C-SAR IW GRD", "polarization": "VV", "delta_sigma0_db": -4.2, "district": "Puri", "classification": "Water Inundation"}}, {"type": "Feature", "geometry": {"type": "Polygon", "coordinates": [[[85.99084074361409, 19.882968020122185], [86.00519391129322, 19.882968020122185], [86.00519391129322, 19.896442687747054], [85.99084074361409, 19.896442687747054], [85.99084074361409, 19.882968020122185]]]}, "properties": {"sensor": "Sentinel-1 C-SAR IW GRD", "polarization": "VV", "delta_sigma0_db": -4.2, "district": "Puri", "classification": "Water Inundation"}}, {"type": "Feature", "geometry": {"type": "Polygon", "coordinates": [[[85.66071788699404, 19.896442687747054], [85.67507105467317, 19.896442687747054], [85.67507105467317, 19.909917355371917], [85.66071788699404, 19.909917355371917], [85.66071788699404, 19.896442687747054]]]}, "properties": {"sensor": "Sentinel-1 C-SAR IW GRD", "polarization": "VV", "delta_sigma0_db": -5.0, "district": "Puri", "classification": "Water Inundation"}}, {"type": "Feature", "geometry": {"type": "Polygon", "coordinates": [[[85.67507105467317, 19.896442687747054], [85.6894242223523, 19.896442687747054], [85.6894242223523, 19.909917355371917], [85.67507105467317, 19.909917355371917], [85.67507105467317, 19.896442687747054]]]}, "properties": {"sensor": "Sentinel-1 C-SAR IW GRD", "polarization": "VV", "delta_sigma0_db": -5.0, "district": "Puri", "classification": "Water Inundation"}}, {"type": "Feature", "geometry": {"type": "Polygon", "coordinates": [[[85.6894242223523, 19.896442687747054], [85.70377739003143, 19.896442687747054], [85.70377739003143, 19.909917355371917], [85.6894242223523, 19.909917355371917], [85.6894242223523, 19.896442687747054]]]}, "properties": {"sensor": "Sentinel-1 C-SAR IW GRD", "polarization": "VV", "delta_sigma0_db": -5.0, "district": "Puri", "classification": "Water Inundation"}}, {"type": "Feature", "geometry": {"type": "Polygon", "coordinates": [[[85.70377739003143, 19.896442687747054], [85.71813055771057, 19.896442687747054], [85.71813055771057, 19.909917355371917], [85.70377739003143, 19.909917355371917], [85.70377739003143, 19.896442687747054]]]}, "properties": {"sensor": "Sentinel-1 C-SAR IW GRD", "polarization": "VV", "delta_sigma0_db": -5.0, "district": "Puri", "classification": "Water Inundation"}}, {"type": "Feature", "geometry": {"type": "Polygon", "coordinates": [[[85.71813055771057, 19.896442687747054], [85.7324837253897, 19.896442687747054], [85.7324837253897, 19.909917355371917], [85.71813055771057, 19.909917355371917], [85.71813055771057, 19.896442687747054]]]}, "properties": {"sensor": "Sentinel-1 C-SAR IW GRD", "polarization": "VV", "delta_sigma0_db": -5.0, "district": "Puri", "classification": "Water Inundation"}}, {"type": "Feature", "geometry": {"type": "Polygon", "coordinates": [[[85.7324837253897, 19.896442687747054], [85.74683689306883, 19.896442687747054], [85.74683689306883, 19.909917355371917], [85.7324837253897, 19.909917355371917], [85.7324837253897, 19.896442687747054]]]}, "properties": {"sensor": "Sentinel-1 C-SAR IW GRD", "polarization": "VV", "delta_sigma0_db": -5.0, "district": "Puri", "classification": "Water Inundation"}}, {"type": "Feature", "geometry": {"type": "Polygon", "coordinates": [[[85.74683689306883, 19.896442687747054], [85.76119006074796, 19.896442687747054], [85.76119006074796, 19.909917355371917], [85.74683689306883, 19.909917355371917], [85.74683689306883, 19.896442687747054]]]}, "properties": {"sensor": "Sentinel-1 C-SAR IW GRD", "polarization": "VV", "delta_sigma0_db": -5.0, "district": "Puri", "classification": "Water Inundation"}}, {"type": "Feature", "geometry": {"type": "Polygon", "coordinates": [[[85.76119006074796, 19.896442687747054], [85.7755432284271, 19.896442687747054], [85.7755432284271, 19.909917355371917], [85.76119006074796, 19.909917355371917], [85.76119006074796, 19.896442687747054]]]}, "properties": {"sensor": "Sentinel-1 C-SAR IW GRD", "polarization": "VV", "delta_sigma0_db": -5.0, "district": "Puri", "classification": "Water Inundation"}}, {"type": "Feature", "geometry": {"type": "Polygon", "coordinates": [[[85.7755432284271, 19.896442687747054], [85.78989639610623, 19.896442687747054], [85.78989639610623, 19.909917355371917], [85.7755432284271, 19.909917355371917], [85.7755432284271, 19.896442687747054]]]}, "properties": {"sensor": "Sentinel-1 C-SAR IW GRD", "polarization": "VV", "delta_sigma0_db": -5.0, "district": "Puri", "classification": "Water Inundation"}}, {"type": "Feature", "geometry": {"type": "Polygon", "coordinates": [[[85.78989639610623, 19.896442687747054], [85.80424956378536, 19.896442687747054], [85.80424956378536, 19.909917355371917], [85.78989639610623, 19.909917355371917], [85.78989639610623, 19.896442687747054]]]}, "properties": {"sensor": "Sentinel-1 C-SAR IW GRD", "polarization": "VV", "delta_sigma0_db": -5.0, "district": "Puri", "classification": "Water Inundation"}}, {"type": "Feature", "geometry": {"type": "Polygon", "coordinates": [[[85.80424956378536, 19.896442687747054], [85.8186027314645, 19.896442687747054], [85.8186027314645, 19.909917355371917], [85.80424956378536, 19.909917355371917], [85.80424956378536, 19.896442687747054]]]}, "properties": {"sensor": "Sentinel-1 C-SAR IW GRD", "polarization": "VV", "delta_sigma0_db": -5.0, "district": "Puri", "classification": "Water Inundation"}}, {"type": "Feature", "geometry": {"type": "Polygon", "coordinates": [[[85.8186027314645, 19.896442687747054], [85.83295589914363, 19.896442687747054], [85.83295589914363, 19.909917355371917], [85.8186027314645, 19.909917355371917], [85.8186027314645, 19.896442687747054]]]}, "properties": {"sensor": "Sentinel-1 C-SAR IW GRD", "polarization": "VV", "delta_sigma0_db": -5.0, "district": "Puri", "classification": "Water Inundation"}}, {"type": "Feature", "geometry": {"type": "Polygon", "coordinates": [[[85.83295589914363, 19.896442687747054], [85.84730906682276, 19.896442687747054], [85.84730906682276, 19.909917355371917], [85.83295589914363, 19.909917355371917], [85.83295589914363, 19.896442687747054]]]}, "properties": {"sensor": "Sentinel-1 C-SAR IW GRD", "polarization": "VV", "delta_sigma0_db": -5.0, "district": "Puri", "classification": "Water Inundation"}}, {"type": "Feature", "geometry": {"type": "Polygon", "coordinates": [[[85.84730906682276, 19.896442687747054], [85.86166223450189, 19.896442687747054], [85.86166223450189, 19.909917355371917], [85.84730906682276, 19.909917355371917], [85.84730906682276, 19.896442687747054]]]}, "properties": {"sensor": "Sentinel-1 C-SAR IW GRD", "polarization": "VV", "delta_sigma0_db": -5.0, "district": "Puri", "classification": "Water Inundation"}}, {"type": "Feature", "geometry": {"type": "Polygon", "coordinates": [[[85.86166223450189, 19.896442687747054], [85.87601540218103, 19.896442687747054], [85.87601540218103, 19.909917355371917], [85.86166223450189, 19.909917355371917], [85.86166223450189, 19.896442687747054]]]}, "properties": {"sensor": "Sentinel-1 C-SAR IW GRD", "polarization": "VV", "delta_sigma0_db": -5.0, "district": "Puri", "classification": "Water Inundation"}}, {"type": "Feature", "geometry": {"type": "Polygon", "coordinates": [[[85.87601540218103, 19.896442687747054], [85.89036856986016, 19.896442687747054], [85.89036856986016, 19.909917355371917], [85.87601540218103, 19.909917355371917], [85.87601540218103, 19.896442687747054]]]}, "properties": {"sensor": "Sentinel-1 C-SAR IW GRD", "polarization": "VV", "delta_sigma0_db": -5.0, "district": "Puri", "classification": "Water Inundation"}}, {"type": "Feature", "geometry": {"type": "Polygon", "coordinates": [[[85.89036856986016, 19.896442687747054], [85.90472173753929, 19.896442687747054], [85.90472173753929, 19.909917355371917], [85.89036856986016, 19.909917355371917], [85.89036856986016, 19.896442687747054]]]}, "properties": {"sensor": "Sentinel-1 C-SAR IW GRD", "polarization": "VV", "delta_sigma0_db": -5.0, "district": "Puri", "classification": "Water Inundation"}}, {"type": "Feature", "geometry": {"type": "Polygon", "coordinates": [[[85.90472173753929, 19.896442687747054], [85.91907490521842, 19.896442687747054], [85.91907490521842, 19.909917355371917], [85.90472173753929, 19.909917355371917], [85.90472173753929, 19.896442687747054]]]}, "properties": {"sensor": "Sentinel-1 C-SAR IW GRD", "polarization": "VV", "delta_sigma0_db": -5.0, "district": "Puri", "classification": "Water Inundation"}}, {"type": "Feature", "geometry": {"type": "Polygon", "coordinates": [[[85.91907490521842, 19.896442687747054], [85.93342807289756, 19.896442687747054], [85.93342807289756, 19.909917355371917], [85.91907490521842, 19.909917355371917], [85.91907490521842, 19.896442687747054]]]}, "properties": {"sensor": "Sentinel-1 C-SAR IW GRD", "polarization": "VV", "delta_sigma0_db": -5.0, "district": "Puri", "classification": "Water Inundation"}}, {"type": "Feature", "geometry": {"type": "Polygon", "coordinates": [[[85.93342807289756, 19.896442687747054], [85.94778124057669, 19.896442687747054], [85.94778124057669, 19.909917355371917], [85.93342807289756, 19.909917355371917], [85.93342807289756, 19.896442687747054]]]}, "properties": {"sensor": "Sentinel-1 C-SAR IW GRD", "polarization": "VV", "delta_sigma0_db": -5.0, "district": "Puri", "classification": "Water Inundation"}}, {"type": "Feature", "geometry": {"type": "Polygon", "coordinates": [[[85.94778124057669, 19.896442687747054], [85.96213440825582, 19.896442687747054], [85.96213440825582, 19.909917355371917], [85.94778124057669, 19.909917355371917], [85.94778124057669, 19.896442687747054]]]}, "properties": {"sensor": "Sentinel-1 C-SAR IW GRD", "polarization": "VV", "delta_sigma0_db": -5.0, "district": "Puri", "classification": "Water Inundation"}}, {"type": "Feature", "geometry": {"type": "Polygon", "coordinates": [[[85.96213440825582, 19.896442687747054], [85.97648757593495, 19.896442687747054], [85.97648757593495, 19.909917355371917], [85.96213440825582, 19.909917355371917], [85.96213440825582, 19.896442687747054]]]}, "properties": {"sensor": "Sentinel-1 C-SAR IW GRD", "polarization": "VV", "delta_sigma0_db": -5.0, "district": "Puri", "classification": "Water Inundation"}}, {"type": "Feature", "geometry": {"type": "Polygon", "coordinates": [[[85.97648757593495, 19.896442687747054], [85.99084074361409, 19.896442687747054], [85.99084074361409, 19.909917355371917], [85.97648757593495, 19.909917355371917], [85.97648757593495, 19.896442687747054]]]}, "properties": {"sensor": "Sentinel-1 C-SAR IW GRD", "polarization": "VV", "delta_sigma0_db": -5.0, "district": "Puri", "classification": "Water Inundation"}}, {"type": "Feature", "geometry": {"type": "Polygon", "coordinates": [[[85.67507105467317, 19.909917355371917], [85.6894242223523, 19.909917355371917], [85.6894242223523, 19.923392022996786], [85.67507105467317, 19.923392022996786], [85.67507105467317, 19.909917355371917]]]}, "properties": {"sensor": "Sentinel-1 C-SAR IW GRD", "polarization": "VV", "delta_sigma0_db": -5.8, "district": "Puri", "classification": "Water Inundation"}}, {"type": "Feature", "geometry": {"type": "Polygon", "coordinates": [[[85.6894242223523, 19.909917355371917], [85.70377739003143, 19.909917355371917], [85.70377739003143, 19.923392022996786], [85.6894242223523, 19.923392022996786], [85.6894242223523, 19.909917355371917]]]}, "properties": {"sensor": "Sentinel-1 C-SAR IW GRD", "polarization": "VV", "delta_sigma0_db": -5.8, "district": "Puri", "classification": "Water Inundation"}}, {"type": "Feature", "geometry": {"type": "Polygon", "coordinates": [[[85.70377739003143, 19.909917355371917], [85.71813055771057, 19.909917355371917], [85.71813055771057, 19.923392022996786], [85.70377739003143, 19.923392022996786], [85.70377739003143, 19.909917355371917]]]}, "properties": {"sensor": "Sentinel-1 C-SAR IW GRD", "polarization": "VV", "delta_sigma0_db": -5.8, "district": "Puri", "classification": "Water Inundation"}}, {"type": "Feature", "geometry": {"type": "Polygon", "coordinates": [[[85.71813055771057, 19.909917355371917], [85.7324837253897, 19.909917355371917], [85.7324837253897, 19.923392022996786], [85.71813055771057, 19.923392022996786], [85.71813055771057, 19.909917355371917]]]}, "properties": {"sensor": "Sentinel-1 C-SAR IW GRD", "polarization": "VV", "delta_sigma0_db": -5.8, "district": "Puri", "classification": "Water Inundation"}}, {"type": "Feature", "geometry": {"type": "Polygon", "coordinates": [[[85.7324837253897, 19.909917355371917], [85.74683689306883, 19.909917355371917], [85.74683689306883, 19.923392022996786], [85.7324837253897, 19.923392022996786], [85.7324837253897, 19.909917355371917]]]}, "properties": {"sensor": "Sentinel-1 C-SAR IW GRD", "polarization": "VV", "delta_sigma0_db": -5.8, "district": "Puri", "classification": "Water Inundation"}}, {"type": "Feature", "geometry": {"type": "Polygon", "coordinates": [[[85.74683689306883, 19.909917355371917], [85.76119006074796, 19.909917355371917], [85.76119006074796, 19.923392022996786], [85.74683689306883, 19.923392022996786], [85.74683689306883, 19.909917355371917]]]}, "properties": {"sensor": "Sentinel-1 C-SAR IW GRD", "polarization": "VV", "delta_sigma0_db": -5.8, "district": "Puri", "classification": "Water Inundation"}}, {"type": "Feature", "geometry": {"type": "Polygon", "coordinates": [[[85.76119006074796, 19.909917355371917], [85.7755432284271, 19.909917355371917], [85.7755432284271, 19.923392022996786], [85.76119006074796, 19.923392022996786], [85.76119006074796, 19.909917355371917]]]}, "properties": {"sensor": "Sentinel-1 C-SAR IW GRD", "polarization": "VV", "delta_sigma0_db": -5.8, "district": "Puri", "classification": "Water Inundation"}}, {"type": "Feature", "geometry": {"type": "Polygon", "coordinates": [[[85.7755432284271, 19.909917355371917], [85.78989639610623, 19.909917355371917], [85.78989639610623, 19.923392022996786], [85.7755432284271, 19.923392022996786], [85.7755432284271, 19.909917355371917]]]}, "properties": {"sensor": "Sentinel-1 C-SAR IW GRD", "polarization": "VV", "delta_sigma0_db": -5.8, "district": "Puri", "classification": "Water Inundation"}}, {"type": "Feature", "geometry": {"type": "Polygon", "coordinates": [[[85.78989639610623, 19.909917355371917], [85.80424956378536, 19.909917355371917], [85.80424956378536, 19.923392022996786], [85.78989639610623, 19.923392022996786], [85.78989639610623, 19.909917355371917]]]}, "properties": {"sensor": "Sentinel-1 C-SAR IW GRD", "polarization": "VV", "delta_sigma0_db": -5.8, "district": "Puri", "classification": "Water Inundation"}}, {"type": "Feature", "geometry": {"type": "Polygon", "coordinates": [[[85.80424956378536, 19.909917355371917], [85.8186027314645, 19.909917355371917], [85.8186027314645, 19.923392022996786], [85.80424956378536, 19.923392022996786], [85.80424956378536, 19.909917355371917]]]}, "properties": {"sensor": "Sentinel-1 C-SAR IW GRD", "polarization": "VV", "delta_sigma0_db": -5.8, "district": "Puri", "classification": "Water Inundation"}}, {"type": "Feature", "geometry": {"type": "Polygon", "coordinates": [[[85.8186027314645, 19.909917355371917], [85.83295589914363, 19.909917355371917], [85.83295589914363, 19.923392022996786], [85.8186027314645, 19.923392022996786], [85.8186027314645, 19.909917355371917]]]}, "properties": {"sensor": "Sentinel-1 C-SAR IW GRD", "polarization": "VV", "delta_sigma0_db": -5.8, "district": "Puri", "classification": "Water Inundation"}}, {"type": "Feature", "geometry": {"type": "Polygon", "coordinates": [[[85.83295589914363, 19.909917355371917], [85.84730906682276, 19.909917355371917], [85.84730906682276, 19.923392022996786], [85.83295589914363, 19.923392022996786], [85.83295589914363, 19.909917355371917]]]}, "properties": {"sensor": "Sentinel-1 C-SAR IW GRD", "polarization": "VV", "delta_sigma0_db": -5.8, "district": "Puri", "classification": "Water Inundation"}}, {"type": "Feature", "geometry": {"type": "Polygon", "coordinates": [[[85.84730906682276, 19.909917355371917], [85.86166223450189, 19.909917355371917], [85.86166223450189, 19.923392022996786], [85.84730906682276, 19.923392022996786], [85.84730906682276, 19.909917355371917]]]}, "properties": {"sensor": "Sentinel-1 C-SAR IW GRD", "polarization": "VV", "delta_sigma0_db": -5.8, "district": "Puri", "classification": "Water Inundation"}}, {"type": "Feature", "geometry": {"type": "Polygon", "coordinates": [[[85.86166223450189, 19.909917355371917], [85.87601540218103, 19.909917355371917], [85.87601540218103, 19.923392022996786], [85.86166223450189, 19.923392022996786], [85.86166223450189, 19.909917355371917]]]}, "properties": {"sensor": "Sentinel-1 C-SAR IW GRD", "polarization": "VV", "delta_sigma0_db": -5.8, "district": "Puri", "classification": "Water Inundation"}}, {"type": "Feature", "geometry": {"type": "Polygon", "coordinates": [[[85.87601540218103, 19.909917355371917], [85.89036856986016, 19.909917355371917], [85.89036856986016, 19.923392022996786], [85.87601540218103, 19.923392022996786], [85.87601540218103, 19.909917355371917]]]}, "properties": {"sensor": "Sentinel-1 C-SAR IW GRD", "polarization": "VV", "delta_sigma0_db": -5.8, "district": "Puri", "classification": "Water Inundation"}}, {"type": "Feature", "geometry": {"type": "Polygon", "coordinates": [[[85.89036856986016, 19.909917355371917], [85.90472173753929, 19.909917355371917], [85.90472173753929, 19.923392022996786], [85.89036856986016, 19.923392022996786], [85.89036856986016, 19.909917355371917]]]}, "properties": {"sensor": "Sentinel-1 C-SAR IW GRD", "polarization": "VV", "delta_sigma0_db": -5.8, "district": "Puri", "classification": "Water Inundation"}}, {"type": "Feature", "geometry": {"type": "Polygon", "coordinates": [[[85.90472173753929, 19.909917355371917], [85.91907490521842, 19.909917355371917], [85.91907490521842, 19.923392022996786], [85.90472173753929, 19.923392022996786], [85.90472173753929, 19.909917355371917]]]}, "properties": {"sensor": "Sentinel-1 C-SAR IW GRD", "polarization": "VV", "delta_sigma0_db": -5.8, "district": "Puri", "classification": "Water Inundation"}}, {"type": "Feature", "geometry": {"type": "Polygon", "coordinates": [[[85.91907490521842, 19.909917355371917], [85.93342807289756, 19.909917355371917], [85.93342807289756, 19.923392022996786], [85.91907490521842, 19.923392022996786], [85.91907490521842, 19.909917355371917]]]}, "properties": {"sensor": "Sentinel-1 C-SAR IW GRD", "polarization": "VV", "delta_sigma0_db": -5.8, "district": "Puri", "classification": "Water Inundation"}}, {"type": "Feature", "geometry": {"type": "Polygon", "coordinates": [[[85.93342807289756, 19.909917355371917], [85.94778124057669, 19.909917355371917], [85.94778124057669, 19.923392022996786], [85.93342807289756, 19.923392022996786], [85.93342807289756, 19.909917355371917]]]}, "properties": {"sensor": "Sentinel-1 C-SAR IW GRD", "polarization": "VV", "delta_sigma0_db": -5.8, "district": "Puri", "classification": "Water Inundation"}}, {"type": "Feature", "geometry": {"type": "Polygon", "coordinates": [[[85.94778124057669, 19.909917355371917], [85.96213440825582, 19.909917355371917], [85.96213440825582, 19.923392022996786], [85.94778124057669, 19.923392022996786], [85.94778124057669, 19.909917355371917]]]}, "properties": {"sensor": "Sentinel-1 C-SAR IW GRD", "polarization": "VV", "delta_sigma0_db": -5.8, "district": "Puri", "classification": "Water Inundation"}}, {"type": "Feature", "geometry": {"type": "Polygon", "coordinates": [[[85.96213440825582, 19.909917355371917], [85.97648757593495, 19.909917355371917], [85.97648757593495, 19.923392022996786], [85.96213440825582, 19.923392022996786], [85.96213440825582, 19.909917355371917]]]}, "properties": {"sensor": "Sentinel-1 C-SAR IW GRD", "polarization": "VV", "delta_sigma0_db": -5.8, "district": "Puri", "classification": "Water Inundation"}}, {"type": "Feature", "geometry": {"type": "Polygon", "coordinates": [[[85.6894242223523, 19.923392022996786], [85.70377739003143, 19.923392022996786], [85.70377739003143, 19.93686669062165], [85.6894242223523, 19.93686669062165], [85.6894242223523, 19.923392022996786]]]}, "properties": {"sensor": "Sentinel-1 C-SAR IW GRD", "polarization": "VV", "delta_sigma0_db": -4.2, "district": "Puri", "classification": "Water Inundation"}}, {"type": "Feature", "geometry": {"type": "Polygon", "coordinates": [[[85.70377739003143, 19.923392022996786], [85.71813055771057, 19.923392022996786], [85.71813055771057, 19.93686669062165], [85.70377739003143, 19.93686669062165], [85.70377739003143, 19.923392022996786]]]}, "properties": {"sensor": "Sentinel-1 C-SAR IW GRD", "polarization": "VV", "delta_sigma0_db": -4.2, "district": "Puri", "classification": "Water Inundation"}}, {"type": "Feature", "geometry": {"type": "Polygon", "coordinates": [[[85.71813055771057, 19.923392022996786], [85.7324837253897, 19.923392022996786], [85.7324837253897, 19.93686669062165], [85.71813055771057, 19.93686669062165], [85.71813055771057, 19.923392022996786]]]}, "properties": {"sensor": "Sentinel-1 C-SAR IW GRD", "polarization": "VV", "delta_sigma0_db": -4.2, "district": "Puri", "classification": "Water Inundation"}}, {"type": "Feature", "geometry": {"type": "Polygon", "coordinates": [[[85.7324837253897, 19.923392022996786], [85.74683689306883, 19.923392022996786], [85.74683689306883, 19.93686669062165], [85.7324837253897, 19.93686669062165], [85.7324837253897, 19.923392022996786]]]}, "properties": {"sensor": "Sentinel-1 C-SAR IW GRD", "polarization": "VV", "delta_sigma0_db": -4.2, "district": "Puri", "classification": "Water Inundation"}}, {"type": "Feature", "geometry": {"type": "Polygon", "coordinates": [[[85.74683689306883, 19.923392022996786], [85.76119006074796, 19.923392022996786], [85.76119006074796, 19.93686669062165], [85.74683689306883, 19.93686669062165], [85.74683689306883, 19.923392022996786]]]}, "properties": {"sensor": "Sentinel-1 C-SAR IW GRD", "polarization": "VV", "delta_sigma0_db": -4.2, "district": "Puri", "classification": "Water Inundation"}}, {"type": "Feature", "geometry": {"type": "Polygon", "coordinates": [[[85.76119006074796, 19.923392022996786], [85.7755432284271, 19.923392022996786], [85.7755432284271, 19.93686669062165], [85.76119006074796, 19.93686669062165], [85.76119006074796, 19.923392022996786]]]}, "properties": {"sensor": "Sentinel-1 C-SAR IW GRD", "polarization": "VV", "delta_sigma0_db": -4.2, "district": "Puri", "classification": "Water Inundation"}}, {"type": "Feature", "geometry": {"type": "Polygon", "coordinates": [[[85.7755432284271, 19.923392022996786], [85.78989639610623, 19.923392022996786], [85.78989639610623, 19.93686669062165], [85.7755432284271, 19.93686669062165], [85.7755432284271, 19.923392022996786]]]}, "properties": {"sensor": "Sentinel-1 C-SAR IW GRD", "polarization": "VV", "delta_sigma0_db": -4.2, "district": "Puri", "classification": "Water Inundation"}}, {"type": "Feature", "geometry": {"type": "Polygon", "coordinates": [[[85.78989639610623, 19.923392022996786], [85.80424956378536, 19.923392022996786], [85.80424956378536, 19.93686669062165], [85.78989639610623, 19.93686669062165], [85.78989639610623, 19.923392022996786]]]}, "properties": {"sensor": "Sentinel-1 C-SAR IW GRD", "polarization": "VV", "delta_sigma0_db": -4.2, "district": "Puri", "classification": "Water Inundation"}}, {"type": "Feature", "geometry": {"type": "Polygon", "coordinates": [[[85.80424956378536, 19.923392022996786], [85.8186027314645, 19.923392022996786], [85.8186027314645, 19.93686669062165], [85.80424956378536, 19.93686669062165], [85.80424956378536, 19.923392022996786]]]}, "properties": {"sensor": "Sentinel-1 C-SAR IW GRD", "polarization": "VV", "delta_sigma0_db": -4.2, "district": "Puri", "classification": "Water Inundation"}}, {"type": "Feature", "geometry": {"type": "Polygon", "coordinates": [[[85.8186027314645, 19.923392022996786], [85.83295589914363, 19.923392022996786], [85.83295589914363, 19.93686669062165], [85.8186027314645, 19.93686669062165], [85.8186027314645, 19.923392022996786]]]}, "properties": {"sensor": "Sentinel-1 C-SAR IW GRD", "polarization": "VV", "delta_sigma0_db": -4.2, "district": "Puri", "classification": "Water Inundation"}}, {"type": "Feature", "geometry": {"type": "Polygon", "coordinates": [[[85.83295589914363, 19.923392022996786], [85.84730906682276, 19.923392022996786], [85.84730906682276, 19.93686669062165], [85.83295589914363, 19.93686669062165], [85.83295589914363, 19.923392022996786]]]}, "properties": {"sensor": "Sentinel-1 C-SAR IW GRD", "polarization": "VV", "delta_sigma0_db": -4.2, "district": "Puri", "classification": "Water Inundation"}}, {"type": "Feature", "geometry": {"type": "Polygon", "coordinates": [[[85.84730906682276, 19.923392022996786], [85.86166223450189, 19.923392022996786], [85.86166223450189, 19.93686669062165], [85.84730906682276, 19.93686669062165], [85.84730906682276, 19.923392022996786]]]}, "properties": {"sensor": "Sentinel-1 C-SAR IW GRD", "polarization": "VV", "delta_sigma0_db": -4.2, "district": "Puri", "classification": "Water Inundation"}}, {"type": "Feature", "geometry": {"type": "Polygon", "coordinates": [[[85.86166223450189, 19.923392022996786], [85.87601540218103, 19.923392022996786], [85.87601540218103, 19.93686669062165], [85.86166223450189, 19.93686669062165], [85.86166223450189, 19.923392022996786]]]}, "properties": {"sensor": "Sentinel-1 C-SAR IW GRD", "polarization": "VV", "delta_sigma0_db": -4.2, "district": "Puri", "classification": "Water Inundation"}}, {"type": "Feature", "geometry": {"type": "Polygon", "coordinates": [[[85.87601540218103, 19.923392022996786], [85.89036856986016, 19.923392022996786], [85.89036856986016, 19.93686669062165], [85.87601540218103, 19.93686669062165], [85.87601540218103, 19.923392022996786]]]}, "properties": {"sensor": "Sentinel-1 C-SAR IW GRD", "polarization": "VV", "delta_sigma0_db": -4.2, "district": "Puri", "classification": "Water Inundation"}}, {"type": "Feature", "geometry": {"type": "Polygon", "coordinates": [[[85.89036856986016, 19.923392022996786], [85.90472173753929, 19.923392022996786], [85.90472173753929, 19.93686669062165], [85.89036856986016, 19.93686669062165], [85.89036856986016, 19.923392022996786]]]}, "properties": {"sensor": "Sentinel-1 C-SAR IW GRD", "polarization": "VV", "delta_sigma0_db": -4.2, "district": "Puri", "classification": "Water Inundation"}}, {"type": "Feature", "geometry": {"type": "Polygon", "coordinates": [[[85.90472173753929, 19.923392022996786], [85.91907490521842, 19.923392022996786], [85.91907490521842, 19.93686669062165], [85.90472173753929, 19.93686669062165], [85.90472173753929, 19.923392022996786]]]}, "properties": {"sensor": "Sentinel-1 C-SAR IW GRD", "polarization": "VV", "delta_sigma0_db": -4.2, "district": "Puri", "classification": "Water Inundation"}}, {"type": "Feature", "geometry": {"type": "Polygon", "coordinates": [[[85.91907490521842, 19.923392022996786], [85.93342807289756, 19.923392022996786], [85.93342807289756, 19.93686669062165], [85.91907490521842, 19.93686669062165], [85.91907490521842, 19.923392022996786]]]}, "properties": {"sensor": "Sentinel-1 C-SAR IW GRD", "polarization": "VV", "delta_sigma0_db": -4.2, "district": "Puri", "classification": "Water Inundation"}}, {"type": "Feature", "geometry": {"type": "Polygon", "coordinates": [[[85.93342807289756, 19.923392022996786], [85.94778124057669, 19.923392022996786], [85.94778124057669, 19.93686669062165], [85.93342807289756, 19.93686669062165], [85.93342807289756, 19.923392022996786]]]}, "properties": {"sensor": "Sentinel-1 C-SAR IW GRD", "polarization": "VV", "delta_sigma0_db": -4.2, "district": "Puri", "classification": "Water Inundation"}}, {"type": "Feature", "geometry": {"type": "Polygon", "coordinates": [[[85.94778124057669, 19.923392022996786], [85.96213440825582, 19.923392022996786], [85.96213440825582, 19.93686669062165], [85.94778124057669, 19.93686669062165], [85.94778124057669, 19.923392022996786]]]}, "properties": {"sensor": "Sentinel-1 C-SAR IW GRD", "polarization": "VV", "delta_sigma0_db": -4.2, "district": "Puri", "classification": "Water Inundation"}}, {"type": "Feature", "geometry": {"type": "Polygon", "coordinates": [[[85.70377739003143, 19.93686669062165], [85.71813055771057, 19.93686669062165], [85.71813055771057, 19.95034135824652], [85.70377739003143, 19.95034135824652], [85.70377739003143, 19.93686669062165]]]}, "properties": {"sensor": "Sentinel-1 C-SAR IW GRD", "polarization": "VV", "delta_sigma0_db": -5.0, "district": "Puri", "classification": "Water Inundation"}}, {"type": "Feature", "geometry": {"type": "Polygon", "coordinates": [[[85.71813055771057, 19.93686669062165], [85.7324837253897, 19.93686669062165], [85.7324837253897, 19.95034135824652], [85.71813055771057, 19.95034135824652], [85.71813055771057, 19.93686669062165]]]}, "properties": {"sensor": "Sentinel-1 C-SAR IW GRD", "polarization": "VV", "delta_sigma0_db": -5.0, "district": "Puri", "classification": "Water Inundation"}}, {"type": "Feature", "geometry": {"type": "Polygon", "coordinates": [[[85.7324837253897, 19.93686669062165], [85.74683689306883, 19.93686669062165], [85.74683689306883, 19.95034135824652], [85.7324837253897, 19.95034135824652], [85.7324837253897, 19.93686669062165]]]}, "properties": {"sensor": "Sentinel-1 C-SAR IW GRD", "polarization": "VV", "delta_sigma0_db": -5.0, "district": "Puri", "classification": "Water Inundation"}}, {"type": "Feature", "geometry": {"type": "Polygon", "coordinates": [[[85.74683689306883, 19.93686669062165], [85.76119006074796, 19.93686669062165], [85.76119006074796, 19.95034135824652], [85.74683689306883, 19.95034135824652], [85.74683689306883, 19.93686669062165]]]}, "properties": {"sensor": "Sentinel-1 C-SAR IW GRD", "polarization": "VV", "delta_sigma0_db": -5.0, "district": "Puri", "classification": "Water Inundation"}}, {"type": "Feature", "geometry": {"type": "Polygon", "coordinates": [[[85.76119006074796, 19.93686669062165], [85.7755432284271, 19.93686669062165], [85.7755432284271, 19.95034135824652], [85.76119006074796, 19.95034135824652], [85.76119006074796, 19.93686669062165]]]}, "properties": {"sensor": "Sentinel-1 C-SAR IW GRD", "polarization": "VV", "delta_sigma0_db": -5.0, "district": "Puri", "classification": "Water Inundation"}}, {"type": "Feature", "geometry": {"type": "Polygon", "coordinates": [[[85.7755432284271, 19.93686669062165], [85.78989639610623, 19.93686669062165], [85.78989639610623, 19.95034135824652], [85.7755432284271, 19.95034135824652], [85.7755432284271, 19.93686669062165]]]}, "properties": {"sensor": "Sentinel-1 C-SAR IW GRD", "polarization": "VV", "delta_sigma0_db": -5.0, "district": "Puri", "classification": "Water Inundation"}}, {"type": "Feature", "geometry": {"type": "Polygon", "coordinates": [[[85.78989639610623, 19.93686669062165], [85.80424956378536, 19.93686669062165], [85.80424956378536, 19.95034135824652], [85.78989639610623, 19.95034135824652], [85.78989639610623, 19.93686669062165]]]}, "properties": {"sensor": "Sentinel-1 C-SAR IW GRD", "polarization": "VV", "delta_sigma0_db": -5.0, "district": "Puri", "classification": "Water Inundation"}}, {"type": "Feature", "geometry": {"type": "Polygon", "coordinates": [[[85.80424956378536, 19.93686669062165], [85.8186027314645, 19.93686669062165], [85.8186027314645, 19.95034135824652], [85.80424956378536, 19.95034135824652], [85.80424956378536, 19.93686669062165]]]}, "properties": {"sensor": "Sentinel-1 C-SAR IW GRD", "polarization": "VV", "delta_sigma0_db": -5.0, "district": "Puri", "classification": "Water Inundation"}}, {"type": "Feature", "geometry": {"type": "Polygon", "coordinates": [[[85.8186027314645, 19.93686669062165], [85.83295589914363, 19.93686669062165], [85.83295589914363, 19.95034135824652], [85.8186027314645, 19.95034135824652], [85.8186027314645, 19.93686669062165]]]}, "properties": {"sensor": "Sentinel-1 C-SAR IW GRD", "polarization": "VV", "delta_sigma0_db": -5.0, "district": "Puri", "classification": "Water Inundation"}}, {"type": "Feature", "geometry": {"type": "Polygon", "coordinates": [[[85.83295589914363, 19.93686669062165], [85.84730906682276, 19.93686669062165], [85.84730906682276, 19.95034135824652], [85.83295589914363, 19.95034135824652], [85.83295589914363, 19.93686669062165]]]}, "properties": {"sensor": "Sentinel-1 C-SAR IW GRD", "polarization": "VV", "delta_sigma0_db": -5.0, "district": "Puri", "classification": "Water Inundation"}}, {"type": "Feature", "geometry": {"type": "Polygon", "coordinates": [[[85.84730906682276, 19.93686669062165], [85.86166223450189, 19.93686669062165], [85.86166223450189, 19.95034135824652], [85.84730906682276, 19.95034135824652], [85.84730906682276, 19.93686669062165]]]}, "properties": {"sensor": "Sentinel-1 C-SAR IW GRD", "polarization": "VV", "delta_sigma0_db": -5.0, "district": "Puri", "classification": "Water Inundation"}}, {"type": "Feature", "geometry": {"type": "Polygon", "coordinates": [[[85.86166223450189, 19.93686669062165], [85.87601540218103, 19.93686669062165], [85.87601540218103, 19.95034135824652], [85.86166223450189, 19.95034135824652], [85.86166223450189, 19.93686669062165]]]}, "properties": {"sensor": "Sentinel-1 C-SAR IW GRD", "polarization": "VV", "delta_sigma0_db": -5.0, "district": "Puri", "classification": "Water Inundation"}}, {"type": "Feature", "geometry": {"type": "Polygon", "coordinates": [[[85.87601540218103, 19.93686669062165], [85.89036856986016, 19.93686669062165], [85.89036856986016, 19.95034135824652], [85.87601540218103, 19.95034135824652], [85.87601540218103, 19.93686669062165]]]}, "properties": {"sensor": "Sentinel-1 C-SAR IW GRD", "polarization": "VV", "delta_sigma0_db": -5.0, "district": "Puri", "classification": "Water Inundation"}}, {"type": "Feature", "geometry": {"type": "Polygon", "coordinates": [[[85.89036856986016, 19.93686669062165], [85.90472173753929, 19.93686669062165], [85.90472173753929, 19.95034135824652], [85.89036856986016, 19.95034135824652], [85.89036856986016, 19.93686669062165]]]}, "properties": {"sensor": "Sentinel-1 C-SAR IW GRD", "polarization": "VV", "delta_sigma0_db": -5.0, "district": "Puri", "classification": "Water Inundation"}}, {"type": "Feature", "geometry": {"type": "Polygon", "coordinates": [[[85.90472173753929, 19.93686669062165], [85.91907490521842, 19.93686669062165], [85.91907490521842, 19.95034135824652], [85.90472173753929, 19.95034135824652], [85.90472173753929, 19.93686669062165]]]}, "properties": {"sensor": "Sentinel-1 C-SAR IW GRD", "polarization": "VV", "delta_sigma0_db": -5.0, "district": "Puri", "classification": "Water Inundation"}}, {"type": "Feature", "geometry": {"type": "Polygon", "coordinates": [[[85.91907490521842, 19.93686669062165], [85.93342807289756, 19.93686669062165], [85.93342807289756, 19.95034135824652], [85.91907490521842, 19.95034135824652], [85.91907490521842, 19.93686669062165]]]}, "properties": {"sensor": "Sentinel-1 C-SAR IW GRD", "polarization": "VV", "delta_sigma0_db": -5.0, "district": "Puri", "classification": "Water Inundation"}}, {"type": "Feature", "geometry": {"type": "Polygon", "coordinates": [[[85.93342807289756, 19.93686669062165], [85.94778124057669, 19.93686669062165], [85.94778124057669, 19.95034135824652], [85.93342807289756, 19.95034135824652], [85.93342807289756, 19.93686669062165]]]}, "properties": {"sensor": "Sentinel-1 C-SAR IW GRD", "polarization": "VV", "delta_sigma0_db": -5.0, "district": "Puri", "classification": "Water Inundation"}}, {"type": "Feature", "geometry": {"type": "Polygon", "coordinates": [[[85.7324837253897, 19.95034135824652], [85.74683689306883, 19.95034135824652], [85.74683689306883, 19.96381602587138], [85.7324837253897, 19.96381602587138], [85.7324837253897, 19.95034135824652]]]}, "properties": {"sensor": "Sentinel-1 C-SAR IW GRD", "polarization": "VV", "delta_sigma0_db": -5.8, "district": "Puri", "classification": "Water Inundation"}}, {"type": "Feature", "geometry": {"type": "Polygon", "coordinates": [[[85.74683689306883, 19.95034135824652], [85.76119006074796, 19.95034135824652], [85.76119006074796, 19.96381602587138], [85.74683689306883, 19.96381602587138], [85.74683689306883, 19.95034135824652]]]}, "properties": {"sensor": "Sentinel-1 C-SAR IW GRD", "polarization": "VV", "delta_sigma0_db": -5.8, "district": "Puri", "classification": "Water Inundation"}}, {"type": "Feature", "geometry": {"type": "Polygon", "coordinates": [[[85.76119006074796, 19.95034135824652], [85.7755432284271, 19.95034135824652], [85.7755432284271, 19.96381602587138], [85.76119006074796, 19.96381602587138], [85.76119006074796, 19.95034135824652]]]}, "properties": {"sensor": "Sentinel-1 C-SAR IW GRD", "polarization": "VV", "delta_sigma0_db": -5.8, "district": "Puri", "classification": "Water Inundation"}}, {"type": "Feature", "geometry": {"type": "Polygon", "coordinates": [[[85.7755432284271, 19.95034135824652], [85.78989639610623, 19.95034135824652], [85.78989639610623, 19.96381602587138], [85.7755432284271, 19.96381602587138], [85.7755432284271, 19.95034135824652]]]}, "properties": {"sensor": "Sentinel-1 C-SAR IW GRD", "polarization": "VV", "delta_sigma0_db": -5.8, "district": "Puri", "classification": "Water Inundation"}}, {"type": "Feature", "geometry": {"type": "Polygon", "coordinates": [[[85.78989639610623, 19.95034135824652], [85.80424956378536, 19.95034135824652], [85.80424956378536, 19.96381602587138], [85.78989639610623, 19.96381602587138], [85.78989639610623, 19.95034135824652]]]}, "properties": {"sensor": "Sentinel-1 C-SAR IW GRD", "polarization": "VV", "delta_sigma0_db": -5.8, "district": "Puri", "classification": "Water Inundation"}}, {"type": "Feature", "geometry": {"type": "Polygon", "coordinates": [[[85.80424956378536, 19.95034135824652], [85.8186027314645, 19.95034135824652], [85.8186027314645, 19.96381602587138], [85.80424956378536, 19.96381602587138], [85.80424956378536, 19.95034135824652]]]}, "properties": {"sensor": "Sentinel-1 C-SAR IW GRD", "polarization": "VV", "delta_sigma0_db": -5.8, "district": "Puri", "classification": "Water Inundation"}}, {"type": "Feature", "geometry": {"type": "Polygon", "coordinates": [[[85.8186027314645, 19.95034135824652], [85.83295589914363, 19.95034135824652], [85.83295589914363, 19.96381602587138], [85.8186027314645, 19.96381602587138], [85.8186027314645, 19.95034135824652]]]}, "properties": {"sensor": "Sentinel-1 C-SAR IW GRD", "polarization": "VV", "delta_sigma0_db": -5.8, "district": "Puri", "classification": "Water Inundation"}}, {"type": "Feature", "geometry": {"type": "Polygon", "coordinates": [[[85.83295589914363, 19.95034135824652], [85.84730906682276, 19.95034135824652], [85.84730906682276, 19.96381602587138], [85.83295589914363, 19.96381602587138], [85.83295589914363, 19.95034135824652]]]}, "properties": {"sensor": "Sentinel-1 C-SAR IW GRD", "polarization": "VV", "delta_sigma0_db": -5.8, "district": "Puri", "classification": "Water Inundation"}}, {"type": "Feature", "geometry": {"type": "Polygon", "coordinates": [[[85.84730906682276, 19.95034135824652], [85.86166223450189, 19.95034135824652], [85.86166223450189, 19.96381602587138], [85.84730906682276, 19.96381602587138], [85.84730906682276, 19.95034135824652]]]}, "properties": {"sensor": "Sentinel-1 C-SAR IW GRD", "polarization": "VV", "delta_sigma0_db": -5.8, "district": "Puri", "classification": "Water Inundation"}}, {"type": "Feature", "geometry": {"type": "Polygon", "coordinates": [[[85.86166223450189, 19.95034135824652], [85.87601540218103, 19.95034135824652], [85.87601540218103, 19.96381602587138], [85.86166223450189, 19.96381602587138], [85.86166223450189, 19.95034135824652]]]}, "properties": {"sensor": "Sentinel-1 C-SAR IW GRD", "polarization": "VV", "delta_sigma0_db": -5.8, "district": "Puri", "classification": "Water Inundation"}}, {"type": "Feature", "geometry": {"type": "Polygon", "coordinates": [[[85.87601540218103, 19.95034135824652], [85.89036856986016, 19.95034135824652], [85.89036856986016, 19.96381602587138], [85.87601540218103, 19.96381602587138], [85.87601540218103, 19.95034135824652]]]}, "properties": {"sensor": "Sentinel-1 C-SAR IW GRD", "polarization": "VV", "delta_sigma0_db": -5.8, "district": "Puri", "classification": "Water Inundation"}}, {"type": "Feature", "geometry": {"type": "Polygon", "coordinates": [[[85.89036856986016, 19.95034135824652], [85.90472173753929, 19.95034135824652], [85.90472173753929, 19.96381602587138], [85.89036856986016, 19.96381602587138], [85.89036856986016, 19.95034135824652]]]}, "properties": {"sensor": "Sentinel-1 C-SAR IW GRD", "polarization": "VV", "delta_sigma0_db": -5.8, "district": "Puri", "classification": "Water Inundation"}}, {"type": "Feature", "geometry": {"type": "Polygon", "coordinates": [[[85.90472173753929, 19.95034135824652], [85.91907490521842, 19.95034135824652], [85.91907490521842, 19.96381602587138], [85.90472173753929, 19.96381602587138], [85.90472173753929, 19.95034135824652]]]}, "properties": {"sensor": "Sentinel-1 C-SAR IW GRD", "polarization": "VV", "delta_sigma0_db": -5.8, "district": "Puri", "classification": "Water Inundation"}}, {"type": "Feature", "geometry": {"type": "Polygon", "coordinates": [[[85.91907490521842, 19.95034135824652], [85.93342807289756, 19.95034135824652], [85.93342807289756, 19.96381602587138], [85.91907490521842, 19.96381602587138], [85.91907490521842, 19.95034135824652]]]}, "properties": {"sensor": "Sentinel-1 C-SAR IW GRD", "polarization": "VV", "delta_sigma0_db": -5.8, "district": "Puri", "classification": "Water Inundation"}}, {"type": "Feature", "geometry": {"type": "Polygon", "coordinates": [[[85.76119006074796, 19.96381602587138], [85.7755432284271, 19.96381602587138], [85.7755432284271, 19.97729069349625], [85.76119006074796, 19.97729069349625], [85.76119006074796, 19.96381602587138]]]}, "properties": {"sensor": "Sentinel-1 C-SAR IW GRD", "polarization": "VV", "delta_sigma0_db": -4.2, "district": "Puri", "classification": "Water Inundation"}}, {"type": "Feature", "geometry": {"type": "Polygon", "coordinates": [[[85.7755432284271, 19.96381602587138], [85.78989639610623, 19.96381602587138], [85.78989639610623, 19.97729069349625], [85.7755432284271, 19.97729069349625], [85.7755432284271, 19.96381602587138]]]}, "properties": {"sensor": "Sentinel-1 C-SAR IW GRD", "polarization": "VV", "delta_sigma0_db": -4.2, "district": "Puri", "classification": "Water Inundation"}}, {"type": "Feature", "geometry": {"type": "Polygon", "coordinates": [[[85.78989639610623, 19.96381602587138], [85.80424956378536, 19.96381602587138], [85.80424956378536, 19.97729069349625], [85.78989639610623, 19.97729069349625], [85.78989639610623, 19.96381602587138]]]}, "properties": {"sensor": "Sentinel-1 C-SAR IW GRD", "polarization": "VV", "delta_sigma0_db": -4.2, "district": "Puri", "classification": "Water Inundation"}}, {"type": "Feature", "geometry": {"type": "Polygon", "coordinates": [[[85.80424956378536, 19.96381602587138], [85.8186027314645, 19.96381602587138], [85.8186027314645, 19.97729069349625], [85.80424956378536, 19.97729069349625], [85.80424956378536, 19.96381602587138]]]}, "properties": {"sensor": "Sentinel-1 C-SAR IW GRD", "polarization": "VV", "delta_sigma0_db": -4.2, "district": "Puri", "classification": "Water Inundation"}}, {"type": "Feature", "geometry": {"type": "Polygon", "coordinates": [[[85.8186027314645, 19.96381602587138], [85.83295589914363, 19.96381602587138], [85.83295589914363, 19.97729069349625], [85.8186027314645, 19.97729069349625], [85.8186027314645, 19.96381602587138]]]}, "properties": {"sensor": "Sentinel-1 C-SAR IW GRD", "polarization": "VV", "delta_sigma0_db": -4.2, "district": "Puri", "classification": "Water Inundation"}}, {"type": "Feature", "geometry": {"type": "Polygon", "coordinates": [[[85.83295589914363, 19.96381602587138], [85.84730906682276, 19.96381602587138], [85.84730906682276, 19.97729069349625], [85.83295589914363, 19.97729069349625], [85.83295589914363, 19.96381602587138]]]}, "properties": {"sensor": "Sentinel-1 C-SAR IW GRD", "polarization": "VV", "delta_sigma0_db": -4.2, "district": "Puri", "classification": "Water Inundation"}}, {"type": "Feature", "geometry": {"type": "Polygon", "coordinates": [[[85.84730906682276, 19.96381602587138], [85.86166223450189, 19.96381602587138], [85.86166223450189, 19.97729069349625], [85.84730906682276, 19.97729069349625], [85.84730906682276, 19.96381602587138]]]}, "properties": {"sensor": "Sentinel-1 C-SAR IW GRD", "polarization": "VV", "delta_sigma0_db": -4.2, "district": "Puri", "classification": "Water Inundation"}}, {"type": "Feature", "geometry": {"type": "Polygon", "coordinates": [[[85.86166223450189, 19.96381602587138], [85.87601540218103, 19.96381602587138], [85.87601540218103, 19.97729069349625], [85.86166223450189, 19.97729069349625], [85.86166223450189, 19.96381602587138]]]}, "properties": {"sensor": "Sentinel-1 C-SAR IW GRD", "polarization": "VV", "delta_sigma0_db": -4.2, "district": "Puri", "classification": "Water Inundation"}}, {"type": "Feature", "geometry": {"type": "Polygon", "coordinates": [[[85.87601540218103, 19.96381602587138], [85.89036856986016, 19.96381602587138], [85.89036856986016, 19.97729069349625], [85.87601540218103, 19.97729069349625], [85.87601540218103, 19.96381602587138]]]}, "properties": {"sensor": "Sentinel-1 C-SAR IW GRD", "polarization": "VV", "delta_sigma0_db": -4.2, "district": "Puri", "classification": "Water Inundation"}}, {"type": "Feature", "geometry": {"type": "Polygon", "coordinates": [[[85.89036856986016, 19.96381602587138], [85.90472173753929, 19.96381602587138], [85.90472173753929, 19.97729069349625], [85.89036856986016, 19.97729069349625], [85.89036856986016, 19.96381602587138]]]}, "properties": {"sensor": "Sentinel-1 C-SAR IW GRD", "polarization": "VV", "delta_sigma0_db": -4.2, "district": "Puri", "classification": "Water Inundation"}}, {"type": "Feature", "geometry": {"type": "Polygon", "coordinates": [[[85.8186027314645, 19.97729069349625], [85.83295589914363, 19.97729069349625], [85.83295589914363, 19.990765361121113], [85.8186027314645, 19.990765361121113], [85.8186027314645, 19.97729069349625]]]}, "properties": {"sensor": "Sentinel-1 C-SAR IW GRD", "polarization": "VV", "delta_sigma0_db": -5.0, "district": "Puri", "classification": "Water Inundation"}}, {"type": "Feature", "geometry": {"type": "Polygon", "coordinates": [[[86.46449527702546, 20.07161336687031], [86.4788484447046, 20.07161336687031], [86.4788484447046, 20.08508803449518], [86.46449527702546, 20.08508803449518], [86.46449527702546, 20.07161336687031]]]}, "properties": {"sensor": "Sentinel-1 C-SAR IW GRD", "polarization": "VV", "delta_sigma0_db": -5.8, "district": "Jagatsinghpur", "classification": "Water Inundation"}}, {"type": "Feature", "geometry": {"type": "Polygon", "coordinates": [[[86.4788484447046, 20.07161336687031], [86.49320161238373, 20.07161336687031], [86.49320161238373, 20.08508803449518], [86.4788484447046, 20.08508803449518], [86.4788484447046, 20.07161336687031]]]}, "properties": {"sensor": "Sentinel-1 C-SAR IW GRD", "polarization": "VV", "delta_sigma0_db": -5.8, "district": "Jagatsinghpur", "classification": "Water Inundation"}}, {"type": "Feature", "geometry": {"type": "Polygon", "coordinates": [[[86.4357889416672, 20.08508803449518], [86.45014210934633, 20.08508803449518], [86.45014210934633, 20.09856270212004], [86.4357889416672, 20.09856270212004], [86.4357889416672, 20.08508803449518]]]}, "properties": {"sensor": "Sentinel-1 C-SAR IW GRD", "polarization": "VV", "delta_sigma0_db": -4.2, "district": "Jagatsinghpur", "classification": "Water Inundation"}}, {"type": "Feature", "geometry": {"type": "Polygon", "coordinates": [[[86.46449527702546, 20.08508803449518], [86.4788484447046, 20.08508803449518], [86.4788484447046, 20.09856270212004], [86.46449527702546, 20.09856270212004], [86.46449527702546, 20.08508803449518]]]}, "properties": {"sensor": "Sentinel-1 C-SAR IW GRD", "polarization": "VV", "delta_sigma0_db": -4.2, "district": "Jagatsinghpur", "classification": "Water Inundation"}}, {"type": "Feature", "geometry": {"type": "Polygon", "coordinates": [[[86.4788484447046, 20.08508803449518], [86.49320161238373, 20.08508803449518], [86.49320161238373, 20.09856270212004], [86.4788484447046, 20.09856270212004], [86.4788484447046, 20.08508803449518]]]}, "properties": {"sensor": "Sentinel-1 C-SAR IW GRD", "polarization": "VV", "delta_sigma0_db": -4.2, "district": "Jagatsinghpur", "classification": "Water Inundation"}}, {"type": "Feature", "geometry": {"type": "Polygon", "coordinates": [[[86.40708260630893, 20.09856270212004], [86.42143577398807, 20.09856270212004], [86.42143577398807, 20.11203736974491], [86.40708260630893, 20.11203736974491], [86.40708260630893, 20.09856270212004]]]}, "properties": {"sensor": "Sentinel-1 C-SAR IW GRD", "polarization": "VV", "delta_sigma0_db": -5.0, "district": "Jagatsinghpur", "classification": "Water Inundation"}}, {"type": "Feature", "geometry": {"type": "Polygon", "coordinates": [[[86.42143577398807, 20.09856270212004], [86.4357889416672, 20.09856270212004], [86.4357889416672, 20.11203736974491], [86.42143577398807, 20.11203736974491], [86.42143577398807, 20.09856270212004]]]}, "properties": {"sensor": "Sentinel-1 C-SAR IW GRD", "polarization": "VV", "delta_sigma0_db": -5.0, "district": "Jagatsinghpur", "classification": "Water Inundation"}}, {"type": "Feature", "geometry": {"type": "Polygon", "coordinates": [[[86.4357889416672, 20.09856270212004], [86.45014210934633, 20.09856270212004], [86.45014210934633, 20.11203736974491], [86.4357889416672, 20.11203736974491], [86.4357889416672, 20.09856270212004]]]}, "properties": {"sensor": "Sentinel-1 C-SAR IW GRD", "polarization": "VV", "delta_sigma0_db": -5.0, "district": "Jagatsinghpur", "classification": "Water Inundation"}}, {"type": "Feature", "geometry": {"type": "Polygon", "coordinates": [[[86.45014210934633, 20.09856270212004], [86.46449527702546, 20.09856270212004], [86.46449527702546, 20.11203736974491], [86.45014210934633, 20.11203736974491], [86.45014210934633, 20.09856270212004]]]}, "properties": {"sensor": "Sentinel-1 C-SAR IW GRD", "polarization": "VV", "delta_sigma0_db": -5.0, "district": "Jagatsinghpur", "classification": "Water Inundation"}}, {"type": "Feature", "geometry": {"type": "Polygon", "coordinates": [[[86.46449527702546, 20.09856270212004], [86.4788484447046, 20.09856270212004], [86.4788484447046, 20.11203736974491], [86.46449527702546, 20.11203736974491], [86.46449527702546, 20.09856270212004]]]}, "properties": {"sensor": "Sentinel-1 C-SAR IW GRD", "polarization": "VV", "delta_sigma0_db": -5.0, "district": "Jagatsinghpur", "classification": "Water Inundation"}}, {"type": "Feature", "geometry": {"type": "Polygon", "coordinates": [[[86.4788484447046, 20.09856270212004], [86.49320161238373, 20.09856270212004], [86.49320161238373, 20.11203736974491], [86.4788484447046, 20.11203736974491], [86.4788484447046, 20.09856270212004]]]}, "properties": {"sensor": "Sentinel-1 C-SAR IW GRD", "polarization": "VV", "delta_sigma0_db": -5.0, "district": "Jagatsinghpur", "classification": "Water Inundation"}}, {"type": "Feature", "geometry": {"type": "Polygon", "coordinates": [[[86.3927294386298, 20.11203736974491], [86.40708260630893, 20.11203736974491], [86.40708260630893, 20.125512037369774], [86.3927294386298, 20.125512037369774], [86.3927294386298, 20.11203736974491]]]}, "properties": {"sensor": "Sentinel-1 C-SAR IW GRD", "polarization": "VV", "delta_sigma0_db": -5.8, "district": "Jagatsinghpur", "classification": "Water Inundation"}}, {"type": "Feature", "geometry": {"type": "Polygon", "coordinates": [[[86.40708260630893, 20.11203736974491], [86.42143577398807, 20.11203736974491], [86.42143577398807, 20.125512037369774], [86.40708260630893, 20.125512037369774], [86.40708260630893, 20.11203736974491]]]}, "properties": {"sensor": "Sentinel-1 C-SAR IW GRD", "polarization": "VV", "delta_sigma0_db": -5.8, "district": "Jagatsinghpur", "classification": "Water Inundation"}}, {"type": "Feature", "geometry": {"type": "Polygon", "coordinates": [[[86.42143577398807, 20.11203736974491], [86.4357889416672, 20.11203736974491], [86.4357889416672, 20.125512037369774], [86.42143577398807, 20.125512037369774], [86.42143577398807, 20.11203736974491]]]}, "properties": {"sensor": "Sentinel-1 C-SAR IW GRD", "polarization": "VV", "delta_sigma0_db": -5.8, "district": "Jagatsinghpur", "classification": "Water Inundation"}}, {"type": "Feature", "geometry": {"type": "Polygon", "coordinates": [[[86.4357889416672, 20.11203736974491], [86.45014210934633, 20.11203736974491], [86.45014210934633, 20.125512037369774], [86.4357889416672, 20.125512037369774], [86.4357889416672, 20.11203736974491]]]}, "properties": {"sensor": "Sentinel-1 C-SAR IW GRD", "polarization": "VV", "delta_sigma0_db": -5.8, "district": "Jagatsinghpur", "classification": "Water Inundation"}}, {"type": "Feature", "geometry": {"type": "Polygon", "coordinates": [[[86.45014210934633, 20.11203736974491], [86.46449527702546, 20.11203736974491], [86.46449527702546, 20.125512037369774], [86.45014210934633, 20.125512037369774], [86.45014210934633, 20.11203736974491]]]}, "properties": {"sensor": "Sentinel-1 C-SAR IW GRD", "polarization": "VV", "delta_sigma0_db": -5.8, "district": "Jagatsinghpur", "classification": "Water Inundation"}}, {"type": "Feature", "geometry": {"type": "Polygon", "coordinates": [[[86.46449527702546, 20.11203736974491], [86.4788484447046, 20.11203736974491], [86.4788484447046, 20.125512037369774], [86.46449527702546, 20.125512037369774], [86.46449527702546, 20.11203736974491]]]}, "properties": {"sensor": "Sentinel-1 C-SAR IW GRD", "polarization": "VV", "delta_sigma0_db": -5.8, "district": "Jagatsinghpur", "classification": "Water Inundation"}}, {"type": "Feature", "geometry": {"type": "Polygon", "coordinates": [[[86.4788484447046, 20.11203736974491], [86.49320161238373, 20.11203736974491], [86.49320161238373, 20.125512037369774], [86.4788484447046, 20.125512037369774], [86.4788484447046, 20.11203736974491]]]}, "properties": {"sensor": "Sentinel-1 C-SAR IW GRD", "polarization": "VV", "delta_sigma0_db": -5.8, "district": "Jagatsinghpur", "classification": "Water Inundation"}}, {"type": "Feature", "geometry": {"type": "Polygon", "coordinates": [[[86.3927294386298, 20.125512037369774], [86.40708260630893, 20.125512037369774], [86.40708260630893, 20.138986704994643], [86.3927294386298, 20.138986704994643], [86.3927294386298, 20.125512037369774]]]}, "properties": {"sensor": "Sentinel-1 C-SAR IW GRD", "polarization": "VV", "delta_sigma0_db": -4.2, "district": "Jagatsinghpur", "classification": "Water Inundation"}}, {"type": "Feature", "geometry": {"type": "Polygon", "coordinates": [[[86.40708260630893, 20.125512037369774], [86.42143577398807, 20.125512037369774], [86.42143577398807, 20.138986704994643], [86.40708260630893, 20.138986704994643], [86.40708260630893, 20.125512037369774]]]}, "properties": {"sensor": "Sentinel-1 C-SAR IW GRD", "polarization": "VV", "delta_sigma0_db": -4.2, "district": "Jagatsinghpur", "classification": "Water Inundation"}}, {"type": "Feature", "geometry": {"type": "Polygon", "coordinates": [[[86.42143577398807, 20.125512037369774], [86.4357889416672, 20.125512037369774], [86.4357889416672, 20.138986704994643], [86.42143577398807, 20.138986704994643], [86.42143577398807, 20.125512037369774]]]}, "properties": {"sensor": "Sentinel-1 C-SAR IW GRD", "polarization": "VV", "delta_sigma0_db": -4.2, "district": "Jagatsinghpur", "classification": "Water Inundation"}}, {"type": "Feature", "geometry": {"type": "Polygon", "coordinates": [[[86.4357889416672, 20.125512037369774], [86.45014210934633, 20.125512037369774], [86.45014210934633, 20.138986704994643], [86.4357889416672, 20.138986704994643], [86.4357889416672, 20.125512037369774]]]}, "properties": {"sensor": "Sentinel-1 C-SAR IW GRD", "polarization": "VV", "delta_sigma0_db": -4.2, "district": "Jagatsinghpur", "classification": "Water Inundation"}}, {"type": "Feature", "geometry": {"type": "Polygon", "coordinates": [[[86.45014210934633, 20.125512037369774], [86.46449527702546, 20.125512037369774], [86.46449527702546, 20.138986704994643], [86.45014210934633, 20.138986704994643], [86.45014210934633, 20.125512037369774]]]}, "properties": {"sensor": "Sentinel-1 C-SAR IW GRD", "polarization": "VV", "delta_sigma0_db": -4.2, "district": "Jagatsinghpur", "classification": "Water Inundation"}}, {"type": "Feature", "geometry": {"type": "Polygon", "coordinates": [[[86.46449527702546, 20.125512037369774], [86.4788484447046, 20.125512037369774], [86.4788484447046, 20.138986704994643], [86.46449527702546, 20.138986704994643], [86.46449527702546, 20.125512037369774]]]}, "properties": {"sensor": "Sentinel-1 C-SAR IW GRD", "polarization": "VV", "delta_sigma0_db": -4.2, "district": "Jagatsinghpur", "classification": "Water Inundation"}}, {"type": "Feature", "geometry": {"type": "Polygon", "coordinates": [[[86.4788484447046, 20.125512037369774], [86.49320161238373, 20.125512037369774], [86.49320161238373, 20.138986704994643], [86.4788484447046, 20.138986704994643], [86.4788484447046, 20.125512037369774]]]}, "properties": {"sensor": "Sentinel-1 C-SAR IW GRD", "polarization": "VV", "delta_sigma0_db": -4.2, "district": "Jagatsinghpur", "classification": "Water Inundation"}}, {"type": "Feature", "geometry": {"type": "Polygon", "coordinates": [[[86.37837627095067, 20.138986704994643], [86.3927294386298, 20.138986704994643], [86.3927294386298, 20.152461372619506], [86.37837627095067, 20.152461372619506], [86.37837627095067, 20.138986704994643]]]}, "properties": {"sensor": "Sentinel-1 C-SAR IW GRD", "polarization": "VV", "delta_sigma0_db": -5.0, "district": "Jagatsinghpur", "classification": "Water Inundation"}}, {"type": "Feature", "geometry": {"type": "Polygon", "coordinates": [[[86.3927294386298, 20.138986704994643], [86.40708260630893, 20.138986704994643], [86.40708260630893, 20.152461372619506], [86.3927294386298, 20.152461372619506], [86.3927294386298, 20.138986704994643]]]}, "properties": {"sensor": "Sentinel-1 C-SAR IW GRD", "polarization": "VV", "delta_sigma0_db": -5.0, "district": "Jagatsinghpur", "classification": "Water Inundation"}}, {"type": "Feature", "geometry": {"type": "Polygon", "coordinates": [[[86.40708260630893, 20.138986704994643], [86.42143577398807, 20.138986704994643], [86.42143577398807, 20.152461372619506], [86.40708260630893, 20.152461372619506], [86.40708260630893, 20.138986704994643]]]}, "properties": {"sensor": "Sentinel-1 C-SAR IW GRD", "polarization": "VV", "delta_sigma0_db": -5.0, "district": "Jagatsinghpur", "classification": "Water Inundation"}}, {"type": "Feature", "geometry": {"type": "Polygon", "coordinates": [[[86.42143577398807, 20.138986704994643], [86.4357889416672, 20.138986704994643], [86.4357889416672, 20.152461372619506], [86.42143577398807, 20.152461372619506], [86.42143577398807, 20.138986704994643]]]}, "properties": {"sensor": "Sentinel-1 C-SAR IW GRD", "polarization": "VV", "delta_sigma0_db": -5.0, "district": "Jagatsinghpur", "classification": "Water Inundation"}}, {"type": "Feature", "geometry": {"type": "Polygon", "coordinates": [[[86.4357889416672, 20.138986704994643], [86.45014210934633, 20.138986704994643], [86.45014210934633, 20.152461372619506], [86.4357889416672, 20.152461372619506], [86.4357889416672, 20.138986704994643]]]}, "properties": {"sensor": "Sentinel-1 C-SAR IW GRD", "polarization": "VV", "delta_sigma0_db": -5.0, "district": "Jagatsinghpur", "classification": "Water Inundation"}}, {"type": "Feature", "geometry": {"type": "Polygon", "coordinates": [[[86.45014210934633, 20.138986704994643], [86.46449527702546, 20.138986704994643], [86.46449527702546, 20.152461372619506], [86.45014210934633, 20.152461372619506], [86.45014210934633, 20.138986704994643]]]}, "properties": {"sensor": "Sentinel-1 C-SAR IW GRD", "polarization": "VV", "delta_sigma0_db": -5.0, "district": "Jagatsinghpur", "classification": "Water Inundation"}}, {"type": "Feature", "geometry": {"type": "Polygon", "coordinates": [[[86.46449527702546, 20.138986704994643], [86.4788484447046, 20.138986704994643], [86.4788484447046, 20.152461372619506], [86.46449527702546, 20.152461372619506], [86.46449527702546, 20.138986704994643]]]}, "properties": {"sensor": "Sentinel-1 C-SAR IW GRD", "polarization": "VV", "delta_sigma0_db": -5.0, "district": "Jagatsinghpur", "classification": "Water Inundation"}}, {"type": "Feature", "geometry": {"type": "Polygon", "coordinates": [[[86.4788484447046, 20.138986704994643], [86.49320161238373, 20.138986704994643], [86.49320161238373, 20.152461372619506], [86.4788484447046, 20.152461372619506], [86.4788484447046, 20.138986704994643]]]}, "properties": {"sensor": "Sentinel-1 C-SAR IW GRD", "polarization": "VV", "delta_sigma0_db": -5.0, "district": "Jagatsinghpur", "classification": "Water Inundation"}}, {"type": "Feature", "geometry": {"type": "Polygon", "coordinates": [[[86.37837627095067, 20.152461372619506], [86.3927294386298, 20.152461372619506], [86.3927294386298, 20.165936040244375], [86.37837627095067, 20.165936040244375], [86.37837627095067, 20.152461372619506]]]}, "properties": {"sensor": "Sentinel-1 C-SAR IW GRD", "polarization": "VV", "delta_sigma0_db": -5.8, "district": "Jagatsinghpur", "classification": "Water Inundation"}}, {"type": "Feature", "geometry": {"type": "Polygon", "coordinates": [[[86.3927294386298, 20.152461372619506], [86.40708260630893, 20.152461372619506], [86.40708260630893, 20.165936040244375], [86.3927294386298, 20.165936040244375], [86.3927294386298, 20.152461372619506]]]}, "properties": {"sensor": "Sentinel-1 C-SAR IW GRD", "polarization": "VV", "delta_sigma0_db": -5.8, "district": "Jagatsinghpur", "classification": "Water Inundation"}}, {"type": "Feature", "geometry": {"type": "Polygon", "coordinates": [[[86.40708260630893, 20.152461372619506], [86.42143577398807, 20.152461372619506], [86.42143577398807, 20.165936040244375], [86.40708260630893, 20.165936040244375], [86.40708260630893, 20.152461372619506]]]}, "properties": {"sensor": "Sentinel-1 C-SAR IW GRD", "polarization": "VV", "delta_sigma0_db": -5.8, "district": "Jagatsinghpur", "classification": "Water Inundation"}}, {"type": "Feature", "geometry": {"type": "Polygon", "coordinates": [[[86.42143577398807, 20.152461372619506], [86.4357889416672, 20.152461372619506], [86.4357889416672, 20.165936040244375], [86.42143577398807, 20.165936040244375], [86.42143577398807, 20.152461372619506]]]}, "properties": {"sensor": "Sentinel-1 C-SAR IW GRD", "polarization": "VV", "delta_sigma0_db": -5.8, "district": "Jagatsinghpur", "classification": "Water Inundation"}}, {"type": "Feature", "geometry": {"type": "Polygon", "coordinates": [[[86.4357889416672, 20.152461372619506], [86.45014210934633, 20.152461372619506], [86.45014210934633, 20.165936040244375], [86.4357889416672, 20.165936040244375], [86.4357889416672, 20.152461372619506]]]}, "properties": {"sensor": "Sentinel-1 C-SAR IW GRD", "polarization": "VV", "delta_sigma0_db": -5.8, "district": "Jagatsinghpur", "classification": "Water Inundation"}}, {"type": "Feature", "geometry": {"type": "Polygon", "coordinates": [[[86.45014210934633, 20.152461372619506], [86.46449527702546, 20.152461372619506], [86.46449527702546, 20.165936040244375], [86.45014210934633, 20.165936040244375], [86.45014210934633, 20.152461372619506]]]}, "properties": {"sensor": "Sentinel-1 C-SAR IW GRD", "polarization": "VV", "delta_sigma0_db": -5.8, "district": "Jagatsinghpur", "classification": "Water Inundation"}}, {"type": "Feature", "geometry": {"type": "Polygon", "coordinates": [[[86.46449527702546, 20.152461372619506], [86.4788484447046, 20.152461372619506], [86.4788484447046, 20.165936040244375], [86.46449527702546, 20.165936040244375], [86.46449527702546, 20.152461372619506]]]}, "properties": {"sensor": "Sentinel-1 C-SAR IW GRD", "polarization": "VV", "delta_sigma0_db": -5.8, "district": "Jagatsinghpur", "classification": "Water Inundation"}}, {"type": "Feature", "geometry": {"type": "Polygon", "coordinates": [[[86.4788484447046, 20.152461372619506], [86.49320161238373, 20.152461372619506], [86.49320161238373, 20.165936040244375], [86.4788484447046, 20.165936040244375], [86.4788484447046, 20.152461372619506]]]}, "properties": {"sensor": "Sentinel-1 C-SAR IW GRD", "polarization": "VV", "delta_sigma0_db": -5.8, "district": "Jagatsinghpur", "classification": "Water Inundation"}}, {"type": "Feature", "geometry": {"type": "Polygon", "coordinates": [[[86.36402310327153, 20.165936040244375], [86.37837627095067, 20.165936040244375], [86.37837627095067, 20.179410707869238], [86.36402310327153, 20.179410707869238], [86.36402310327153, 20.165936040244375]]]}, "properties": {"sensor": "Sentinel-1 C-SAR IW GRD", "polarization": "VV", "delta_sigma0_db": -4.2, "district": "Jagatsinghpur", "classification": "Water Inundation"}}, {"type": "Feature", "geometry": {"type": "Polygon", "coordinates": [[[86.37837627095067, 20.165936040244375], [86.3927294386298, 20.165936040244375], [86.3927294386298, 20.179410707869238], [86.37837627095067, 20.179410707869238], [86.37837627095067, 20.165936040244375]]]}, "properties": {"sensor": "Sentinel-1 C-SAR IW GRD", "polarization": "VV", "delta_sigma0_db": -4.2, "district": "Jagatsinghpur", "classification": "Water Inundation"}}, {"type": "Feature", "geometry": {"type": "Polygon", "coordinates": [[[86.40708260630893, 20.165936040244375], [86.42143577398807, 20.165936040244375], [86.42143577398807, 20.179410707869238], [86.40708260630893, 20.179410707869238], [86.40708260630893, 20.165936040244375]]]}, "properties": {"sensor": "Sentinel-1 C-SAR IW GRD", "polarization": "VV", "delta_sigma0_db": -4.2, "district": "Jagatsinghpur", "classification": "Water Inundation"}}, {"type": "Feature", "geometry": {"type": "Polygon", "coordinates": [[[86.42143577398807, 20.165936040244375], [86.4357889416672, 20.165936040244375], [86.4357889416672, 20.179410707869238], [86.42143577398807, 20.179410707869238], [86.42143577398807, 20.165936040244375]]]}, "properties": {"sensor": "Sentinel-1 C-SAR IW GRD", "polarization": "VV", "delta_sigma0_db": -4.2, "district": "Jagatsinghpur", "classification": "Water Inundation"}}, {"type": "Feature", "geometry": {"type": "Polygon", "coordinates": [[[86.4357889416672, 20.165936040244375], [86.45014210934633, 20.165936040244375], [86.45014210934633, 20.179410707869238], [86.4357889416672, 20.179410707869238], [86.4357889416672, 20.165936040244375]]]}, "properties": {"sensor": "Sentinel-1 C-SAR IW GRD", "polarization": "VV", "delta_sigma0_db": -4.2, "district": "Jagatsinghpur", "classification": "Water Inundation"}}, {"type": "Feature", "geometry": {"type": "Polygon", "coordinates": [[[86.46449527702546, 20.165936040244375], [86.4788484447046, 20.165936040244375], [86.4788484447046, 20.179410707869238], [86.46449527702546, 20.179410707869238], [86.46449527702546, 20.165936040244375]]]}, "properties": {"sensor": "Sentinel-1 C-SAR IW GRD", "polarization": "VV", "delta_sigma0_db": -4.2, "district": "Jagatsinghpur", "classification": "Water Inundation"}}, {"type": "Feature", "geometry": {"type": "Polygon", "coordinates": [[[86.4788484447046, 20.165936040244375], [86.49320161238373, 20.165936040244375], [86.49320161238373, 20.179410707869238], [86.4788484447046, 20.179410707869238], [86.4788484447046, 20.165936040244375]]]}, "properties": {"sensor": "Sentinel-1 C-SAR IW GRD", "polarization": "VV", "delta_sigma0_db": -4.2, "district": "Jagatsinghpur", "classification": "Water Inundation"}}, {"type": "Feature", "geometry": {"type": "Polygon", "coordinates": [[[86.36402310327153, 20.179410707869238], [86.37837627095067, 20.179410707869238], [86.37837627095067, 20.192885375494107], [86.36402310327153, 20.192885375494107], [86.36402310327153, 20.179410707869238]]]}, "properties": {"sensor": "Sentinel-1 C-SAR IW GRD", "polarization": "VV", "delta_sigma0_db": -5.0, "district": "Jagatsinghpur", "classification": "Water Inundation"}}, {"type": "Feature", "geometry": {"type": "Polygon", "coordinates": [[[86.37837627095067, 20.179410707869238], [86.3927294386298, 20.179410707869238], [86.3927294386298, 20.192885375494107], [86.37837627095067, 20.192885375494107], [86.37837627095067, 20.179410707869238]]]}, "properties": {"sensor": "Sentinel-1 C-SAR IW GRD", "polarization": "VV", "delta_sigma0_db": -5.0, "district": "Jagatsinghpur", "classification": "Water Inundation"}}, {"type": "Feature", "geometry": {"type": "Polygon", "coordinates": [[[86.3927294386298, 20.179410707869238], [86.40708260630893, 20.179410707869238], [86.40708260630893, 20.192885375494107], [86.3927294386298, 20.192885375494107], [86.3927294386298, 20.179410707869238]]]}, "properties": {"sensor": "Sentinel-1 C-SAR IW GRD", "polarization": "VV", "delta_sigma0_db": -5.0, "district": "Jagatsinghpur", "classification": "Water Inundation"}}, {"type": "Feature", "geometry": {"type": "Polygon", "coordinates": [[[86.40708260630893, 20.179410707869238], [86.42143577398807, 20.179410707869238], [86.42143577398807, 20.192885375494107], [86.40708260630893, 20.192885375494107], [86.40708260630893, 20.179410707869238]]]}, "properties": {"sensor": "Sentinel-1 C-SAR IW GRD", "polarization": "VV", "delta_sigma0_db": -5.0, "district": "Jagatsinghpur", "classification": "Water Inundation"}}, {"type": "Feature", "geometry": {"type": "Polygon", "coordinates": [[[86.42143577398807, 20.179410707869238], [86.4357889416672, 20.179410707869238], [86.4357889416672, 20.192885375494107], [86.42143577398807, 20.192885375494107], [86.42143577398807, 20.179410707869238]]]}, "properties": {"sensor": "Sentinel-1 C-SAR IW GRD", "polarization": "VV", "delta_sigma0_db": -5.0, "district": "Jagatsinghpur", "classification": "Water Inundation"}}, {"type": "Feature", "geometry": {"type": "Polygon", "coordinates": [[[86.4357889416672, 20.179410707869238], [86.45014210934633, 20.179410707869238], [86.45014210934633, 20.192885375494107], [86.4357889416672, 20.192885375494107], [86.4357889416672, 20.179410707869238]]]}, "properties": {"sensor": "Sentinel-1 C-SAR IW GRD", "polarization": "VV", "delta_sigma0_db": -5.0, "district": "Jagatsinghpur", "classification": "Water Inundation"}}, {"type": "Feature", "geometry": {"type": "Polygon", "coordinates": [[[86.45014210934633, 20.179410707869238], [86.46449527702546, 20.179410707869238], [86.46449527702546, 20.192885375494107], [86.45014210934633, 20.192885375494107], [86.45014210934633, 20.179410707869238]]]}, "properties": {"sensor": "Sentinel-1 C-SAR IW GRD", "polarization": "VV", "delta_sigma0_db": -5.0, "district": "Jagatsinghpur", "classification": "Water Inundation"}}, {"type": "Feature", "geometry": {"type": "Polygon", "coordinates": [[[86.46449527702546, 20.179410707869238], [86.4788484447046, 20.179410707869238], [86.4788484447046, 20.192885375494107], [86.46449527702546, 20.192885375494107], [86.46449527702546, 20.179410707869238]]]}, "properties": {"sensor": "Sentinel-1 C-SAR IW GRD", "polarization": "VV", "delta_sigma0_db": -5.0, "district": "Jagatsinghpur", "classification": "Water Inundation"}}, {"type": "Feature", "geometry": {"type": "Polygon", "coordinates": [[[86.4788484447046, 20.179410707869238], [86.49320161238373, 20.179410707869238], [86.49320161238373, 20.192885375494107], [86.4788484447046, 20.192885375494107], [86.4788484447046, 20.179410707869238]]]}, "properties": {"sensor": "Sentinel-1 C-SAR IW GRD", "polarization": "VV", "delta_sigma0_db": -5.0, "district": "Jagatsinghpur", "classification": "Water Inundation"}}, {"type": "Feature", "geometry": {"type": "Polygon", "coordinates": [[[86.36402310327153, 20.192885375494107], [86.37837627095067, 20.192885375494107], [86.37837627095067, 20.20636004311897], [86.36402310327153, 20.20636004311897], [86.36402310327153, 20.192885375494107]]]}, "properties": {"sensor": "Sentinel-1 C-SAR IW GRD", "polarization": "VV", "delta_sigma0_db": -5.8, "district": "Jagatsinghpur", "classification": "Water Inundation"}}, {"type": "Feature", "geometry": {"type": "Polygon", "coordinates": [[[86.37837627095067, 20.192885375494107], [86.3927294386298, 20.192885375494107], [86.3927294386298, 20.20636004311897], [86.37837627095067, 20.20636004311897], [86.37837627095067, 20.192885375494107]]]}, "properties": {"sensor": "Sentinel-1 C-SAR IW GRD", "polarization": "VV", "delta_sigma0_db": -5.8, "district": "Jagatsinghpur", "classification": "Water Inundation"}}, {"type": "Feature", "geometry": {"type": "Polygon", "coordinates": [[[86.3927294386298, 20.192885375494107], [86.40708260630893, 20.192885375494107], [86.40708260630893, 20.20636004311897], [86.3927294386298, 20.20636004311897], [86.3927294386298, 20.192885375494107]]]}, "properties": {"sensor": "Sentinel-1 C-SAR IW GRD", "polarization": "VV", "delta_sigma0_db": -5.8, "district": "Jagatsinghpur", "classification": "Water Inundation"}}, {"type": "Feature", "geometry": {"type": "Polygon", "coordinates": [[[86.40708260630893, 20.192885375494107], [86.42143577398807, 20.192885375494107], [86.42143577398807, 20.20636004311897], [86.40708260630893, 20.20636004311897], [86.40708260630893, 20.192885375494107]]]}, "properties": {"sensor": "Sentinel-1 C-SAR IW GRD", "polarization": "VV", "delta_sigma0_db": -5.8, "district": "Jagatsinghpur", "classification": "Water Inundation"}}, {"type": "Feature", "geometry": {"type": "Polygon", "coordinates": [[[86.42143577398807, 20.192885375494107], [86.4357889416672, 20.192885375494107], [86.4357889416672, 20.20636004311897], [86.42143577398807, 20.20636004311897], [86.42143577398807, 20.192885375494107]]]}, "properties": {"sensor": "Sentinel-1 C-SAR IW GRD", "polarization": "VV", "delta_sigma0_db": -5.8, "district": "Jagatsinghpur", "classification": "Water Inundation"}}, {"type": "Feature", "geometry": {"type": "Polygon", "coordinates": [[[86.4357889416672, 20.192885375494107], [86.45014210934633, 20.192885375494107], [86.45014210934633, 20.20636004311897], [86.4357889416672, 20.20636004311897], [86.4357889416672, 20.192885375494107]]]}, "properties": {"sensor": "Sentinel-1 C-SAR IW GRD", "polarization": "VV", "delta_sigma0_db": -5.8, "district": "Jagatsinghpur", "classification": "Water Inundation"}}, {"type": "Feature", "geometry": {"type": "Polygon", "coordinates": [[[86.45014210934633, 20.192885375494107], [86.46449527702546, 20.192885375494107], [86.46449527702546, 20.20636004311897], [86.45014210934633, 20.20636004311897], [86.45014210934633, 20.192885375494107]]]}, "properties": {"sensor": "Sentinel-1 C-SAR IW GRD", "polarization": "VV", "delta_sigma0_db": -5.8, "district": "Jagatsinghpur", "classification": "Water Inundation"}}, {"type": "Feature", "geometry": {"type": "Polygon", "coordinates": [[[86.46449527702546, 20.192885375494107], [86.4788484447046, 20.192885375494107], [86.4788484447046, 20.20636004311897], [86.46449527702546, 20.20636004311897], [86.46449527702546, 20.192885375494107]]]}, "properties": {"sensor": "Sentinel-1 C-SAR IW GRD", "polarization": "VV", "delta_sigma0_db": -5.8, "district": "Jagatsinghpur", "classification": "Water Inundation"}}, {"type": "Feature", "geometry": {"type": "Polygon", "coordinates": [[[86.4788484447046, 20.192885375494107], [86.49320161238373, 20.192885375494107], [86.49320161238373, 20.20636004311897], [86.4788484447046, 20.20636004311897], [86.4788484447046, 20.192885375494107]]]}, "properties": {"sensor": "Sentinel-1 C-SAR IW GRD", "polarization": "VV", "delta_sigma0_db": -5.8, "district": "Jagatsinghpur", "classification": "Water Inundation"}}, {"type": "Feature", "geometry": {"type": "Polygon", "coordinates": [[[85.80424956378536, 20.20636004311897], [85.8186027314645, 20.20636004311897], [85.8186027314645, 20.21983471074384], [85.80424956378536, 20.21983471074384], [85.80424956378536, 20.20636004311897]]]}, "properties": {"sensor": "Sentinel-1 C-SAR IW GRD", "polarization": "VV", "delta_sigma0_db": -4.2, "district": "Khordha", "classification": "Water Inundation"}}, {"type": "Feature", "geometry": {"type": "Polygon", "coordinates": [[[85.8186027314645, 20.20636004311897], [85.83295589914363, 20.20636004311897], [85.83295589914363, 20.21983471074384], [85.8186027314645, 20.21983471074384], [85.8186027314645, 20.20636004311897]]]}, "properties": {"sensor": "Sentinel-1 C-SAR IW GRD", "polarization": "VV", "delta_sigma0_db": -4.2, "district": "Khordha", "classification": "Water Inundation"}}, {"type": "Feature", "geometry": {"type": "Polygon", "coordinates": [[[85.83295589914363, 20.20636004311897], [85.84730906682276, 20.20636004311897], [85.84730906682276, 20.21983471074384], [85.83295589914363, 20.21983471074384], [85.83295589914363, 20.20636004311897]]]}, "properties": {"sensor": "Sentinel-1 C-SAR IW GRD", "polarization": "VV", "delta_sigma0_db": -4.2, "district": "Khordha", "classification": "Water Inundation"}}, {"type": "Feature", "geometry": {"type": "Polygon", "coordinates": [[[86.36402310327153, 20.20636004311897], [86.37837627095067, 20.20636004311897], [86.37837627095067, 20.21983471074384], [86.36402310327153, 20.21983471074384], [86.36402310327153, 20.20636004311897]]]}, "properties": {"sensor": "Sentinel-1 C-SAR IW GRD", "polarization": "VV", "delta_sigma0_db": -4.2, "district": "Jagatsinghpur", "classification": "Water Inundation"}}, {"type": "Feature", "geometry": {"type": "Polygon", "coordinates": [[[86.37837627095067, 20.20636004311897], [86.3927294386298, 20.20636004311897], [86.3927294386298, 20.21983471074384], [86.37837627095067, 20.21983471074384], [86.37837627095067, 20.20636004311897]]]}, "properties": {"sensor": "Sentinel-1 C-SAR IW GRD", "polarization": "VV", "delta_sigma0_db": -4.2, "district": "Jagatsinghpur", "classification": "Water Inundation"}}, {"type": "Feature", "geometry": {"type": "Polygon", "coordinates": [[[86.3927294386298, 20.20636004311897], [86.40708260630893, 20.20636004311897], [86.40708260630893, 20.21983471074384], [86.3927294386298, 20.21983471074384], [86.3927294386298, 20.20636004311897]]]}, "properties": {"sensor": "Sentinel-1 C-SAR IW GRD", "polarization": "VV", "delta_sigma0_db": -4.2, "district": "Jagatsinghpur", "classification": "Water Inundation"}}, {"type": "Feature", "geometry": {"type": "Polygon", "coordinates": [[[86.40708260630893, 20.20636004311897], [86.42143577398807, 20.20636004311897], [86.42143577398807, 20.21983471074384], [86.40708260630893, 20.21983471074384], [86.40708260630893, 20.20636004311897]]]}, "properties": {"sensor": "Sentinel-1 C-SAR IW GRD", "polarization": "VV", "delta_sigma0_db": -4.2, "district": "Jagatsinghpur", "classification": "Water Inundation"}}, {"type": "Feature", "geometry": {"type": "Polygon", "coordinates": [[[86.42143577398807, 20.20636004311897], [86.4357889416672, 20.20636004311897], [86.4357889416672, 20.21983471074384], [86.42143577398807, 20.21983471074384], [86.42143577398807, 20.20636004311897]]]}, "properties": {"sensor": "Sentinel-1 C-SAR IW GRD", "polarization": "VV", "delta_sigma0_db": -4.2, "district": "Jagatsinghpur", "classification": "Water Inundation"}}, {"type": "Feature", "geometry": {"type": "Polygon", "coordinates": [[[86.4357889416672, 20.20636004311897], [86.45014210934633, 20.20636004311897], [86.45014210934633, 20.21983471074384], [86.4357889416672, 20.21983471074384], [86.4357889416672, 20.20636004311897]]]}, "properties": {"sensor": "Sentinel-1 C-SAR IW GRD", "polarization": "VV", "delta_sigma0_db": -4.2, "district": "Jagatsinghpur", "classification": "Water Inundation"}}, {"type": "Feature", "geometry": {"type": "Polygon", "coordinates": [[[86.45014210934633, 20.20636004311897], [86.46449527702546, 20.20636004311897], [86.46449527702546, 20.21983471074384], [86.45014210934633, 20.21983471074384], [86.45014210934633, 20.20636004311897]]]}, "properties": {"sensor": "Sentinel-1 C-SAR IW GRD", "polarization": "VV", "delta_sigma0_db": -4.2, "district": "Jagatsinghpur", "classification": "Water Inundation"}}, {"type": "Feature", "geometry": {"type": "Polygon", "coordinates": [[[86.46449527702546, 20.20636004311897], [86.4788484447046, 20.20636004311897], [86.4788484447046, 20.21983471074384], [86.46449527702546, 20.21983471074384], [86.46449527702546, 20.20636004311897]]]}, "properties": {"sensor": "Sentinel-1 C-SAR IW GRD", "polarization": "VV", "delta_sigma0_db": -4.2, "district": "Jagatsinghpur", "classification": "Water Inundation"}}, {"type": "Feature", "geometry": {"type": "Polygon", "coordinates": [[[86.4788484447046, 20.20636004311897], [86.49320161238373, 20.20636004311897], [86.49320161238373, 20.21983471074384], [86.4788484447046, 20.21983471074384], [86.4788484447046, 20.20636004311897]]]}, "properties": {"sensor": "Sentinel-1 C-SAR IW GRD", "polarization": "VV", "delta_sigma0_db": -4.2, "district": "Jagatsinghpur", "classification": "Water Inundation"}}, {"type": "Feature", "geometry": {"type": "Polygon", "coordinates": [[[85.80424956378536, 20.21983471074384], [85.8186027314645, 20.21983471074384], [85.8186027314645, 20.233309378368702], [85.80424956378536, 20.233309378368702], [85.80424956378536, 20.21983471074384]]]}, "properties": {"sensor": "Sentinel-1 C-SAR IW GRD", "polarization": "VV", "delta_sigma0_db": -5.0, "district": "Khordha", "classification": "Water Inundation"}}, {"type": "Feature", "geometry": {"type": "Polygon", "coordinates": [[[85.8186027314645, 20.21983471074384], [85.83295589914363, 20.21983471074384], [85.83295589914363, 20.233309378368702], [85.8186027314645, 20.233309378368702], [85.8186027314645, 20.21983471074384]]]}, "properties": {"sensor": "Sentinel-1 C-SAR IW GRD", "polarization": "VV", "delta_sigma0_db": -5.0, "district": "Khordha", "classification": "Water Inundation"}}, {"type": "Feature", "geometry": {"type": "Polygon", "coordinates": [[[85.83295589914363, 20.21983471074384], [85.84730906682276, 20.21983471074384], [85.84730906682276, 20.233309378368702], [85.83295589914363, 20.233309378368702], [85.83295589914363, 20.21983471074384]]]}, "properties": {"sensor": "Sentinel-1 C-SAR IW GRD", "polarization": "VV", "delta_sigma0_db": -5.0, "district": "Khordha", "classification": "Water Inundation"}}, {"type": "Feature", "geometry": {"type": "Polygon", "coordinates": [[[86.36402310327153, 20.21983471074384], [86.37837627095067, 20.21983471074384], [86.37837627095067, 20.233309378368702], [86.36402310327153, 20.233309378368702], [86.36402310327153, 20.21983471074384]]]}, "properties": {"sensor": "Sentinel-1 C-SAR IW GRD", "polarization": "VV", "delta_sigma0_db": -5.0, "district": "Jagatsinghpur", "classification": "Water Inundation"}}, {"type": "Feature", "geometry": {"type": "Polygon", "coordinates": [[[86.37837627095067, 20.21983471074384], [86.3927294386298, 20.21983471074384], [86.3927294386298, 20.233309378368702], [86.37837627095067, 20.233309378368702], [86.37837627095067, 20.21983471074384]]]}, "properties": {"sensor": "Sentinel-1 C-SAR IW GRD", "polarization": "VV", "delta_sigma0_db": -5.0, "district": "Jagatsinghpur", "classification": "Water Inundation"}}, {"type": "Feature", "geometry": {"type": "Polygon", "coordinates": [[[86.3927294386298, 20.21983471074384], [86.40708260630893, 20.21983471074384], [86.40708260630893, 20.233309378368702], [86.3927294386298, 20.233309378368702], [86.3927294386298, 20.21983471074384]]]}, "properties": {"sensor": "Sentinel-1 C-SAR IW GRD", "polarization": "VV", "delta_sigma0_db": -5.0, "district": "Jagatsinghpur", "classification": "Water Inundation"}}, {"type": "Feature", "geometry": {"type": "Polygon", "coordinates": [[[86.40708260630893, 20.21983471074384], [86.42143577398807, 20.21983471074384], [86.42143577398807, 20.233309378368702], [86.40708260630893, 20.233309378368702], [86.40708260630893, 20.21983471074384]]]}, "properties": {"sensor": "Sentinel-1 C-SAR IW GRD", "polarization": "VV", "delta_sigma0_db": -5.0, "district": "Jagatsinghpur", "classification": "Water Inundation"}}, {"type": "Feature", "geometry": {"type": "Polygon", "coordinates": [[[86.42143577398807, 20.21983471074384], [86.4357889416672, 20.21983471074384], [86.4357889416672, 20.233309378368702], [86.42143577398807, 20.233309378368702], [86.42143577398807, 20.21983471074384]]]}, "properties": {"sensor": "Sentinel-1 C-SAR IW GRD", "polarization": "VV", "delta_sigma0_db": -5.0, "district": "Jagatsinghpur", "classification": "Water Inundation"}}, {"type": "Feature", "geometry": {"type": "Polygon", "coordinates": [[[86.4357889416672, 20.21983471074384], [86.45014210934633, 20.21983471074384], [86.45014210934633, 20.233309378368702], [86.4357889416672, 20.233309378368702], [86.4357889416672, 20.21983471074384]]]}, "properties": {"sensor": "Sentinel-1 C-SAR IW GRD", "polarization": "VV", "delta_sigma0_db": -5.0, "district": "Jagatsinghpur", "classification": "Water Inundation"}}, {"type": "Feature", "geometry": {"type": "Polygon", "coordinates": [[[86.45014210934633, 20.21983471074384], [86.46449527702546, 20.21983471074384], [86.46449527702546, 20.233309378368702], [86.45014210934633, 20.233309378368702], [86.45014210934633, 20.21983471074384]]]}, "properties": {"sensor": "Sentinel-1 C-SAR IW GRD", "polarization": "VV", "delta_sigma0_db": -5.0, "district": "Jagatsinghpur", "classification": "Water Inundation"}}, {"type": "Feature", "geometry": {"type": "Polygon", "coordinates": [[[86.46449527702546, 20.21983471074384], [86.4788484447046, 20.21983471074384], [86.4788484447046, 20.233309378368702], [86.46449527702546, 20.233309378368702], [86.46449527702546, 20.21983471074384]]]}, "properties": {"sensor": "Sentinel-1 C-SAR IW GRD", "polarization": "VV", "delta_sigma0_db": -5.0, "district": "Jagatsinghpur", "classification": "Water Inundation"}}, {"type": "Feature", "geometry": {"type": "Polygon", "coordinates": [[[86.4788484447046, 20.21983471074384], [86.49320161238373, 20.21983471074384], [86.49320161238373, 20.233309378368702], [86.4788484447046, 20.233309378368702], [86.4788484447046, 20.21983471074384]]]}, "properties": {"sensor": "Sentinel-1 C-SAR IW GRD", "polarization": "VV", "delta_sigma0_db": -5.0, "district": "Jagatsinghpur", "classification": "Water Inundation"}}, {"type": "Feature", "geometry": {"type": "Polygon", "coordinates": [[[85.80424956378536, 20.233309378368702], [85.8186027314645, 20.233309378368702], [85.8186027314645, 20.24678404599357], [85.80424956378536, 20.24678404599357], [85.80424956378536, 20.233309378368702]]]}, "properties": {"sensor": "Sentinel-1 C-SAR IW GRD", "polarization": "VV", "delta_sigma0_db": -5.8, "district": "Khordha", "classification": "Water Inundation"}}, {"type": "Feature", "geometry": {"type": "Polygon", "coordinates": [[[85.8186027314645, 20.233309378368702], [85.83295589914363, 20.233309378368702], [85.83295589914363, 20.24678404599357], [85.8186027314645, 20.24678404599357], [85.8186027314645, 20.233309378368702]]]}, "properties": {"sensor": "Sentinel-1 C-SAR IW GRD", "polarization": "VV", "delta_sigma0_db": -5.8, "district": "Khordha", "classification": "Water Inundation"}}, {"type": "Feature", "geometry": {"type": "Polygon", "coordinates": [[[85.83295589914363, 20.233309378368702], [85.84730906682276, 20.233309378368702], [85.84730906682276, 20.24678404599357], [85.83295589914363, 20.24678404599357], [85.83295589914363, 20.233309378368702]]]}, "properties": {"sensor": "Sentinel-1 C-SAR IW GRD", "polarization": "VV", "delta_sigma0_db": -5.8, "district": "Khordha", "classification": "Water Inundation"}}, {"type": "Feature", "geometry": {"type": "Polygon", "coordinates": [[[86.37837627095067, 20.233309378368702], [86.3927294386298, 20.233309378368702], [86.3927294386298, 20.24678404599357], [86.37837627095067, 20.24678404599357], [86.37837627095067, 20.233309378368702]]]}, "properties": {"sensor": "Sentinel-1 C-SAR IW GRD", "polarization": "VV", "delta_sigma0_db": -5.8, "district": "Jagatsinghpur", "classification": "Water Inundation"}}, {"type": "Feature", "geometry": {"type": "Polygon", "coordinates": [[[86.3927294386298, 20.233309378368702], [86.40708260630893, 20.233309378368702], [86.40708260630893, 20.24678404599357], [86.3927294386298, 20.24678404599357], [86.3927294386298, 20.233309378368702]]]}, "properties": {"sensor": "Sentinel-1 C-SAR IW GRD", "polarization": "VV", "delta_sigma0_db": -5.8, "district": "Jagatsinghpur", "classification": "Water Inundation"}}, {"type": "Feature", "geometry": {"type": "Polygon", "coordinates": [[[86.40708260630893, 20.233309378368702], [86.42143577398807, 20.233309378368702], [86.42143577398807, 20.24678404599357], [86.40708260630893, 20.24678404599357], [86.40708260630893, 20.233309378368702]]]}, "properties": {"sensor": "Sentinel-1 C-SAR IW GRD", "polarization": "VV", "delta_sigma0_db": -5.8, "district": "Jagatsinghpur", "classification": "Water Inundation"}}, {"type": "Feature", "geometry": {"type": "Polygon", "coordinates": [[[86.42143577398807, 20.233309378368702], [86.4357889416672, 20.233309378368702], [86.4357889416672, 20.24678404599357], [86.42143577398807, 20.24678404599357], [86.42143577398807, 20.233309378368702]]]}, "properties": {"sensor": "Sentinel-1 C-SAR IW GRD", "polarization": "VV", "delta_sigma0_db": -5.8, "district": "Jagatsinghpur", "classification": "Water Inundation"}}, {"type": "Feature", "geometry": {"type": "Polygon", "coordinates": [[[86.4357889416672, 20.233309378368702], [86.45014210934633, 20.233309378368702], [86.45014210934633, 20.24678404599357], [86.4357889416672, 20.24678404599357], [86.4357889416672, 20.233309378368702]]]}, "properties": {"sensor": "Sentinel-1 C-SAR IW GRD", "polarization": "VV", "delta_sigma0_db": -5.8, "district": "Jagatsinghpur", "classification": "Water Inundation"}}, {"type": "Feature", "geometry": {"type": "Polygon", "coordinates": [[[86.45014210934633, 20.233309378368702], [86.46449527702546, 20.233309378368702], [86.46449527702546, 20.24678404599357], [86.45014210934633, 20.24678404599357], [86.45014210934633, 20.233309378368702]]]}, "properties": {"sensor": "Sentinel-1 C-SAR IW GRD", "polarization": "VV", "delta_sigma0_db": -5.8, "district": "Jagatsinghpur", "classification": "Water Inundation"}}, {"type": "Feature", "geometry": {"type": "Polygon", "coordinates": [[[86.46449527702546, 20.233309378368702], [86.4788484447046, 20.233309378368702], [86.4788484447046, 20.24678404599357], [86.46449527702546, 20.24678404599357], [86.46449527702546, 20.233309378368702]]]}, "properties": {"sensor": "Sentinel-1 C-SAR IW GRD", "polarization": "VV", "delta_sigma0_db": -5.8, "district": "Jagatsinghpur", "classification": "Water Inundation"}}, {"type": "Feature", "geometry": {"type": "Polygon", "coordinates": [[[86.4788484447046, 20.233309378368702], [86.49320161238373, 20.233309378368702], [86.49320161238373, 20.24678404599357], [86.4788484447046, 20.24678404599357], [86.4788484447046, 20.233309378368702]]]}, "properties": {"sensor": "Sentinel-1 C-SAR IW GRD", "polarization": "VV", "delta_sigma0_db": -5.8, "district": "Jagatsinghpur", "classification": "Water Inundation"}}, {"type": "Feature", "geometry": {"type": "Polygon", "coordinates": [[[85.80424956378536, 20.24678404599357], [85.8186027314645, 20.24678404599357], [85.8186027314645, 20.260258713618434], [85.80424956378536, 20.260258713618434], [85.80424956378536, 20.24678404599357]]]}, "properties": {"sensor": "Sentinel-1 C-SAR IW GRD", "polarization": "VV", "delta_sigma0_db": -4.2, "district": "Khordha", "classification": "Water Inundation"}}, {"type": "Feature", "geometry": {"type": "Polygon", "coordinates": [[[85.8186027314645, 20.24678404599357], [85.83295589914363, 20.24678404599357], [85.83295589914363, 20.260258713618434], [85.8186027314645, 20.260258713618434], [85.8186027314645, 20.24678404599357]]]}, "properties": {"sensor": "Sentinel-1 C-SAR IW GRD", "polarization": "VV", "delta_sigma0_db": -4.2, "district": "Khordha", "classification": "Water Inundation"}}, {"type": "Feature", "geometry": {"type": "Polygon", "coordinates": [[[85.83295589914363, 20.24678404599357], [85.84730906682276, 20.24678404599357], [85.84730906682276, 20.260258713618434], [85.83295589914363, 20.260258713618434], [85.83295589914363, 20.24678404599357]]]}, "properties": {"sensor": "Sentinel-1 C-SAR IW GRD", "polarization": "VV", "delta_sigma0_db": -4.2, "district": "Khordha", "classification": "Water Inundation"}}, {"type": "Feature", "geometry": {"type": "Polygon", "coordinates": [[[86.37837627095067, 20.24678404599357], [86.3927294386298, 20.24678404599357], [86.3927294386298, 20.260258713618434], [86.37837627095067, 20.260258713618434], [86.37837627095067, 20.24678404599357]]]}, "properties": {"sensor": "Sentinel-1 C-SAR IW GRD", "polarization": "VV", "delta_sigma0_db": -4.2, "district": "Jagatsinghpur", "classification": "Water Inundation"}}, {"type": "Feature", "geometry": {"type": "Polygon", "coordinates": [[[86.40708260630893, 20.24678404599357], [86.42143577398807, 20.24678404599357], [86.42143577398807, 20.260258713618434], [86.40708260630893, 20.260258713618434], [86.40708260630893, 20.24678404599357]]]}, "properties": {"sensor": "Sentinel-1 C-SAR IW GRD", "polarization": "VV", "delta_sigma0_db": -4.2, "district": "Jagatsinghpur", "classification": "Water Inundation"}}, {"type": "Feature", "geometry": {"type": "Polygon", "coordinates": [[[86.42143577398807, 20.24678404599357], [86.4357889416672, 20.24678404599357], [86.4357889416672, 20.260258713618434], [86.42143577398807, 20.260258713618434], [86.42143577398807, 20.24678404599357]]]}, "properties": {"sensor": "Sentinel-1 C-SAR IW GRD", "polarization": "VV", "delta_sigma0_db": -4.2, "district": "Jagatsinghpur", "classification": "Water Inundation"}}, {"type": "Feature", "geometry": {"type": "Polygon", "coordinates": [[[86.4357889416672, 20.24678404599357], [86.45014210934633, 20.24678404599357], [86.45014210934633, 20.260258713618434], [86.4357889416672, 20.260258713618434], [86.4357889416672, 20.24678404599357]]]}, "properties": {"sensor": "Sentinel-1 C-SAR IW GRD", "polarization": "VV", "delta_sigma0_db": -4.2, "district": "Jagatsinghpur", "classification": "Water Inundation"}}, {"type": "Feature", "geometry": {"type": "Polygon", "coordinates": [[[86.46449527702546, 20.24678404599357], [86.4788484447046, 20.24678404599357], [86.4788484447046, 20.260258713618434], [86.46449527702546, 20.260258713618434], [86.46449527702546, 20.24678404599357]]]}, "properties": {"sensor": "Sentinel-1 C-SAR IW GRD", "polarization": "VV", "delta_sigma0_db": -4.2, "district": "Jagatsinghpur", "classification": "Water Inundation"}}, {"type": "Feature", "geometry": {"type": "Polygon", "coordinates": [[[86.4788484447046, 20.24678404599357], [86.49320161238373, 20.24678404599357], [86.49320161238373, 20.260258713618434], [86.4788484447046, 20.260258713618434], [86.4788484447046, 20.24678404599357]]]}, "properties": {"sensor": "Sentinel-1 C-SAR IW GRD", "polarization": "VV", "delta_sigma0_db": -4.2, "district": "Jagatsinghpur", "classification": "Water Inundation"}}, {"type": "Feature", "geometry": {"type": "Polygon", "coordinates": [[[85.80424956378536, 20.260258713618434], [85.8186027314645, 20.260258713618434], [85.8186027314645, 20.273733381243304], [85.80424956378536, 20.273733381243304], [85.80424956378536, 20.260258713618434]]]}, "properties": {"sensor": "Sentinel-1 C-SAR IW GRD", "polarization": "VV", "delta_sigma0_db": -5.0, "district": "Khordha", "classification": "Water Inundation"}}, {"type": "Feature", "geometry": {"type": "Polygon", "coordinates": [[[85.8186027314645, 20.260258713618434], [85.83295589914363, 20.260258713618434], [85.83295589914363, 20.273733381243304], [85.8186027314645, 20.273733381243304], [85.8186027314645, 20.260258713618434]]]}, "properties": {"sensor": "Sentinel-1 C-SAR IW GRD", "polarization": "VV", "delta_sigma0_db": -5.0, "district": "Khordha", "classification": "Water Inundation"}}, {"type": "Feature", "geometry": {"type": "Polygon", "coordinates": [[[85.83295589914363, 20.260258713618434], [85.84730906682276, 20.260258713618434], [85.84730906682276, 20.273733381243304], [85.83295589914363, 20.273733381243304], [85.83295589914363, 20.260258713618434]]]}, "properties": {"sensor": "Sentinel-1 C-SAR IW GRD", "polarization": "VV", "delta_sigma0_db": -5.0, "district": "Khordha", "classification": "Water Inundation"}}, {"type": "Feature", "geometry": {"type": "Polygon", "coordinates": [[[86.3927294386298, 20.260258713618434], [86.40708260630893, 20.260258713618434], [86.40708260630893, 20.273733381243304], [86.3927294386298, 20.273733381243304], [86.3927294386298, 20.260258713618434]]]}, "properties": {"sensor": "Sentinel-1 C-SAR IW GRD", "polarization": "VV", "delta_sigma0_db": -5.0, "district": "Jagatsinghpur", "classification": "Water Inundation"}}, {"type": "Feature", "geometry": {"type": "Polygon", "coordinates": [[[86.40708260630893, 20.260258713618434], [86.42143577398807, 20.260258713618434], [86.42143577398807, 20.273733381243304], [86.40708260630893, 20.273733381243304], [86.40708260630893, 20.260258713618434]]]}, "properties": {"sensor": "Sentinel-1 C-SAR IW GRD", "polarization": "VV", "delta_sigma0_db": -5.0, "district": "Jagatsinghpur", "classification": "Water Inundation"}}, {"type": "Feature", "geometry": {"type": "Polygon", "coordinates": [[[86.42143577398807, 20.260258713618434], [86.4357889416672, 20.260258713618434], [86.4357889416672, 20.273733381243304], [86.42143577398807, 20.273733381243304], [86.42143577398807, 20.260258713618434]]]}, "properties": {"sensor": "Sentinel-1 C-SAR IW GRD", "polarization": "VV", "delta_sigma0_db": -5.0, "district": "Jagatsinghpur", "classification": "Water Inundation"}}, {"type": "Feature", "geometry": {"type": "Polygon", "coordinates": [[[86.4357889416672, 20.260258713618434], [86.45014210934633, 20.260258713618434], [86.45014210934633, 20.273733381243304], [86.4357889416672, 20.273733381243304], [86.4357889416672, 20.260258713618434]]]}, "properties": {"sensor": "Sentinel-1 C-SAR IW GRD", "polarization": "VV", "delta_sigma0_db": -5.0, "district": "Jagatsinghpur", "classification": "Water Inundation"}}, {"type": "Feature", "geometry": {"type": "Polygon", "coordinates": [[[86.45014210934633, 20.260258713618434], [86.46449527702546, 20.260258713618434], [86.46449527702546, 20.273733381243304], [86.45014210934633, 20.273733381243304], [86.45014210934633, 20.260258713618434]]]}, "properties": {"sensor": "Sentinel-1 C-SAR IW GRD", "polarization": "VV", "delta_sigma0_db": -5.0, "district": "Jagatsinghpur", "classification": "Water Inundation"}}, {"type": "Feature", "geometry": {"type": "Polygon", "coordinates": [[[86.46449527702546, 20.260258713618434], [86.4788484447046, 20.260258713618434], [86.4788484447046, 20.273733381243304], [86.46449527702546, 20.273733381243304], [86.46449527702546, 20.260258713618434]]]}, "properties": {"sensor": "Sentinel-1 C-SAR IW GRD", "polarization": "VV", "delta_sigma0_db": -5.0, "district": "Jagatsinghpur", "classification": "Water Inundation"}}, {"type": "Feature", "geometry": {"type": "Polygon", "coordinates": [[[86.4788484447046, 20.260258713618434], [86.49320161238373, 20.260258713618434], [86.49320161238373, 20.273733381243304], [86.4788484447046, 20.273733381243304], [86.4788484447046, 20.260258713618434]]]}, "properties": {"sensor": "Sentinel-1 C-SAR IW GRD", "polarization": "VV", "delta_sigma0_db": -5.0, "district": "Jagatsinghpur", "classification": "Water Inundation"}}, {"type": "Feature", "geometry": {"type": "Polygon", "coordinates": [[[85.80424956378536, 20.273733381243304], [85.8186027314645, 20.273733381243304], [85.8186027314645, 20.287208048868166], [85.80424956378536, 20.287208048868166], [85.80424956378536, 20.273733381243304]]]}, "properties": {"sensor": "Sentinel-1 C-SAR IW GRD", "polarization": "VV", "delta_sigma0_db": -5.8, "district": "Khordha", "classification": "Water Inundation"}}, {"type": "Feature", "geometry": {"type": "Polygon", "coordinates": [[[85.8186027314645, 20.273733381243304], [85.83295589914363, 20.273733381243304], [85.83295589914363, 20.287208048868166], [85.8186027314645, 20.287208048868166], [85.8186027314645, 20.273733381243304]]]}, "properties": {"sensor": "Sentinel-1 C-SAR IW GRD", "polarization": "VV", "delta_sigma0_db": -5.8, "district": "Khordha", "classification": "Water Inundation"}}, {"type": "Feature", "geometry": {"type": "Polygon", "coordinates": [[[85.83295589914363, 20.273733381243304], [85.84730906682276, 20.273733381243304], [85.84730906682276, 20.287208048868166], [85.83295589914363, 20.287208048868166], [85.83295589914363, 20.273733381243304]]]}, "properties": {"sensor": "Sentinel-1 C-SAR IW GRD", "polarization": "VV", "delta_sigma0_db": -5.8, "district": "Khordha", "classification": "Water Inundation"}}, {"type": "Feature", "geometry": {"type": "Polygon", "coordinates": [[[86.3927294386298, 20.273733381243304], [86.40708260630893, 20.273733381243304], [86.40708260630893, 20.287208048868166], [86.3927294386298, 20.287208048868166], [86.3927294386298, 20.273733381243304]]]}, "properties": {"sensor": "Sentinel-1 C-SAR IW GRD", "polarization": "VV", "delta_sigma0_db": -5.8, "district": "Jagatsinghpur", "classification": "Water Inundation"}}, {"type": "Feature", "geometry": {"type": "Polygon", "coordinates": [[[86.40708260630893, 20.273733381243304], [86.42143577398807, 20.273733381243304], [86.42143577398807, 20.287208048868166], [86.40708260630893, 20.287208048868166], [86.40708260630893, 20.273733381243304]]]}, "properties": {"sensor": "Sentinel-1 C-SAR IW GRD", "polarization": "VV", "delta_sigma0_db": -5.8, "district": "Jagatsinghpur", "classification": "Water Inundation"}}, {"type": "Feature", "geometry": {"type": "Polygon", "coordinates": [[[86.42143577398807, 20.273733381243304], [86.4357889416672, 20.273733381243304], [86.4357889416672, 20.287208048868166], [86.42143577398807, 20.287208048868166], [86.42143577398807, 20.273733381243304]]]}, "properties": {"sensor": "Sentinel-1 C-SAR IW GRD", "polarization": "VV", "delta_sigma0_db": -5.8, "district": "Jagatsinghpur", "classification": "Water Inundation"}}, {"type": "Feature", "geometry": {"type": "Polygon", "coordinates": [[[86.4357889416672, 20.273733381243304], [86.45014210934633, 20.273733381243304], [86.45014210934633, 20.287208048868166], [86.4357889416672, 20.287208048868166], [86.4357889416672, 20.273733381243304]]]}, "properties": {"sensor": "Sentinel-1 C-SAR IW GRD", "polarization": "VV", "delta_sigma0_db": -5.8, "district": "Jagatsinghpur", "classification": "Water Inundation"}}, {"type": "Feature", "geometry": {"type": "Polygon", "coordinates": [[[86.45014210934633, 20.273733381243304], [86.46449527702546, 20.273733381243304], [86.46449527702546, 20.287208048868166], [86.45014210934633, 20.287208048868166], [86.45014210934633, 20.273733381243304]]]}, "properties": {"sensor": "Sentinel-1 C-SAR IW GRD", "polarization": "VV", "delta_sigma0_db": -5.8, "district": "Jagatsinghpur", "classification": "Water Inundation"}}, {"type": "Feature", "geometry": {"type": "Polygon", "coordinates": [[[86.46449527702546, 20.273733381243304], [86.4788484447046, 20.273733381243304], [86.4788484447046, 20.287208048868166], [86.46449527702546, 20.287208048868166], [86.46449527702546, 20.273733381243304]]]}, "properties": {"sensor": "Sentinel-1 C-SAR IW GRD", "polarization": "VV", "delta_sigma0_db": -5.8, "district": "Jagatsinghpur", "classification": "Water Inundation"}}, {"type": "Feature", "geometry": {"type": "Polygon", "coordinates": [[[86.4788484447046, 20.273733381243304], [86.49320161238373, 20.273733381243304], [86.49320161238373, 20.287208048868166], [86.4788484447046, 20.287208048868166], [86.4788484447046, 20.273733381243304]]]}, "properties": {"sensor": "Sentinel-1 C-SAR IW GRD", "polarization": "VV", "delta_sigma0_db": -5.8, "district": "Jagatsinghpur", "classification": "Water Inundation"}}, {"type": "Feature", "geometry": {"type": "Polygon", "coordinates": [[[85.80424956378536, 20.287208048868166], [85.8186027314645, 20.287208048868166], [85.8186027314645, 20.300682716493036], [85.80424956378536, 20.300682716493036], [85.80424956378536, 20.287208048868166]]]}, "properties": {"sensor": "Sentinel-1 C-SAR IW GRD", "polarization": "VV", "delta_sigma0_db": -4.2, "district": "Khordha", "classification": "Water Inundation"}}, {"type": "Feature", "geometry": {"type": "Polygon", "coordinates": [[[85.8186027314645, 20.287208048868166], [85.83295589914363, 20.287208048868166], [85.83295589914363, 20.300682716493036], [85.8186027314645, 20.300682716493036], [85.8186027314645, 20.287208048868166]]]}, "properties": {"sensor": "Sentinel-1 C-SAR IW GRD", "polarization": "VV", "delta_sigma0_db": -4.2, "district": "Khordha", "classification": "Water Inundation"}}, {"type": "Feature", "geometry": {"type": "Polygon", "coordinates": [[[85.83295589914363, 20.287208048868166], [85.84730906682276, 20.287208048868166], [85.84730906682276, 20.300682716493036], [85.83295589914363, 20.300682716493036], [85.83295589914363, 20.287208048868166]]]}, "properties": {"sensor": "Sentinel-1 C-SAR IW GRD", "polarization": "VV", "delta_sigma0_db": -4.2, "district": "Khordha", "classification": "Water Inundation"}}, {"type": "Feature", "geometry": {"type": "Polygon", "coordinates": [[[86.40708260630893, 20.287208048868166], [86.42143577398807, 20.287208048868166], [86.42143577398807, 20.300682716493036], [86.40708260630893, 20.300682716493036], [86.40708260630893, 20.287208048868166]]]}, "properties": {"sensor": "Sentinel-1 C-SAR IW GRD", "polarization": "VV", "delta_sigma0_db": -4.2, "district": "Jagatsinghpur", "classification": "Water Inundation"}}, {"type": "Feature", "geometry": {"type": "Polygon", "coordinates": [[[86.42143577398807, 20.287208048868166], [86.4357889416672, 20.287208048868166], [86.4357889416672, 20.300682716493036], [86.42143577398807, 20.300682716493036], [86.42143577398807, 20.287208048868166]]]}, "properties": {"sensor": "Sentinel-1 C-SAR IW GRD", "polarization": "VV", "delta_sigma0_db": -4.2, "district": "Jagatsinghpur", "classification": "Water Inundation"}}, {"type": "Feature", "geometry": {"type": "Polygon", "coordinates": [[[86.4357889416672, 20.287208048868166], [86.45014210934633, 20.287208048868166], [86.45014210934633, 20.300682716493036], [86.4357889416672, 20.300682716493036], [86.4357889416672, 20.287208048868166]]]}, "properties": {"sensor": "Sentinel-1 C-SAR IW GRD", "polarization": "VV", "delta_sigma0_db": -4.2, "district": "Jagatsinghpur", "classification": "Water Inundation"}}, {"type": "Feature", "geometry": {"type": "Polygon", "coordinates": [[[86.45014210934633, 20.287208048868166], [86.46449527702546, 20.287208048868166], [86.46449527702546, 20.300682716493036], [86.45014210934633, 20.300682716493036], [86.45014210934633, 20.287208048868166]]]}, "properties": {"sensor": "Sentinel-1 C-SAR IW GRD", "polarization": "VV", "delta_sigma0_db": -4.2, "district": "Jagatsinghpur", "classification": "Water Inundation"}}, {"type": "Feature", "geometry": {"type": "Polygon", "coordinates": [[[86.46449527702546, 20.287208048868166], [86.4788484447046, 20.287208048868166], [86.4788484447046, 20.300682716493036], [86.46449527702546, 20.300682716493036], [86.46449527702546, 20.287208048868166]]]}, "properties": {"sensor": "Sentinel-1 C-SAR IW GRD", "polarization": "VV", "delta_sigma0_db": -4.2, "district": "Jagatsinghpur", "classification": "Water Inundation"}}, {"type": "Feature", "geometry": {"type": "Polygon", "coordinates": [[[86.4788484447046, 20.287208048868166], [86.49320161238373, 20.287208048868166], [86.49320161238373, 20.300682716493036], [86.4788484447046, 20.300682716493036], [86.4788484447046, 20.287208048868166]]]}, "properties": {"sensor": "Sentinel-1 C-SAR IW GRD", "polarization": "VV", "delta_sigma0_db": -4.2, "district": "Jagatsinghpur", "classification": "Water Inundation"}}, {"type": "Feature", "geometry": {"type": "Polygon", "coordinates": [[[85.80424956378536, 20.300682716493036], [85.8186027314645, 20.300682716493036], [85.8186027314645, 20.314157384117898], [85.80424956378536, 20.314157384117898], [85.80424956378536, 20.300682716493036]]]}, "properties": {"sensor": "Sentinel-1 C-SAR IW GRD", "polarization": "VV", "delta_sigma0_db": -5.0, "district": "Khordha", "classification": "Water Inundation"}}, {"type": "Feature", "geometry": {"type": "Polygon", "coordinates": [[[85.8186027314645, 20.300682716493036], [85.83295589914363, 20.300682716493036], [85.83295589914363, 20.314157384117898], [85.8186027314645, 20.314157384117898], [85.8186027314645, 20.300682716493036]]]}, "properties": {"sensor": "Sentinel-1 C-SAR IW GRD", "polarization": "VV", "delta_sigma0_db": -5.0, "district": "Khordha", "classification": "Water Inundation"}}, {"type": "Feature", "geometry": {"type": "Polygon", "coordinates": [[[85.83295589914363, 20.300682716493036], [85.84730906682276, 20.300682716493036], [85.84730906682276, 20.314157384117898], [85.83295589914363, 20.314157384117898], [85.83295589914363, 20.300682716493036]]]}, "properties": {"sensor": "Sentinel-1 C-SAR IW GRD", "polarization": "VV", "delta_sigma0_db": -5.0, "district": "Khordha", "classification": "Water Inundation"}}, {"type": "Feature", "geometry": {"type": "Polygon", "coordinates": [[[86.4357889416672, 20.300682716493036], [86.45014210934633, 20.300682716493036], [86.45014210934633, 20.314157384117898], [86.4357889416672, 20.314157384117898], [86.4357889416672, 20.300682716493036]]]}, "properties": {"sensor": "Sentinel-1 C-SAR IW GRD", "polarization": "VV", "delta_sigma0_db": -5.0, "district": "Jagatsinghpur", "classification": "Water Inundation"}}, {"type": "Feature", "geometry": {"type": "Polygon", "coordinates": [[[86.45014210934633, 20.300682716493036], [86.46449527702546, 20.300682716493036], [86.46449527702546, 20.314157384117898], [86.45014210934633, 20.314157384117898], [86.45014210934633, 20.300682716493036]]]}, "properties": {"sensor": "Sentinel-1 C-SAR IW GRD", "polarization": "VV", "delta_sigma0_db": -5.0, "district": "Jagatsinghpur", "classification": "Water Inundation"}}, {"type": "Feature", "geometry": {"type": "Polygon", "coordinates": [[[86.46449527702546, 20.300682716493036], [86.4788484447046, 20.300682716493036], [86.4788484447046, 20.314157384117898], [86.46449527702546, 20.314157384117898], [86.46449527702546, 20.300682716493036]]]}, "properties": {"sensor": "Sentinel-1 C-SAR IW GRD", "polarization": "VV", "delta_sigma0_db": -5.0, "district": "Jagatsinghpur", "classification": "Water Inundation"}}, {"type": "Feature", "geometry": {"type": "Polygon", "coordinates": [[[86.4788484447046, 20.300682716493036], [86.49320161238373, 20.300682716493036], [86.49320161238373, 20.314157384117898], [86.4788484447046, 20.314157384117898], [86.4788484447046, 20.300682716493036]]]}, "properties": {"sensor": "Sentinel-1 C-SAR IW GRD", "polarization": "VV", "delta_sigma0_db": -5.0, "district": "Jagatsinghpur", "classification": "Water Inundation"}}, {"type": "Feature", "geometry": {"type": "Polygon", "coordinates": [[[86.46449527702546, 20.314157384117898], [86.4788484447046, 20.314157384117898], [86.4788484447046, 20.327632051742768], [86.46449527702546, 20.327632051742768], [86.46449527702546, 20.314157384117898]]]}, "properties": {"sensor": "Sentinel-1 C-SAR IW GRD", "polarization": "VV", "delta_sigma0_db": -5.8, "district": "Jagatsinghpur", "classification": "Water Inundation"}}, {"type": "Feature", "geometry": {"type": "Polygon", "coordinates": [[[86.4788484447046, 20.314157384117898], [86.49320161238373, 20.314157384117898], [86.49320161238373, 20.327632051742768], [86.4788484447046, 20.327632051742768], [86.4788484447046, 20.314157384117898]]]}, "properties": {"sensor": "Sentinel-1 C-SAR IW GRD", "polarization": "VV", "delta_sigma0_db": -5.8, "district": "Jagatsinghpur", "classification": "Water Inundation"}}]}