{"type": "FeatureCollection", "features": [{"type": "Feature", "geometry": {"type": "Polygon", "coordinates": [[[85.30188869501592, 19.6], [85.31145747346866, 19.6], [85.31145747346866, 19.608983111749914], [85.30188869501592, 19.608983111749914], [85.30188869501592, 19.6]]]}, "properties": {"depth_m": 0.23, "severity": "Minor", "elevation_m": 2.46, "dist_to_coast_km": 17.2, "district": "Puri"}}, {"type": "Feature", "geometry": {"type": "Polygon", "coordinates": [[[85.31145747346866, 19.6], [85.32102625192144, 19.6], [85.32102625192144, 19.608983111749914], [85.31145747346866, 19.608983111749914], [85.31145747346866, 19.6]]]}, "properties": {"depth_m": 0.42, "severity": "Moderate (Impassable)", "elevation_m": 2.36, "dist_to_coast_km": 16.3, "district": "Puri"}}, {"type": "Feature", "geometry": {"type": "Polygon", "coordinates": [[[85.32102625192144, 19.6], [85.33059503037418, 19.6], [85.33059503037418, 19.608983111749914], [85.32102625192144, 19.608983111749914], [85.32102625192144, 19.6]]]}, "properties": {"depth_m": 0.6, "severity": "Severe", "elevation_m": 2.26, "dist_to_coast_km": 15.5, "district": "Puri"}}, {"type": "Feature", "geometry": {"type": "Polygon", "coordinates": [[[85.33059503037418, 19.6], [85.34016380882696, 19.6], [85.34016380882696, 19.608983111749914], [85.33059503037418, 19.608983111749914], [85.33059503037418, 19.6]]]}, "properties": {"depth_m": 0.79, "severity": "Severe", "elevation_m": 2.16, "dist_to_coast_km": 14.6, "district": "Puri"}}, {"type": "Feature", "geometry": {"type": "Polygon", "coordinates": [[[85.34016380882696, 19.6], [85.3497325872797, 19.6], [85.3497325872797, 19.608983111749914], [85.34016380882696, 19.608983111749914], [85.34016380882696, 19.6]]]}, "properties": {"depth_m": 0.97, "severity": "Severe", "elevation_m": 2.06, "dist_to_coast_km": 13.8, "district": "Puri"}}, {"type": "Feature", "geometry": {"type": "Polygon", "coordinates": [[[85.3497325872797, 19.6], [85.35930136573248, 19.6], [85.35930136573248, 19.608983111749914], [85.3497325872797, 19.608983111749914], [85.3497325872797, 19.6]]]}, "properties": {"depth_m": 1.14, "severity": "Severe", "elevation_m": 1.97, "dist_to_coast_km": 13.1, "district": "Puri"}}, {"type": "Feature", "geometry": {"type": "Polygon", "coordinates": [[[85.35930136573248, 19.6], [85.36887014418522, 19.6], [85.36887014418522, 19.608983111749914], [85.35930136573248, 19.608983111749914], [85.35930136573248, 19.6]]]}, "properties": {"depth_m": 1.3, "severity": "Severe", "elevation_m": 1.88, "dist_to_coast_km": 12.3, "district": "Puri"}}, {"type": "Feature", "geometry": {"type": "Polygon", "coordinates": [[[85.36887014418522, 19.6], [85.378438922638, 19.6], [85.378438922638, 19.608983111749914], [85.36887014418522, 19.608983111749914], [85.36887014418522, 19.6]]]}, "properties": {"depth_m": 1.46, "severity": "Severe", "elevation_m": 1.79, "dist_to_coast_km": 11.6, "district": "Puri"}}, {"type": "Feature", "geometry": {"type": "Polygon", "coordinates": [[[85.378438922638, 19.6], [85.38800770109074, 19.6], [85.38800770109074, 19.608983111749914], [85.378438922638, 19.608983111749914], [85.378438922638, 19.6]]]}, "properties": {"depth_m": 1.61, "severity": "Catastrophic", "elevation_m": 1.71, "dist_to_coast_km": 10.9, "district": "Puri"}}, {"type": "Feature", "geometry": {"type": "Polygon", "coordinates": [[[85.38800770109074, 19.6], [85.39757647954352, 19.6], [85.39757647954352, 19.608983111749914], [85.38800770109074, 19.608983111749914], [85.38800770109074, 19.6]]]}, "properties": {"depth_m": 1.74, "severity": "Catastrophic", "elevation_m": 1.64, "dist_to_coast_km": 10.3, "district": "Puri"}}, {"type": "Feature", "geometry": {"type": "Polygon", "coordinates": [[[85.39757647954352, 19.6], [85.40714525799626, 19.6], [85.40714525799626, 19.608983111749914], [85.39757647954352, 19.608983111749914], [85.39757647954352, 19.6]]]}, "properties": {"depth_m": 1.86, "severity": "Catastrophic", "elevation_m": 1.57, "dist_to_coast_km": 9.8, "district": "Puri"}}, {"type": "Feature", "geometry": {"type": "Polygon", "coordinates": [[[85.40714525799626, 19.6], [85.41671403644904, 19.6], [85.41671403644904, 19.608983111749914], [85.40714525799626, 19.608983111749914], [85.40714525799626, 19.6]]]}, "properties": {"depth_m": 1.97, "severity": "Catastrophic", "elevation_m": 1.52, "dist_to_coast_km": 9.3, "district": "Puri"}}, {"type": "Feature", "geometry": {"type": "Polygon", "coordinates": [[[85.41671403644904, 19.6], [85.42628281490178, 19.6], [85.42628281490178, 19.608983111749914], [85.41671403644904, 19.608983111749914], [85.41671403644904, 19.6]]]}, "properties": {"depth_m": 2.05, "severity": "Catastrophic", "elevation_m": 1.47, "dist_to_coast_km": 8.9, "district": "Puri"}}, {"type": "Feature", "geometry": {"type": "Polygon", "coordinates": [[[85.42628281490178, 19.6], [85.43585159335456, 19.6], [85.43585159335456, 19.608983111749914], [85.42628281490178, 19.608983111749914], [85.42628281490178, 19.6]]]}, "properties": {"depth_m": 2.11, "severity": "Catastrophic", "elevation_m": 1.44, "dist_to_coast_km": 8.6, "district": "Puri"}}, {"type": "Feature", "geometry": {"type": "Polygon", "coordinates": [[[85.43585159335456, 19.6], [85.4454203718073, 19.6], [85.4454203718073, 19.608983111749914], [85.43585159335456, 19.608983111749914], [85.43585159335456, 19.6]]]}, "properties": {"depth_m": 2.15, "severity": "Catastrophic", "elevation_m": 1.41, "dist_to_coast_km": 8.5, "district": "Puri"}}, {"type": "Feature", "geometry": {"type": "Polygon", "coordinates": [[[85.4454203718073, 19.6], [85.45498915026008, 19.6], [85.45498915026008, 19.608983111749914], [85.4454203718073, 19.608983111749914], [85.4454203718073, 19.6]]]}, "properties": {"depth_m": 2.16, "severity": "Catastrophic", "elevation_m": 1.41, "dist_to_coast_km": 8.4, "district": "Puri"}}, {"type": "Feature", "geometry": {"type": "Polygon", "coordinates": [[[85.45498915026008, 19.6], [85.46455792871282, 19.6], [85.46455792871282, 19.608983111749914], [85.45498915026008, 19.608983111749914], [85.45498915026008, 19.6]]]}, "properties": {"depth_m": 2.15, "severity": "Catastrophic", "elevation_m": 1.41, "dist_to_coast_km": 8.5, "district": "Puri"}}, {"type": "Feature", "geometry": {"type": "Polygon", "coordinates": [[[85.46455792871282, 19.6], [85.4741267071656, 19.6], [85.4741267071656, 19.608983111749914], [85.46455792871282, 19.608983111749914], [85.46455792871282, 19.6]]]}, "properties": {"depth_m": 2.11, "severity": "Catastrophic", "elevation_m": 1.44, "dist_to_coast_km": 8.6, "district": "Puri"}}, {"type": "Feature", "geometry": {"type": "Polygon", "coordinates": [[[85.4741267071656, 19.6], [85.48369548561834, 19.6], [85.48369548561834, 19.608983111749914], [85.4741267071656, 19.608983111749914], [85.4741267071656, 19.6]]]}, "properties": {"depth_m": 2.05, "severity": "Catastrophic", "elevation_m": 1.47, "dist_to_coast_km": 8.9, "district": "Puri"}}, {"type": "Feature", "geometry": {"type": "Polygon", "coordinates": [[[85.48369548561834, 19.6], [85.49326426407112, 19.6], [85.49326426407112, 19.608983111749914], [85.48369548561834, 19.608983111749914], [85.48369548561834, 19.6]]]}, "properties": {"depth_m": 1.96, "severity": "Catastrophic", "elevation_m": 1.52, "dist_to_coast_km": 9.3, "district": "Puri"}}, {"type": "Feature", "geometry": {"type": "Polygon", "coordinates": [[[85.49326426407112, 19.6], [85.50283304252386, 19.6], [85.50283304252386, 19.608983111749914], [85.49326426407112, 19.608983111749914], [85.49326426407112, 19.6]]]}, "properties": {"depth_m": 1.86, "severity": "Catastrophic", "elevation_m": 1.57, "dist_to_coast_km": 9.8, "district": "Puri"}}, {"type": "Feature", "geometry": {"type": "Polygon", "coordinates": [[[85.50283304252386, 19.6], [85.51240182097663, 19.6], [85.51240182097663, 19.608983111749914], [85.50283304252386, 19.608983111749914], [85.50283304252386, 19.6]]]}, "properties": {"depth_m": 1.74, "severity": "Catastrophic", "elevation_m": 1.64, "dist_to_coast_km": 10.3, "district": "Puri"}}, {"type": "Feature", "geometry": {"type": "Polygon", "coordinates": [[[85.51240182097663, 19.6], [85.52197059942938, 19.6], [85.52197059942938, 19.608983111749914], [85.51240182097663, 19.608983111749914], [85.51240182097663, 19.6]]]}, "properties": {"depth_m": 1.6, "severity": "Catastrophic", "elevation_m": 1.71, "dist_to_coast_km": 11.0, "district": "Puri"}}, {"type": "Feature", "geometry": {"type": "Polygon", "coordinates": [[[85.52197059942938, 19.6], [85.53153937788215, 19.6], [85.53153937788215, 19.608983111749914], [85.52197059942938, 19.608983111749914], [85.52197059942938, 19.6]]]}, "properties": {"depth_m": 1.45, "severity": "Severe", "elevation_m": 1.79, "dist_to_coast_km": 11.6, "district": "Puri"}}, {"type": "Feature", "geometry": {"type": "Polygon", "coordinates": [[[85.53153937788215, 19.6], [85.5411081563349, 19.6], [85.5411081563349, 19.608983111749914], [85.53153937788215, 19.608983111749914], [85.53153937788215, 19.6]]]}, "properties": {"depth_m": 1.3, "severity": "Severe", "elevation_m": 1.88, "dist_to_coast_km": 12.3, "district": "Puri"}}, {"type": "Feature", "geometry": {"type": "Polygon", "coordinates": [[[85.5411081563349, 19.6], [85.55067693478767, 19.6], [85.55067693478767, 19.608983111749914], [85.5411081563349, 19.608983111749914], [85.5411081563349, 19.6]]]}, "properties": {"depth_m": 1.13, "severity": "Severe", "elevation_m": 1.97, "dist_to_coast_km": 13.1, "district": "Puri"}}, {"type": "Feature", "geometry": {"type": "Polygon", "coordinates": [[[85.55067693478767, 19.6], [85.56024571324042, 19.6], [85.56024571324042, 19.608983111749914], [85.55067693478767, 19.608983111749914], [85.55067693478767, 19.6]]]}, "properties": {"depth_m": 0.96, "severity": "Severe", "elevation_m": 2.06, "dist_to_coast_km": 13.9, "district": "Puri"}}, {"type": "Feature", "geometry": {"type": "Polygon", "coordinates": [[[85.56024571324042, 19.6], [85.5698144916932, 19.6], [85.5698144916932, 19.608983111749914], [85.56024571324042, 19.608983111749914], [85.56024571324042, 19.6]]]}, "properties": {"depth_m": 0.78, "severity": "Severe", "elevation_m": 2.16, "dist_to_coast_km": 14.7, "district": "Puri"}}, {"type": "Feature", "geometry": {"type": "Polygon", "coordinates": [[[85.5698144916932, 19.6], [85.57938327014594, 19.6], [85.57938327014594, 19.608983111749914], [85.5698144916932, 19.608983111749914], [85.5698144916932, 19.6]]]}, "properties": {"depth_m": 0.6, "severity": "Moderate (Impassable)", "elevation_m": 2.26, "dist_to_coast_km": 15.5, "district": "Puri"}}, {"type": "Feature", "geometry": {"type": "Polygon", "coordinates": [[[85.57938327014594, 19.6], [85.58895204859871, 19.6], [85.58895204859871, 19.608983111749914], [85.57938327014594, 19.608983111749914], [85.57938327014594, 19.6]]]}, "properties": {"depth_m": 0.41, "severity": "Moderate (Impassable)", "elevation_m": 2.36, "dist_to_coast_km": 16.4, "district": "Puri"}}, {"type": "Feature", "geometry": {"type": "Polygon", "coordinates": [[[85.59852082705146, 19.6], [85.60808960550423, 19.6], [85.60808960550423, 19.608983111749914], [85.59852082705146, 19.608983111749914], [85.59852082705146, 19.6]]]}, "properties": {"depth_m": 0.1, "severity": "Minor", "elevation_m": 2.43, "dist_to_coast_km": 16.9, "district": "Puri"}}, {"type": "Feature", "geometry": {"type": "Polygon", "coordinates": [[[85.60808960550423, 19.6], [85.61765838395698, 19.6], [85.61765838395698, 19.608983111749914], [85.60808960550423, 19.608983111749914], [85.60808960550423, 19.6]]]}, "properties": {"depth_m": 0.16, "severity": "Minor", "elevation_m": 2.4, "dist_to_coast_km": 16.6, "district": "Puri"}}, {"type": "Feature", "geometry": {"type": "Polygon", "coordinates": [[[85.61765838395698, 19.6], [85.62722716240975, 19.6], [85.62722716240975, 19.608983111749914], [85.61765838395698, 19.608983111749914], [85.61765838395698, 19.6]]]}, "properties": {"depth_m": 0.2, "severity": "Minor", "elevation_m": 2.37, "dist_to_coast_km": 16.4, "district": "Puri"}}, {"type": "Feature", "geometry": {"type": "Polygon", "coordinates": [[[85.62722716240975, 19.6], [85.6367959408625, 19.6], [85.6367959408625, 19.608983111749914], [85.62722716240975, 19.608983111749914], [85.62722716240975, 19.6]]]}, "properties": {"depth_m": 0.24, "severity": "Minor", "elevation_m": 2.35, "dist_to_coast_km": 16.3, "district": "Puri"}}, {"type": "Feature", "geometry": {"type": "Polygon", "coordinates": [[[85.6367959408625, 19.6], [85.64636471931527, 19.6], [85.64636471931527, 19.608983111749914], [85.6367959408625, 19.608983111749914], [85.6367959408625, 19.6]]]}, "properties": {"depth_m": 0.26, "severity": "Minor", "elevation_m": 2.34, "dist_to_coast_km": 16.2, "district": "Puri"}}, {"type": "Feature", "geometry": {"type": "Polygon", "coordinates": [[[85.64636471931527, 19.6], [85.65593349776802, 19.6], [85.65593349776802, 19.608983111749914], [85.64636471931527, 19.608983111749914], [85.64636471931527, 19.6]]]}, "properties": {"depth_m": 0.26, "severity": "Minor", "elevation_m": 2.34, "dist_to_coast_km": 16.2, "district": "Puri"}}, {"type": "Feature", "geometry": {"type": "Polygon", "coordinates": [[[85.65593349776802, 19.6], [85.66550227622079, 19.6], [85.66550227622079, 19.608983111749914], [85.65593349776802, 19.608983111749914], [85.65593349776802, 19.6]]]}, "properties": {"depth_m": 0.25, "severity": "Minor", "elevation_m": 2.35, "dist_to_coast_km": 16.2, "district": "Puri"}}, {"type": "Feature", "geometry": {"type": "Polygon", "coordinates": [[[85.66550227622079, 19.6], [85.67507105467354, 19.6], [85.67507105467354, 19.608983111749914], [85.66550227622079, 19.608983111749914], [85.66550227622079, 19.6]]]}, "properties": {"depth_m": 0.23, "severity": "Minor", "elevation_m": 2.36, "dist_to_coast_km": 16.3, "district": "Puri"}}, {"type": "Feature", "geometry": {"type": "Polygon", "coordinates": [[[85.67507105467354, 19.6], [85.68463983312631, 19.6], [85.68463983312631, 19.608983111749914], [85.67507105467354, 19.608983111749914], [85.67507105467354, 19.6]]]}, "properties": {"depth_m": 0.19, "severity": "Minor", "elevation_m": 2.38, "dist_to_coast_km": 16.5, "district": "Puri"}}, {"type": "Feature", "geometry": {"type": "Polygon", "coordinates": [[[85.68463983312631, 19.6], [85.69420861157906, 19.6], [85.69420861157906, 19.608983111749914], [85.68463983312631, 19.608983111749914], [85.68463983312631, 19.6]]]}, "properties": {"depth_m": 0.15, "severity": "Minor", "elevation_m": 2.4, "dist_to_coast_km": 16.7, "district": "Puri"}}, {"type": "Feature", "geometry": {"type": "Polygon", "coordinates": [[[85.29231991656314, 19.608983111749914], [85.30188869501592, 19.608983111749914], [85.30188869501592, 19.61796622349982], [85.29231991656314, 19.61796622349982], [85.29231991656314, 19.608983111749914]]]}, "properties": {"depth_m": 0.13, "severity": "Minor", "elevation_m": 2.52, "dist_to_coast_km": 17.6, "district": "Puri"}}, {"type": "Feature", "geometry": {"type": "Polygon", "coordinates": [[[85.30188869501592, 19.608983111749914], [85.31145747346866, 19.608983111749914], [85.31145747346866, 19.61796622349982], [85.30188869501592, 19.61796622349982], [85.30188869501592, 19.608983111749914]]]}, "properties": {"depth_m": 0.33, "severity": "Moderate (Impassable)", "elevation_m": 2.41, "dist_to_coast_km": 16.7, "district": "Puri"}}, {"type": "Feature", "geometry": {"type": "Polygon", "coordinates": [[[85.31145747346866, 19.608983111749914], [85.32102625192144, 19.608983111749914], [85.32102625192144, 19.61796622349982], [85.31145747346866, 19.61796622349982], [85.31145747346866, 19.608983111749914]]]}, "properties": {"depth_m": 0.53, "severity": "Moderate (Impassable)", "elevation_m": 2.3, "dist_to_coast_km": 15.8, "district": "Puri"}}, {"type": "Feature", "geometry": {"type": "Polygon", "coordinates": [[[85.32102625192144, 19.608983111749914], [85.33059503037418, 19.608983111749914], [85.33059503037418, 19.61796622349982], [85.32102625192144, 19.61796622349982], [85.32102625192144, 19.608983111749914]]]}, "properties": {"depth_m": 0.72, "severity": "Severe", "elevation_m": 2.2, "dist_to_coast_km": 15.0, "district": "Puri"}}, {"type": "Feature", "geometry": {"type": "Polygon", "coordinates": [[[85.33059503037418, 19.608983111749914], [85.34016380882696, 19.608983111749914], [85.34016380882696, 19.61796622349982], [85.33059503037418, 19.61796622349982], [85.33059503037418, 19.608983111749914]]]}, "properties": {"depth_m": 0.91, "severity": "Severe", "elevation_m": 2.09, "dist_to_coast_km": 14.1, "district": "Puri"}}, {"type": "Feature", "geometry": {"type": "Polygon", "coordinates": [[[85.34016380882696, 19.608983111749914], [85.3497325872797, 19.608983111749914], [85.3497325872797, 19.61796622349982], [85.34016380882696, 19.61796622349982], [85.34016380882696, 19.608983111749914]]]}, "properties": {"depth_m": 1.09, "severity": "Severe", "elevation_m": 1.99, "dist_to_coast_km": 13.3, "district": "Puri"}}, {"type": "Feature", "geometry": {"type": "Polygon", "coordinates": [[[85.3497325872797, 19.608983111749914], [85.35930136573248, 19.608983111749914], [85.35930136573248, 19.61796622349982], [85.3497325872797, 19.61796622349982], [85.3497325872797, 19.608983111749914]]]}, "properties": {"depth_m": 1.27, "severity": "Severe", "elevation_m": 1.89, "dist_to_coast_km": 12.4, "district": "Puri"}}, {"type": "Feature", "geometry": {"type": "Polygon", "coordinates": [[[85.35930136573248, 19.608983111749914], [85.36887014418522, 19.608983111749914], [85.36887014418522, 19.61796622349982], [85.35930136573248, 19.61796622349982], [85.35930136573248, 19.608983111749914]]]}, "properties": {"depth_m": 1.45, "severity": "Severe", "elevation_m": 1.8, "dist_to_coast_km": 11.6, "district": "Puri"}}, {"type": "Feature", "geometry": {"type": "Polygon", "coordinates": [[[85.36887014418522, 19.608983111749914], [85.378438922638, 19.608983111749914], [85.378438922638, 19.61796622349982], [85.36887014418522, 19.61796622349982], [85.36887014418522, 19.608983111749914]]]}, "properties": {"depth_m": 1.61, "severity": "Catastrophic", "elevation_m": 1.71, "dist_to_coast_km": 10.9, "district": "Puri"}}, {"type": "Feature", "geometry": {"type": "Polygon", "coordinates": [[[85.378438922638, 19.608983111749914], [85.38800770109074, 19.608983111749914], [85.38800770109074, 19.61796622349982], [85.378438922638, 19.61796622349982], [85.378438922638, 19.608983111749914]]]}, "properties": {"depth_m": 1.77, "severity": "Catastrophic", "elevation_m": 1.62, "dist_to_coast_km": 10.2, "district": "Puri"}}, {"type": "Feature", "geometry": {"type": "Polygon", "coordinates": [[[85.38800770109074, 19.608983111749914], [85.39757647954352, 19.608983111749914], [85.39757647954352, 19.61796622349982], [85.38800770109074, 19.61796622349982], [85.38800770109074, 19.608983111749914]]]}, "properties": {"depth_m": 1.92, "severity": "Catastrophic", "elevation_m": 1.54, "dist_to_coast_km": 9.5, "district": "Puri"}}, {"type": "Feature", "geometry": {"type": "Polygon", "coordinates": [[[85.39757647954352, 19.608983111749914], [85.40714525799626, 19.608983111749914], [85.40714525799626, 19.61796622349982], [85.39757647954352, 19.61796622349982], [85.39757647954352, 19.608983111749914]]]}, "properties": {"depth_m": 2.05, "severity": "Catastrophic", "elevation_m": 1.47, "dist_to_coast_km": 8.9, "district": "Puri"}}, {"type": "Feature", "geometry": {"type": "Polygon", "coordinates": [[[85.40714525799626, 19.608983111749914], [85.41671403644904, 19.608983111749914], [85.41671403644904, 19.61796622349982], [85.40714525799626, 19.61796622349982], [85.40714525799626, 19.608983111749914]]]}, "properties": {"depth_m": 2.16, "severity": "Catastrophic", "elevation_m": 1.41, "dist_to_coast_km": 8.4, "district": "Puri"}}, {"type": "Feature", "geometry": {"type": "Polygon", "coordinates": [[[85.41671403644904, 19.608983111749914], [85.42628281490178, 19.608983111749914], [85.42628281490178, 19.61796622349982], [85.41671403644904, 19.61796622349982], [85.41671403644904, 19.608983111749914]]]}, "properties": {"depth_m": 2.26, "severity": "Catastrophic", "elevation_m": 1.36, "dist_to_coast_km": 8.0, "district": "Puri"}}, {"type": "Feature", "geometry": {"type": "Polygon", "coordinates": [[[85.42628281490178, 19.608983111749914], [85.43585159335456, 19.608983111749914], [85.43585159335456, 19.61796622349982], [85.42628281490178, 19.61796622349982], [85.42628281490178, 19.608983111749914]]]}, "properties": {"depth_m": 2.33, "severity": "Catastrophic", "elevation_m": 1.32, "dist_to_coast_km": 7.7, "district": "Puri"}}, {"type": "Feature", "geometry": {"type": "Polygon", "coordinates": [[[85.43585159335456, 19.608983111749914], [85.4454203718073, 19.608983111749914], [85.4454203718073, 19.61796622349982], [85.43585159335456, 19.61796622349982], [85.43585159335456, 19.608983111749914]]]}, "properties": {"depth_m": 2.37, "severity": "Catastrophic", "elevation_m": 1.3, "dist_to_coast_km": 7.5, "district": "Puri"}}, {"type": "Feature", "geometry": {"type": "Polygon", "coordinates": [[[85.4454203718073, 19.608983111749914], [85.45498915026008, 19.608983111749914], [85.45498915026008, 19.61796622349982], [85.4454203718073, 19.61796622349982], [85.4454203718073, 19.608983111749914]]]}, "properties": {"depth_m": 2.38, "severity": "Catastrophic", "elevation_m": 1.29, "dist_to_coast_km": 7.4, "district": "Puri"}}, {"type": "Feature", "geometry": {"type": "Polygon", "coordinates": [[[85.45498915026008, 19.608983111749914], [85.46455792871282, 19.608983111749914], [85.46455792871282, 19.61796622349982], [85.45498915026008, 19.61796622349982], [85.45498915026008, 19.608983111749914]]]}, "properties": {"depth_m": 2.37, "severity": "Catastrophic", "elevation_m": 1.3, "dist_to_coast_km": 7.5, "district": "Puri"}}, {"type": "Feature", "geometry": {"type": "Polygon", "coordinates": [[[85.46455792871282, 19.608983111749914], [85.4741267071656, 19.608983111749914], [85.4741267071656, 19.61796622349982], [85.46455792871282, 19.61796622349982], [85.46455792871282, 19.608983111749914]]]}, "properties": {"depth_m": 2.32, "severity": "Catastrophic", "elevation_m": 1.32, "dist_to_coast_km": 7.7, "district": "Puri"}}, {"type": "Feature", "geometry": {"type": "Polygon", "coordinates": [[[85.4741267071656, 19.608983111749914], [85.48369548561834, 19.608983111749914], [85.48369548561834, 19.61796622349982], [85.4741267071656, 19.61796622349982], [85.4741267071656, 19.608983111749914]]]}, "properties": {"depth_m": 2.25, "severity": "Catastrophic", "elevation_m": 1.36, "dist_to_coast_km": 8.0, "district": "Puri"}}, {"type": "Feature", "geometry": {"type": "Polygon", "coordinates": [[[85.48369548561834, 19.608983111749914], [85.49326426407112, 19.608983111749914], [85.49326426407112, 19.61796622349982], [85.48369548561834, 19.61796622349982], [85.48369548561834, 19.608983111749914]]]}, "properties": {"depth_m": 2.16, "severity": "Catastrophic", "elevation_m": 1.41, "dist_to_coast_km": 8.4, "district": "Puri"}}, {"type": "Feature", "geometry": {"type": "Polygon", "coordinates": [[[85.49326426407112, 19.608983111749914], [85.50283304252386, 19.608983111749914], [85.50283304252386, 19.61796622349982], [85.49326426407112, 19.61796622349982], [85.49326426407112, 19.608983111749914]]]}, "properties": {"depth_m": 2.04, "severity": "Catastrophic", "elevation_m": 1.47, "dist_to_coast_km": 8.9, "district": "Puri"}}, {"type": "Feature", "geometry": {"type": "Polygon", "coordinates": [[[85.50283304252386, 19.608983111749914], [85.51240182097663, 19.608983111749914], [85.51240182097663, 19.61796622349982], [85.50283304252386, 19.61796622349982], [85.50283304252386, 19.608983111749914]]]}, "properties": {"depth_m": 1.91, "severity": "Catastrophic", "elevation_m": 1.55, "dist_to_coast_km": 9.5, "district": "Puri"}}, {"type": "Feature", "geometry": {"type": "Polygon", "coordinates": [[[85.51240182097663, 19.608983111749914], [85.52197059942938, 19.608983111749914], [85.52197059942938, 19.61796622349982], [85.51240182097663, 19.61796622349982], [85.51240182097663, 19.608983111749914]]]}, "properties": {"depth_m": 1.76, "severity": "Catastrophic", "elevation_m": 1.63, "dist_to_coast_km": 10.2, "district": "Puri"}}, {"type": "Feature", "geometry": {"type": "Polygon", "coordinates": [[[85.52197059942938, 19.608983111749914], [85.53153937788215, 19.608983111749914], [85.53153937788215, 19.61796622349982], [85.52197059942938, 19.61796622349982], [85.52197059942938, 19.608983111749914]]]}, "properties": {"depth_m": 1.61, "severity": "Catastrophic", "elevation_m": 1.71, "dist_to_coast_km": 10.9, "district": "Puri"}}, {"type": "Feature", "geometry": {"type": "Polygon", "coordinates": [[[85.53153937788215, 19.608983111749914], [85.5411081563349, 19.608983111749914], [85.5411081563349, 19.61796622349982], [85.53153937788215, 19.61796622349982], [85.53153937788215, 19.608983111749914]]]}, "properties": {"depth_m": 1.44, "severity": "Severe", "elevation_m": 1.8, "dist_to_coast_km": 11.7, "district": "Puri"}}, {"type": "Feature", "geometry": {"type": "Polygon", "coordinates": [[[85.5411081563349, 19.608983111749914], [85.55067693478767, 19.608983111749914], [85.55067693478767, 19.61796622349982], [85.5411081563349, 19.61796622349982], [85.5411081563349, 19.608983111749914]]]}, "properties": {"depth_m": 1.27, "severity": "Severe", "elevation_m": 1.9, "dist_to_coast_km": 12.5, "district": "Puri"}}, {"type": "Feature", "geometry": {"type": "Polygon", "coordinates": [[[85.55067693478767, 19.608983111749914], [85.56024571324042, 19.608983111749914], [85.56024571324042, 19.61796622349982], [85.55067693478767, 19.61796622349982], [85.55067693478767, 19.608983111749914]]]}, "properties": {"depth_m": 1.09, "severity": "Severe", "elevation_m": 2.0, "dist_to_coast_km": 13.3, "district": "Puri"}}, {"type": "Feature", "geometry": {"type": "Polygon", "coordinates": [[[85.56024571324042, 19.608983111749914], [85.5698144916932, 19.608983111749914], [85.5698144916932, 19.61796622349982], [85.56024571324042, 19.61796622349982], [85.56024571324042, 19.608983111749914]]]}, "properties": {"depth_m": 0.9, "severity": "Severe", "elevation_m": 2.1, "dist_to_coast_km": 14.1, "district": "Puri"}}, {"type": "Feature", "geometry": {"type": "Polygon", "coordinates": [[[85.5698144916932, 19.608983111749914], [85.57938327014594, 19.608983111749914], [85.57938327014594, 19.61796622349982], [85.5698144916932, 19.61796622349982], [85.5698144916932, 19.608983111749914]]]}, "properties": {"depth_m": 0.71, "severity": "Severe", "elevation_m": 2.2, "dist_to_coast_km": 15.0, "district": "Puri"}}, {"type": "Feature", "geometry": {"type": "Polygon", "coordinates": [[[85.57938327014594, 19.608983111749914], [85.58895204859871, 19.608983111749914], [85.58895204859871, 19.61796622349982], [85.57938327014594, 19.61796622349982], [85.57938327014594, 19.608983111749914]]]}, "properties": {"depth_m": 0.52, "severity": "Moderate (Impassable)", "elevation_m": 2.31, "dist_to_coast_km": 15.9, "district": "Puri"}}, {"type": "Feature", "geometry": {"type": "Polygon", "coordinates": [[[85.58895204859871, 19.608983111749914], [85.59852082705146, 19.608983111749914], [85.59852082705146, 19.61796622349982], [85.58895204859871, 19.61796622349982], [85.58895204859871, 19.608983111749914]]]}, "properties": {"depth_m": 0.24, "severity": "Minor", "elevation_m": 2.35, "dist_to_coast_km": 16.3, "district": "Puri"}}, {"type": "Feature", "geometry": {"type": "Polygon", "coordinates": [[[85.59852082705146, 19.608983111749914], [85.60808960550423, 19.608983111749914], [85.60808960550423, 19.61796622349982], [85.59852082705146, 19.61796622349982], [85.59852082705146, 19.608983111749914]]]}, "properties": {"depth_m": 0.31, "severity": "Moderate (Impassable)", "elevation_m": 2.31, "dist_to_coast_km": 15.9, "district": "Puri"}}, {"type": "Feature", "geometry": {"type": "Polygon", "coordinates": [[[85.60808960550423, 19.608983111749914], [85.61765838395698, 19.608983111749914], [85.61765838395698, 19.61796622349982], [85.60808960550423, 19.61796622349982], [85.60808960550423, 19.608983111749914]]]}, "properties": {"depth_m": 0.37, "severity": "Moderate (Impassable)", "elevation_m": 2.28, "dist_to_coast_km": 15.7, "district": "Puri"}}, {"type": "Feature", "geometry": {"type": "Polygon", "coordinates": [[[85.61765838395698, 19.608983111749914], [85.62722716240975, 19.608983111749914], [85.62722716240975, 19.61796622349982], [85.61765838395698, 19.61796622349982], [85.61765838395698, 19.608983111749914]]]}, "properties": {"depth_m": 0.42, "severity": "Moderate (Impassable)", "elevation_m": 2.25, "dist_to_coast_km": 15.5, "district": "Puri"}}, {"type": "Feature", "geometry": {"type": "Polygon", "coordinates": [[[85.62722716240975, 19.608983111749914], [85.6367959408625, 19.608983111749914], [85.6367959408625, 19.61796622349982], [85.62722716240975, 19.61796622349982], [85.62722716240975, 19.608983111749914]]]}, "properties": {"depth_m": 0.45, "severity": "Moderate (Impassable)", "elevation_m": 2.24, "dist_to_coast_km": 15.3, "district": "Puri"}}, {"type": "Feature", "geometry": {"type": "Polygon", "coordinates": [[[85.6367959408625, 19.608983111749914], [85.64636471931527, 19.608983111749914], [85.64636471931527, 19.61796622349982], [85.6367959408625, 19.61796622349982], [85.6367959408625, 19.608983111749914]]]}, "properties": {"depth_m": 0.47, "severity": "Moderate (Impassable)", "elevation_m": 2.22, "dist_to_coast_km": 15.2, "district": "Puri"}}, {"type": "Feature", "geometry": {"type": "Polygon", "coordinates": [[[85.64636471931527, 19.608983111749914], [85.65593349776802, 19.608983111749914], [85.65593349776802, 19.61796622349982], [85.64636471931527, 19.61796622349982], [85.64636471931527, 19.608983111749914]]]}, "properties": {"depth_m": 0.48, "severity": "Moderate (Impassable)", "elevation_m": 2.22, "dist_to_coast_km": 15.2, "district": "Puri"}}, {"type": "Feature", "geometry": {"type": "Polygon", "coordinates": [[[85.65593349776802, 19.608983111749914], [85.66550227622079, 19.608983111749914], [85.66550227622079, 19.61796622349982], [85.65593349776802, 19.61796622349982], [85.65593349776802, 19.608983111749914]]]}, "properties": {"depth_m": 0.47, "severity": "Moderate (Impassable)", "elevation_m": 2.23, "dist_to_coast_km": 15.2, "district": "Puri"}}, {"type": "Feature", "geometry": {"type": "Polygon", "coordinates": [[[85.66550227622079, 19.608983111749914], [85.67507105467354, 19.608983111749914], [85.67507105467354, 19.61796622349982], [85.66550227622079, 19.61796622349982], [85.66550227622079, 19.608983111749914]]]}, "properties": {"depth_m": 0.45, "severity": "Moderate (Impassable)", "elevation_m": 2.24, "dist_to_coast_km": 15.3, "district": "Puri"}}, {"type": "Feature", "geometry": {"type": "Polygon", "coordinates": [[[85.67507105467354, 19.608983111749914], [85.68463983312631, 19.608983111749914], [85.68463983312631, 19.61796622349982], [85.67507105467354, 19.61796622349982], [85.67507105467354, 19.608983111749914]]]}, "properties": {"depth_m": 0.41, "severity": "Moderate (Impassable)", "elevation_m": 2.26, "dist_to_coast_km": 15.5, "district": "Puri"}}, {"type": "Feature", "geometry": {"type": "Polygon", "coordinates": [[[85.68463983312631, 19.608983111749914], [85.69420861157906, 19.608983111749914], [85.69420861157906, 19.61796622349982], [85.68463983312631, 19.61796622349982], [85.68463983312631, 19.608983111749914]]]}, "properties": {"depth_m": 0.36, "severity": "Moderate (Impassable)", "elevation_m": 2.29, "dist_to_coast_km": 15.7, "district": "Puri"}}, {"type": "Feature", "geometry": {"type": "Polygon", "coordinates": [[[85.69420861157906, 19.608983111749914], [85.70377739003183, 19.608983111749914], [85.70377739003183, 19.61796622349982], [85.69420861157906, 19.61796622349982], [85.69420861157906, 19.608983111749914]]]}, "properties": {"depth_m": 0.29, "severity": "Minor", "elevation_m": 2.32, "dist_to_coast_km": 16.0, "district": "Puri"}}, {"type": "Feature", "geometry": {"type": "Polygon", "coordinates": [[[85.29231991656314, 19.61796622349982], [85.30188869501592, 19.61796622349982], [85.30188869501592, 19.626949335249734], [85.29231991656314, 19.626949335249734], [85.29231991656314, 19.61796622349982]]]}, "properties": {"depth_m": 0.22, "severity": "Minor", "elevation_m": 2.47, "dist_to_coast_km": 17.2, "district": "Puri"}}, {"type": "Feature", "geometry": {"type": "Polygon", "coordinates": [[[85.30188869501592, 19.61796622349982], [85.31145747346866, 19.61796622349982], [85.31145747346866, 19.626949335249734], [85.30188869501592, 19.626949335249734], [85.30188869501592, 19.61796622349982]]]}, "properties": {"depth_m": 0.42, "severity": "Moderate (Impassable)", "elevation_m": 2.36, "dist_to_coast_km": 16.3, "district": "Puri"}}, {"type": "Feature", "geometry": {"type": "Polygon", "coordinates": [[[85.31145747346866, 19.61796622349982], [85.32102625192144, 19.61796622349982], [85.32102625192144, 19.626949335249734], [85.31145747346866, 19.626949335249734], [85.31145747346866, 19.61796622349982]]]}, "properties": {"depth_m": 0.62, "severity": "Severe", "elevation_m": 2.25, "dist_to_coast_km": 15.4, "district": "Puri"}}, {"type": "Feature", "geometry": {"type": "Polygon", "coordinates": [[[85.32102625192144, 19.61796622349982], [85.33059503037418, 19.61796622349982], [85.33059503037418, 19.626949335249734], [85.32102625192144, 19.626949335249734], [85.32102625192144, 19.61796622349982]]]}, "properties": {"depth_m": 0.82, "severity": "Severe", "elevation_m": 2.14, "dist_to_coast_km": 14.5, "district": "Puri"}}, {"type": "Feature", "geometry": {"type": "Polygon", "coordinates": [[[85.33059503037418, 19.61796622349982], [85.34016380882696, 19.61796622349982], [85.34016380882696, 19.626949335249734], [85.33059503037418, 19.626949335249734], [85.33059503037418, 19.61796622349982]]]}, "properties": {"depth_m": 1.02, "severity": "Severe", "elevation_m": 2.03, "dist_to_coast_km": 13.6, "district": "Puri"}}, {"type": "Feature", "geometry": {"type": "Polygon", "coordinates": [[[85.34016380882696, 19.61796622349982], [85.3497325872797, 19.61796622349982], [85.3497325872797, 19.626949335249734], [85.34016380882696, 19.626949335249734], [85.34016380882696, 19.61796622349982]]]}, "properties": {"depth_m": 1.21, "severity": "Severe", "elevation_m": 1.93, "dist_to_coast_km": 12.7, "district": "Puri"}}, {"type": "Feature", "geometry": {"type": "Polygon", "coordinates": [[[85.3497325872797, 19.61796622349982], [85.35930136573248, 19.61796622349982], [85.35930136573248, 19.626949335249734], [85.3497325872797, 19.626949335249734], [85.3497325872797, 19.61796622349982]]]}, "properties": {"depth_m": 1.4, "severity": "Severe", "elevation_m": 1.82, "dist_to_coast_km": 11.9, "district": "Puri"}}, {"type": "Feature", "geometry": {"type": "Polygon", "coordinates": [[[85.35930136573248, 19.61796622349982], [85.36887014418522, 19.61796622349982], [85.36887014418522, 19.626949335249734], [85.35930136573248, 19.626949335249734], [85.35930136573248, 19.61796622349982]]]}, "properties": {"depth_m": 1.58, "severity": "Catastrophic", "elevation_m": 1.72, "dist_to_coast_km": 11.0, "district": "Puri"}}, {"type": "Feature", "geometry": {"type": "Polygon", "coordinates": [[[85.36887014418522, 19.61796622349982], [85.378438922638, 19.61796622349982], [85.378438922638, 19.626949335249734], [85.36887014418522, 19.626949335249734], [85.36887014418522, 19.61796622349982]]]}, "properties": {"depth_m": 1.76, "severity": "Catastrophic", "elevation_m": 1.63, "dist_to_coast_km": 10.2, "district": "Puri"}}, {"type": "Feature", "geometry": {"type": "Polygon", "coordinates": [[[85.378438922638, 19.61796622349982], [85.38800770109074, 19.61796622349982], [85.38800770109074, 19.626949335249734], [85.378438922638, 19.626949335249734], [85.378438922638, 19.61796622349982]]]}, "properties": {"depth_m": 1.92, "severity": "Catastrophic", "elevation_m": 1.54, "dist_to_coast_km": 9.5, "district": "Puri"}}, {"type": "Feature", "geometry": {"type": "Polygon", "coordinates": [[[85.38800770109074, 19.61796622349982], [85.39757647954352, 19.61796622349982], [85.39757647954352, 19.626949335249734], [85.38800770109074, 19.626949335249734], [85.38800770109074, 19.61796622349982]]]}, "properties": {"depth_m": 2.08, "severity": "Catastrophic", "elevation_m": 1.45, "dist_to_coast_km": 8.8, "district": "Puri"}}, {"type": "Feature", "geometry": {"type": "Polygon", "coordinates": [[[85.39757647954352, 19.61796622349982], [85.40714525799626, 19.61796622349982], [85.40714525799626, 19.626949335249734], [85.39757647954352, 19.626949335249734], [85.39757647954352, 19.61796622349982]]]}, "properties": {"depth_m": 2.23, "severity": "Catastrophic", "elevation_m": 1.37, "dist_to_coast_km": 8.1, "district": "Puri"}}, {"type": "Feature", "geometry": {"type": "Polygon", "coordinates": [[[85.40714525799626, 19.61796622349982], [85.41671403644904, 19.61796622349982], [85.41671403644904, 19.626949335249734], [85.40714525799626, 19.626949335249734], [85.40714525799626, 19.61796622349982]]]}, "properties": {"depth_m": 2.35, "severity": "Catastrophic", "elevation_m": 1.3, "dist_to_coast_km": 7.5, "district": "Puri"}}, {"type": "Feature", "geometry": {"type": "Polygon", "coordinates": [[[85.41671403644904, 19.61796622349982], [85.42628281490178, 19.61796622349982], [85.42628281490178, 19.626949335249734], [85.41671403644904, 19.626949335249734], [85.41671403644904, 19.61796622349982]]]}, "properties": {"depth_m": 2.46, "severity": "Catastrophic", "elevation_m": 1.25, "dist_to_coast_km": 7.1, "district": "Puri"}}, {"type": "Feature", "geometry": {"type": "Polygon", "coordinates": [[[85.42628281490178, 19.61796622349982], [85.43585159335456, 19.61796622349982], [85.43585159335456, 19.626949335249734], [85.42628281490178, 19.626949335249734], [85.42628281490178, 19.61796622349982]]]}, "properties": {"depth_m": 2.54, "severity": "Catastrophic", "elevation_m": 1.2, "dist_to_coast_km": 6.7, "district": "Puri"}}, {"type": "Feature", "geometry": {"type": "Polygon", "coordinates": [[[85.43585159335456, 19.61796622349982], [85.4454203718073, 19.61796622349982], [85.4454203718073, 19.626949335249734], [85.43585159335456, 19.626949335249734], [85.43585159335456, 19.61796622349982]]]}, "properties": {"depth_m": 2.59, "severity": "Catastrophic", "elevation_m": 1.18, "dist_to_coast_km": 6.5, "district": "Puri"}}, {"type": "Feature", "geometry": {"type": "Polygon", "coordinates": [[[85.4454203718073, 19.61796622349982], [85.45498915026008, 19.61796622349982], [85.45498915026008, 19.626949335249734], [85.4454203718073, 19.626949335249734], [85.4454203718073, 19.61796622349982]]]}, "properties": {"depth_m": 2.6, "severity": "Catastrophic", "elevation_m": 1.17, "dist_to_coast_km": 6.4, "district": "Puri"}}, {"type": "Feature", "geometry": {"type": "Polygon", "coordinates": [[[85.45498915026008, 19.61796622349982], [85.46455792871282, 19.61796622349982], [85.46455792871282, 19.626949335249734], [85.45498915026008, 19.626949335249734], [85.45498915026008, 19.61796622349982]]]}, "properties": {"depth_m": 2.58, "severity": "Catastrophic", "elevation_m": 1.18, "dist_to_coast_km": 6.5, "district": "Puri"}}, {"type": "Feature", "geometry": {"type": "Polygon", "coordinates": [[[85.46455792871282, 19.61796622349982], [85.4741267071656, 19.61796622349982], [85.4741267071656, 19.626949335249734], [85.46455792871282, 19.626949335249734], [85.46455792871282, 19.61796622349982]]]}, "properties": {"depth_m": 2.53, "severity": "Catastrophic", "elevation_m": 1.21, "dist_to_coast_km": 6.7, "district": "Puri"}}, {"type": "Feature", "geometry": {"type": "Polygon", "coordinates": [[[85.4741267071656, 19.61796622349982], [85.48369548561834, 19.61796622349982], [85.48369548561834, 19.626949335249734], [85.4741267071656, 19.626949335249734], [85.4741267071656, 19.61796622349982]]]}, "properties": {"depth_m": 2.45, "severity": "Catastrophic", "elevation_m": 1.25, "dist_to_coast_km": 7.1, "district": "Puri"}}, {"type": "Feature", "geometry": {"type": "Polygon", "coordinates": [[[85.48369548561834, 19.61796622349982], [85.49326426407112, 19.61796622349982], [85.49326426407112, 19.626949335249734], [85.48369548561834, 19.626949335249734], [85.48369548561834, 19.61796622349982]]]}, "properties": {"depth_m": 2.35, "severity": "Catastrophic", "elevation_m": 1.31, "dist_to_coast_km": 7.6, "district": "Puri"}}, {"type": "Feature", "geometry": {"type": "Polygon", "coordinates": [[[85.49326426407112, 19.61796622349982], [85.50283304252386, 19.61796622349982], [85.50283304252386, 19.626949335249734], [85.49326426407112, 19.626949335249734], [85.49326426407112, 19.61796622349982]]]}, "properties": {"depth_m": 2.22, "severity": "Catastrophic", "elevation_m": 1.38, "dist_to_coast_km": 8.1, "district": "Puri"}}, {"type": "Feature", "geometry": {"type": "Polygon", "coordinates": [[[85.50283304252386, 19.61796622349982], [85.51240182097663, 19.61796622349982], [85.51240182097663, 19.626949335249734], [85.50283304252386, 19.626949335249734], [85.50283304252386, 19.61796622349982]]]}, "properties": {"depth_m": 2.08, "severity": "Catastrophic", "elevation_m": 1.46, "dist_to_coast_km": 8.8, "district": "Puri"}}, {"type": "Feature", "geometry": {"type": "Polygon", "coordinates": [[[85.51240182097663, 19.61796622349982], [85.52197059942938, 19.61796622349982], [85.52197059942938, 19.626949335249734], [85.51240182097663, 19.626949335249734], [85.51240182097663, 19.61796622349982]]]}, "properties": {"depth_m": 1.92, "severity": "Catastrophic", "elevation_m": 1.54, "dist_to_coast_km": 9.5, "district": "Puri"}}, {"type": "Feature", "geometry": {"type": "Polygon", "coordinates": [[[85.52197059942938, 19.61796622349982], [85.53153937788215, 19.61796622349982], [85.53153937788215, 19.626949335249734], [85.52197059942938, 19.626949335249734], [85.52197059942938, 19.61796622349982]]]}, "properties": {"depth_m": 1.75, "severity": "Catastrophic", "elevation_m": 1.63, "dist_to_coast_km": 10.3, "district": "Puri"}}, {"type": "Feature", "geometry": {"type": "Polygon", "coordinates": [[[85.53153937788215, 19.61796622349982], [85.5411081563349, 19.61796622349982], [85.5411081563349, 19.626949335249734], [85.53153937788215, 19.626949335249734], [85.53153937788215, 19.61796622349982]]]}, "properties": {"depth_m": 1.57, "severity": "Catastrophic", "elevation_m": 1.73, "dist_to_coast_km": 11.1, "district": "Puri"}}, {"type": "Feature", "geometry": {"type": "Polygon", "coordinates": [[[85.5411081563349, 19.61796622349982], [85.55067693478767, 19.61796622349982], [85.55067693478767, 19.626949335249734], [85.5411081563349, 19.626949335249734], [85.5411081563349, 19.61796622349982]]]}, "properties": {"depth_m": 1.39, "severity": "Severe", "elevation_m": 1.83, "dist_to_coast_km": 11.9, "district": "Puri"}}, {"type": "Feature", "geometry": {"type": "Polygon", "coordinates": [[[85.55067693478767, 19.61796622349982], [85.56024571324042, 19.61796622349982], [85.56024571324042, 19.626949335249734], [85.55067693478767, 19.626949335249734], [85.55067693478767, 19.61796622349982]]]}, "properties": {"depth_m": 1.2, "severity": "Severe", "elevation_m": 1.93, "dist_to_coast_km": 12.8, "district": "Puri"}}, {"type": "Feature", "geometry": {"type": "Polygon", "coordinates": [[[85.56024571324042, 19.61796622349982], [85.5698144916932, 19.61796622349982], [85.5698144916932, 19.626949335249734], [85.56024571324042, 19.626949335249734], [85.56024571324042, 19.61796622349982]]]}, "properties": {"depth_m": 1.01, "severity": "Severe", "elevation_m": 2.04, "dist_to_coast_km": 13.6, "district": "Puri"}}, {"type": "Feature", "geometry": {"type": "Polygon", "coordinates": [[[85.5698144916932, 19.61796622349982], [85.57938327014594, 19.61796622349982], [85.57938327014594, 19.626949335249734], [85.5698144916932, 19.626949335249734], [85.5698144916932, 19.61796622349982]]]}, "properties": {"depth_m": 0.81, "severity": "Severe", "elevation_m": 2.14, "dist_to_coast_km": 14.5, "district": "Puri"}}, {"type": "Feature", "geometry": {"type": "Polygon", "coordinates": [[[85.57938327014594, 19.61796622349982], [85.58895204859871, 19.61796622349982], [85.58895204859871, 19.626949335249734], [85.57938327014594, 19.626949335249734], [85.57938327014594, 19.61796622349982]]]}, "properties": {"depth_m": 0.61, "severity": "Severe", "elevation_m": 2.25, "dist_to_coast_km": 15.4, "district": "Puri"}}, {"type": "Feature", "geometry": {"type": "Polygon", "coordinates": [[[85.58895204859871, 19.61796622349982], [85.59852082705146, 19.61796622349982], [85.59852082705146, 19.626949335249734], [85.58895204859871, 19.626949335249734], [85.58895204859871, 19.61796622349982]]]}, "properties": {"depth_m": 0.44, "severity": "Moderate (Impassable)", "elevation_m": 2.24, "dist_to_coast_km": 15.4, "district": "Puri"}}, {"type": "Feature", "geometry": {"type": "Polygon", "coordinates": [[[85.59852082705146, 19.61796622349982], [85.60808960550423, 19.61796622349982], [85.60808960550423, 19.626949335249734], [85.59852082705146, 19.626949335249734], [85.59852082705146, 19.61796622349982]]]}, "properties": {"depth_m": 0.52, "severity": "Moderate (Impassable)", "elevation_m": 2.2, "dist_to_coast_km": 15.0, "district": "Puri"}}, {"type": "Feature", "geometry": {"type": "Polygon", "coordinates": [[[85.60808960550423, 19.61796622349982], [85.61765838395698, 19.61796622349982], [85.61765838395698, 19.626949335249734], [85.60808960550423, 19.626949335249734], [85.60808960550423, 19.61796622349982]]]}, "properties": {"depth_m": 0.58, "severity": "Moderate (Impassable)", "elevation_m": 2.16, "dist_to_coast_km": 14.7, "district": "Puri"}}, {"type": "Feature", "geometry": {"type": "Polygon", "coordinates": [[[85.61765838395698, 19.61796622349982], [85.62722716240975, 19.61796622349982], [85.62722716240975, 19.626949335249734], [85.61765838395698, 19.626949335249734], [85.61765838395698, 19.61796622349982]]]}, "properties": {"depth_m": 0.64, "severity": "Severe", "elevation_m": 2.14, "dist_to_coast_km": 14.5, "district": "Puri"}}, {"type": "Feature", "geometry": {"type": "Polygon", "coordinates": [[[85.62722716240975, 19.61796622349982], [85.6367959408625, 19.61796622349982], [85.6367959408625, 19.626949335249734], [85.62722716240975, 19.626949335249734], [85.62722716240975, 19.61796622349982]]]}, "properties": {"depth_m": 0.67, "severity": "Severe", "elevation_m": 2.12, "dist_to_coast_km": 14.3, "district": "Puri"}}, {"type": "Feature", "geometry": {"type": "Polygon", "coordinates": [[[85.6367959408625, 19.61796622349982], [85.64636471931527, 19.61796622349982], [85.64636471931527, 19.626949335249734], [85.6367959408625, 19.626949335249734], [85.6367959408625, 19.61796622349982]]]}, "properties": {"depth_m": 0.69, "severity": "Severe", "elevation_m": 2.11, "dist_to_coast_km": 14.2, "district": "Puri"}}, {"type": "Feature", "geometry": {"type": "Polygon", "coordinates": [[[85.64636471931527, 19.61796622349982], [85.65593349776802, 19.61796622349982], [85.65593349776802, 19.626949335249734], [85.64636471931527, 19.626949335249734], [85.64636471931527, 19.61796622349982]]]}, "properties": {"depth_m": 0.7, "severity": "Severe", "elevation_m": 2.1, "dist_to_coast_km": 14.2, "district": "Puri"}}, {"type": "Feature", "geometry": {"type": "Polygon", "coordinates": [[[85.65593349776802, 19.61796622349982], [85.66550227622079, 19.61796622349982], [85.66550227622079, 19.626949335249734], [85.65593349776802, 19.626949335249734], [85.65593349776802, 19.61796622349982]]]}, "properties": {"depth_m": 0.69, "severity": "Severe", "elevation_m": 2.11, "dist_to_coast_km": 14.2, "district": "Puri"}}, {"type": "Feature", "geometry": {"type": "Polygon", "coordinates": [[[85.66550227622079, 19.61796622349982], [85.67507105467354, 19.61796622349982], [85.67507105467354, 19.626949335249734], [85.66550227622079, 19.626949335249734], [85.66550227622079, 19.61796622349982]]]}, "properties": {"depth_m": 0.67, "severity": "Severe", "elevation_m": 2.12, "dist_to_coast_km": 14.3, "district": "Puri"}}, {"type": "Feature", "geometry": {"type": "Polygon", "coordinates": [[[85.67507105467354, 19.61796622349982], [85.68463983312631, 19.61796622349982], [85.68463983312631, 19.626949335249734], [85.67507105467354, 19.626949335249734], [85.67507105467354, 19.61796622349982]]]}, "properties": {"depth_m": 0.63, "severity": "Severe", "elevation_m": 2.14, "dist_to_coast_km": 14.5, "district": "Puri"}}, {"type": "Feature", "geometry": {"type": "Polygon", "coordinates": [[[85.68463983312631, 19.61796622349982], [85.69420861157906, 19.61796622349982], [85.69420861157906, 19.626949335249734], [85.68463983312631, 19.626949335249734], [85.68463983312631, 19.61796622349982]]]}, "properties": {"depth_m": 0.57, "severity": "Moderate (Impassable)", "elevation_m": 2.17, "dist_to_coast_km": 14.8, "district": "Puri"}}, {"type": "Feature", "geometry": {"type": "Polygon", "coordinates": [[[85.69420861157906, 19.61796622349982], [85.70377739003183, 19.61796622349982], [85.70377739003183, 19.626949335249734], [85.69420861157906, 19.626949335249734], [85.69420861157906, 19.61796622349982]]]}, "properties": {"depth_m": 0.5, "severity": "Moderate (Impassable)", "elevation_m": 2.21, "dist_to_coast_km": 15.1, "district": "Puri"}}, {"type": "Feature", "geometry": {"type": "Polygon", "coordinates": [[[85.29231991656314, 19.626949335249734], [85.30188869501592, 19.626949335249734], [85.30188869501592, 19.63593244699964], [85.29231991656314, 19.63593244699964], [85.29231991656314, 19.626949335249734]]]}, "properties": {"depth_m": 0.29, "severity": "Minor", "elevation_m": 2.43, "dist_to_coast_km": 16.9, "district": "Puri"}}, {"type": "Feature", "geometry": {"type": "Polygon", "coordinates": [[[85.30188869501592, 19.626949335249734], [85.31145747346866, 19.626949335249734], [85.31145747346866, 19.63593244699964], [85.30188869501592, 19.63593244699964], [85.30188869501592, 19.626949335249734]]]}, "properties": {"depth_m": 0.5, "severity": "Moderate (Impassable)", "elevation_m": 2.31, "dist_to_coast_km": 16.0, "district": "Puri"}}, {"type": "Feature", "geometry": {"type": "Polygon", "coordinates": [[[85.31145747346866, 19.626949335249734], [85.32102625192144, 19.626949335249734], [85.32102625192144, 19.63593244699964], [85.31145747346866, 19.63593244699964], [85.31145747346866, 19.626949335249734]]]}, "properties": {"depth_m": 0.71, "severity": "Severe", "elevation_m": 2.2, "dist_to_coast_km": 15.0, "district": "Puri"}}, {"type": "Feature", "geometry": {"type": "Polygon", "coordinates": [[[85.32102625192144, 19.626949335249734], [85.33059503037418, 19.626949335249734], [85.33059503037418, 19.63593244699964], [85.32102625192144, 19.63593244699964], [85.32102625192144, 19.626949335249734]]]}, "properties": {"depth_m": 0.91, "severity": "Severe", "elevation_m": 2.09, "dist_to_coast_km": 14.1, "district": "Puri"}}, {"type": "Feature", "geometry": {"type": "Polygon", "coordinates": [[[85.33059503037418, 19.626949335249734], [85.34016380882696, 19.626949335249734], [85.34016380882696, 19.63593244699964], [85.33059503037418, 19.63593244699964], [85.33059503037418, 19.626949335249734]]]}, "properties": {"depth_m": 1.11, "severity": "Severe", "elevation_m": 1.98, "dist_to_coast_km": 13.2, "district": "Puri"}}, {"type": "Feature", "geometry": {"type": "Polygon", "coordinates": [[[85.34016380882696, 19.626949335249734], [85.3497325872797, 19.626949335249734], [85.3497325872797, 19.63593244699964], [85.34016380882696, 19.63593244699964], [85.34016380882696, 19.626949335249734]]]}, "properties": {"depth_m": 1.31, "severity": "Severe", "elevation_m": 1.87, "dist_to_coast_km": 12.3, "district": "Puri"}}, {"type": "Feature", "geometry": {"type": "Polygon", "coordinates": [[[85.3497325872797, 19.626949335249734], [85.35930136573248, 19.626949335249734], [85.35930136573248, 19.63593244699964], [85.3497325872797, 19.63593244699964], [85.3497325872797, 19.626949335249734]]]}, "properties": {"depth_m": 1.51, "severity": "Catastrophic", "elevation_m": 1.76, "dist_to_coast_km": 11.4, "district": "Puri"}}, {"type": "Feature", "geometry": {"type": "Polygon", "coordinates": [[[85.35930136573248, 19.626949335249734], [85.36887014418522, 19.626949335249734], [85.36887014418522, 19.63593244699964], [85.35930136573248, 19.63593244699964], [85.35930136573248, 19.626949335249734]]]}, "properties": {"depth_m": 1.7, "severity": "Catastrophic", "elevation_m": 1.66, "dist_to_coast_km": 10.5, "district": "Puri"}}, {"type": "Feature", "geometry": {"type": "Polygon", "coordinates": [[[85.36887014418522, 19.626949335249734], [85.378438922638, 19.626949335249734], [85.378438922638, 19.63593244699964], [85.36887014418522, 19.63593244699964], [85.36887014418522, 19.626949335249734]]]}, "properties": {"depth_m": 1.89, "severity": "Catastrophic", "elevation_m": 1.56, "dist_to_coast_km": 9.6, "district": "Puri"}}, {"type": "Feature", "geometry": {"type": "Polygon", "coordinates": [[[85.378438922638, 19.626949335249734], [85.38800770109074, 19.626949335249734], [85.38800770109074, 19.63593244699964], [85.378438922638, 19.63593244699964], [85.378438922638, 19.626949335249734]]]}, "properties": {"depth_m": 2.07, "severity": "Catastrophic", "elevation_m": 1.46, "dist_to_coast_km": 8.8, "district": "Puri"}}, {"type": "Feature", "geometry": {"type": "Polygon", "coordinates": [[[85.38800770109074, 19.626949335249734], [85.39757647954352, 19.626949335249734], [85.39757647954352, 19.63593244699964], [85.38800770109074, 19.63593244699964], [85.38800770109074, 19.626949335249734]]]}, "properties": {"depth_m": 2.24, "severity": "Catastrophic", "elevation_m": 1.37, "dist_to_coast_km": 8.1, "district": "Puri"}}, {"type": "Feature", "geometry": {"type": "Polygon", "coordinates": [[[85.39757647954352, 19.626949335249734], [85.40714525799626, 19.626949335249734], [85.40714525799626, 19.63593244699964], [85.39757647954352, 19.63593244699964], [85.39757647954352, 19.626949335249734]]]}, "properties": {"depth_m": 2.39, "severity": "Catastrophic", "elevation_m": 1.28, "dist_to_coast_km": 7.4, "district": "Puri"}}, {"type": "Feature", "geometry": {"type": "Polygon", "coordinates": [[[85.40714525799626, 19.626949335249734], [85.41671403644904, 19.626949335249734], [85.41671403644904, 19.63593244699964], [85.40714525799626, 19.63593244699964], [85.40714525799626, 19.626949335249734]]]}, "properties": {"depth_m": 2.53, "severity": "Catastrophic", "elevation_m": 1.21, "dist_to_coast_km": 6.7, "district": "Puri"}}, {"type": "Feature", "geometry": {"type": "Polygon", "coordinates": [[[85.41671403644904, 19.626949335249734], [85.42628281490178, 19.626949335249734], [85.42628281490178, 19.63593244699964], [85.41671403644904, 19.63593244699964], [85.41671403644904, 19.626949335249734]]]}, "properties": {"depth_m": 2.65, "severity": "Catastrophic", "elevation_m": 1.14, "dist_to_coast_km": 6.2, "district": "Puri"}}, {"type": "Feature", "geometry": {"type": "Polygon", "coordinates": [[[85.42628281490178, 19.626949335249734], [85.43585159335456, 19.626949335249734], [85.43585159335456, 19.63593244699964], [85.42628281490178, 19.63593244699964], [85.42628281490178, 19.626949335249734]]]}, "properties": {"depth_m": 2.74, "severity": "Catastrophic", "elevation_m": 1.09, "dist_to_coast_km": 5.8, "district": "Puri"}}, {"type": "Feature", "geometry": {"type": "Polygon", "coordinates": [[[85.43585159335456, 19.626949335249734], [85.4454203718073, 19.626949335249734], [85.4454203718073, 19.63593244699964], [85.43585159335456, 19.63593244699964], [85.43585159335456, 19.626949335249734]]]}, "properties": {"depth_m": 2.8, "severity": "Catastrophic", "elevation_m": 1.06, "dist_to_coast_km": 5.5, "district": "Puri"}}, {"type": "Feature", "geometry": {"type": "Polygon", "coordinates": [[[85.4454203718073, 19.626949335249734], [85.45498915026008, 19.626949335249734], [85.45498915026008, 19.63593244699964], [85.4454203718073, 19.63593244699964], [85.4454203718073, 19.626949335249734]]]}, "properties": {"depth_m": 2.82, "severity": "Catastrophic", "elevation_m": 1.05, "dist_to_coast_km": 5.4, "district": "Puri"}}, {"type": "Feature", "geometry": {"type": "Polygon", "coordinates": [[[85.45498915026008, 19.626949335249734], [85.46455792871282, 19.626949335249734], [85.46455792871282, 19.63593244699964], [85.45498915026008, 19.63593244699964], [85.45498915026008, 19.626949335249734]]]}, "properties": {"depth_m": 2.8, "severity": "Catastrophic", "elevation_m": 1.06, "dist_to_coast_km": 5.5, "district": "Puri"}}, {"type": "Feature", "geometry": {"type": "Polygon", "coordinates": [[[85.46455792871282, 19.626949335249734], [85.4741267071656, 19.626949335249734], [85.4741267071656, 19.63593244699964], [85.46455792871282, 19.63593244699964], [85.46455792871282, 19.626949335249734]]]}, "properties": {"depth_m": 2.74, "severity": "Catastrophic", "elevation_m": 1.09, "dist_to_coast_km": 5.8, "district": "Puri"}}, {"type": "Feature", "geometry": {"type": "Polygon", "coordinates": [[[85.4741267071656, 19.626949335249734], [85.48369548561834, 19.626949335249734], [85.48369548561834, 19.63593244699964], [85.4741267071656, 19.63593244699964], [85.4741267071656, 19.626949335249734]]]}, "properties": {"depth_m": 2.65, "severity": "Catastrophic", "elevation_m": 1.14, "dist_to_coast_km": 6.2, "district": "Puri"}}, {"type": "Feature", "geometry": {"type": "Polygon", "coordinates": [[[85.48369548561834, 19.626949335249734], [85.49326426407112, 19.626949335249734], [85.49326426407112, 19.63593244699964], [85.48369548561834, 19.63593244699964], [85.48369548561834, 19.626949335249734]]]}, "properties": {"depth_m": 2.53, "severity": "Catastrophic", "elevation_m": 1.21, "dist_to_coast_km": 6.7, "district": "Puri"}}, {"type": "Feature", "geometry": {"type": "Polygon", "coordinates": [[[85.49326426407112, 19.626949335249734], [85.50283304252386, 19.626949335249734], [85.50283304252386, 19.63593244699964], [85.49326426407112, 19.63593244699964], [85.49326426407112, 19.626949335249734]]]}, "properties": {"depth_m": 2.39, "severity": "Catastrophic", "elevation_m": 1.29, "dist_to_coast_km": 7.4, "district": "Puri"}}, {"type": "Feature", "geometry": {"type": "Polygon", "coordinates": [[[85.50283304252386, 19.626949335249734], [85.51240182097663, 19.626949335249734], [85.51240182097663, 19.63593244699964], [85.50283304252386, 19.63593244699964], [85.50283304252386, 19.626949335249734]]]}, "properties": {"depth_m": 2.23, "severity": "Catastrophic", "elevation_m": 1.37, "dist_to_coast_km": 8.1, "district": "Puri"}}, {"type": "Feature", "geometry": {"type": "Polygon", "coordinates": [[[85.51240182097663, 19.626949335249734], [85.52197059942938, 19.626949335249734], [85.52197059942938, 19.63593244699964], [85.51240182097663, 19.63593244699964], [85.51240182097663, 19.626949335249734]]]}, "properties": {"depth_m": 2.06, "severity": "Catastrophic", "elevation_m": 1.46, "dist_to_coast_km": 8.9, "district": "Puri"}}, {"type": "Feature", "geometry": {"type": "Polygon", "coordinates": [[[85.52197059942938, 19.626949335249734], [85.53153937788215, 19.626949335249734], [85.53153937788215, 19.63593244699964], [85.52197059942938, 19.63593244699964], [85.52197059942938, 19.626949335249734]]]}, "properties": {"depth_m": 1.88, "severity": "Catastrophic", "elevation_m": 1.56, "dist_to_coast_km": 9.7, "district": "Puri"}}, {"type": "Feature", "geometry": {"type": "Polygon", "coordinates": [[[85.53153937788215, 19.626949335249734], [85.5411081563349, 19.626949335249734], [85.5411081563349, 19.63593244699964], [85.53153937788215, 19.63593244699964], [85.53153937788215, 19.626949335249734]]]}, "properties": {"depth_m": 1.69, "severity": "Catastrophic", "elevation_m": 1.66, "dist_to_coast_km": 10.5, "district": "Puri"}}, {"type": "Feature", "geometry": {"type": "Polygon", "coordinates": [[[85.5411081563349, 19.626949335249734], [85.55067693478767, 19.626949335249734], [85.55067693478767, 19.63593244699964], [85.5411081563349, 19.63593244699964], [85.5411081563349, 19.626949335249734]]]}, "properties": {"depth_m": 1.5, "severity": "Catastrophic", "elevation_m": 1.77, "dist_to_coast_km": 11.4, "district": "Puri"}}, {"type": "Feature", "geometry": {"type": "Polygon", "coordinates": [[[85.55067693478767, 19.626949335249734], [85.56024571324042, 19.626949335249734], [85.56024571324042, 19.63593244699964], [85.55067693478767, 19.63593244699964], [85.55067693478767, 19.626949335249734]]]}, "properties": {"depth_m": 1.31, "severity": "Severe", "elevation_m": 1.88, "dist_to_coast_km": 12.3, "district": "Puri"}}, {"type": "Feature", "geometry": {"type": "Polygon", "coordinates": [[[85.56024571324042, 19.626949335249734], [85.5698144916932, 19.626949335249734], [85.5698144916932, 19.63593244699964], [85.56024571324042, 19.63593244699964], [85.56024571324042, 19.626949335249734]]]}, "properties": {"depth_m": 1.11, "severity": "Severe", "elevation_m": 1.98, "dist_to_coast_km": 13.2, "district": "Puri"}}, {"type": "Feature", "geometry": {"type": "Polygon", "coordinates": [[[85.5698144916932, 19.626949335249734], [85.57938327014594, 19.626949335249734], [85.57938327014594, 19.63593244699964], [85.5698144916932, 19.63593244699964], [85.5698144916932, 19.626949335249734]]]}, "properties": {"depth_m": 0.9, "severity": "Severe", "elevation_m": 2.09, "dist_to_coast_km": 14.1, "district": "Puri"}}, {"type": "Feature", "geometry": {"type": "Polygon", "coordinates": [[[85.57938327014594, 19.626949335249734], [85.58895204859871, 19.626949335249734], [85.58895204859871, 19.63593244699964], [85.57938327014594, 19.63593244699964], [85.57938327014594, 19.626949335249734]]]}, "properties": {"depth_m": 0.55, "severity": "Moderate (Impassable)", "elevation_m": 2.19, "dist_to_coast_km": 14.9, "district": "Puri"}}, {"type": "Feature", "geometry": {"type": "Polygon", "coordinates": [[[85.58895204859871, 19.626949335249734], [85.59852082705146, 19.626949335249734], [85.59852082705146, 19.63593244699964], [85.58895204859871, 19.63593244699964], [85.58895204859871, 19.626949335249734]]]}, "properties": {"depth_m": 0.64, "severity": "Severe", "elevation_m": 2.13, "dist_to_coast_km": 14.4, "district": "Puri"}}, {"type": "Feature", "geometry": {"type": "Polygon", "coordinates": [[[85.59852082705146, 19.626949335249734], [85.60808960550423, 19.626949335249734], [85.60808960550423, 19.63593244699964], [85.59852082705146, 19.63593244699964], [85.59852082705146, 19.626949335249734]]]}, "properties": {"depth_m": 0.73, "severity": "Severe", "elevation_m": 2.09, "dist_to_coast_km": 14.1, "district": "Puri"}}, {"type": "Feature", "geometry": {"type": "Polygon", "coordinates": [[[85.60808960550423, 19.626949335249734], [85.61765838395698, 19.626949335249734], [85.61765838395698, 19.63593244699964], [85.60808960550423, 19.63593244699964], [85.60808960550423, 19.626949335249734]]]}, "properties": {"depth_m": 0.8, "severity": "Severe", "elevation_m": 2.05, "dist_to_coast_km": 13.7, "district": "Puri"}}, {"type": "Feature", "geometry": {"type": "Polygon", "coordinates": [[[85.61765838395698, 19.626949335249734], [85.62722716240975, 19.626949335249734], [85.62722716240975, 19.63593244699964], [85.61765838395698, 19.63593244699964], [85.61765838395698, 19.626949335249734]]]}, "properties": {"depth_m": 0.85, "severity": "Severe", "elevation_m": 2.02, "dist_to_coast_km": 13.5, "district": "Puri"}}, {"type": "Feature", "geometry": {"type": "Polygon", "coordinates": [[[85.62722716240975, 19.626949335249734], [85.6367959408625, 19.626949335249734], [85.6367959408625, 19.63593244699964], [85.62722716240975, 19.63593244699964], [85.62722716240975, 19.626949335249734]]]}, "properties": {"depth_m": 0.89, "severity": "Severe", "elevation_m": 2.0, "dist_to_coast_km": 13.3, "district": "Puri"}}, {"type": "Feature", "geometry": {"type": "Polygon", "coordinates": [[[85.6367959408625, 19.626949335249734], [85.64636471931527, 19.626949335249734], [85.64636471931527, 19.63593244699964], [85.6367959408625, 19.63593244699964], [85.6367959408625, 19.626949335249734]]]}, "properties": {"depth_m": 0.91, "severity": "Severe", "elevation_m": 1.99, "dist_to_coast_km": 13.2, "district": "Puri"}}, {"type": "Feature", "geometry": {"type": "Polygon", "coordinates": [[[85.64636471931527, 19.626949335249734], [85.65593349776802, 19.626949335249734], [85.65593349776802, 19.63593244699964], [85.64636471931527, 19.63593244699964], [85.64636471931527, 19.626949335249734]]]}, "properties": {"depth_m": 0.92, "severity": "Severe", "elevation_m": 1.98, "dist_to_coast_km": 13.2, "district": "Puri"}}, {"type": "Feature", "geometry": {"type": "Polygon", "coordinates": [[[85.65593349776802, 19.626949335249734], [85.66550227622079, 19.626949335249734], [85.66550227622079, 19.63593244699964], [85.65593349776802, 19.63593244699964], [85.65593349776802, 19.626949335249734]]]}, "properties": {"depth_m": 0.91, "severity": "Severe", "elevation_m": 1.99, "dist_to_coast_km": 13.2, "district": "Puri"}}, {"type": "Feature", "geometry": {"type": "Polygon", "coordinates": [[[85.66550227622079, 19.626949335249734], [85.67507105467354, 19.626949335249734], [85.67507105467354, 19.63593244699964], [85.66550227622079, 19.63593244699964], [85.66550227622079, 19.626949335249734]]]}, "properties": {"depth_m": 0.88, "severity": "Severe", "elevation_m": 2.0, "dist_to_coast_km": 13.4, "district": "Puri"}}, {"type": "Feature", "geometry": {"type": "Polygon", "coordinates": [[[85.67507105467354, 19.626949335249734], [85.68463983312631, 19.626949335249734], [85.68463983312631, 19.63593244699964], [85.67507105467354, 19.63593244699964], [85.67507105467354, 19.626949335249734]]]}, "properties": {"depth_m": 0.84, "severity": "Severe", "elevation_m": 2.03, "dist_to_coast_km": 13.5, "district": "Puri"}}, {"type": "Feature", "geometry": {"type": "Polygon", "coordinates": [[[85.68463983312631, 19.626949335249734], [85.69420861157906, 19.626949335249734], [85.69420861157906, 19.63593244699964], [85.68463983312631, 19.63593244699964], [85.68463983312631, 19.626949335249734]]]}, "properties": {"depth_m": 0.78, "severity": "Severe", "elevation_m": 2.06, "dist_to_coast_km": 13.8, "district": "Puri"}}, {"type": "Feature", "geometry": {"type": "Polygon", "coordinates": [[[85.69420861157906, 19.626949335249734], [85.70377739003183, 19.626949335249734], [85.70377739003183, 19.63593244699964], [85.69420861157906, 19.63593244699964], [85.69420861157906, 19.626949335249734]]]}, "properties": {"depth_m": 0.71, "severity": "Severe", "elevation_m": 2.1, "dist_to_coast_km": 14.1, "district": "Puri"}}, {"type": "Feature", "geometry": {"type": "Polygon", "coordinates": [[[85.70377739003183, 19.626949335249734], [85.71334616848458, 19.626949335249734], [85.71334616848458, 19.63593244699964], [85.70377739003183, 19.63593244699964], [85.70377739003183, 19.626949335249734]]]}, "properties": {"depth_m": 0.22, "severity": "Minor", "elevation_m": 2.54, "dist_to_coast_km": 14.5, "district": "Puri"}}, {"type": "Feature", "geometry": {"type": "Polygon", "coordinates": [[[85.71334616848458, 19.626949335249734], [85.72291494693735, 19.626949335249734], [85.72291494693735, 19.63593244699964], [85.71334616848458, 19.63593244699964], [85.71334616848458, 19.626949335249734]]]}, "properties": {"depth_m": 0.12, "severity": "Minor", "elevation_m": 2.6, "dist_to_coast_km": 15.0, "district": "Puri"}}, {"type": "Feature", "geometry": {"type": "Polygon", "coordinates": [[[85.2827511381104, 19.63593244699964], [85.29231991656314, 19.63593244699964], [85.29231991656314, 19.644915558749553], [85.2827511381104, 19.644915558749553], [85.2827511381104, 19.63593244699964]]]}, "properties": {"depth_m": 0.14, "severity": "Minor", "elevation_m": 2.51, "dist_to_coast_km": 17.6, "district": "Puri"}}, {"type": "Feature", "geometry": {"type": "Polygon", "coordinates": [[[85.29231991656314, 19.63593244699964], [85.30188869501592, 19.63593244699964], [85.30188869501592, 19.644915558749553], [85.29231991656314, 19.644915558749553], [85.29231991656314, 19.63593244699964]]]}, "properties": {"depth_m": 0.36, "severity": "Moderate (Impassable)", "elevation_m": 2.39, "dist_to_coast_km": 16.6, "district": "Puri"}}, {"type": "Feature", "geometry": {"type": "Polygon", "coordinates": [[[85.30188869501592, 19.63593244699964], [85.31145747346866, 19.63593244699964], [85.31145747346866, 19.644915558749553], [85.30188869501592, 19.644915558749553], [85.30188869501592, 19.63593244699964]]]}, "properties": {"depth_m": 0.57, "severity": "Moderate (Impassable)", "elevation_m": 2.28, "dist_to_coast_km": 15.6, "district": "Puri"}}, {"type": "Feature", "geometry": {"type": "Polygon", "coordinates": [[[85.31145747346866, 19.63593244699964], [85.32102625192144, 19.63593244699964], [85.32102625192144, 19.644915558749553], [85.31145747346866, 19.644915558749553], [85.31145747346866, 19.63593244699964]]]}, "properties": {"depth_m": 0.78, "severity": "Severe", "elevation_m": 2.16, "dist_to_coast_km": 14.7, "district": "Puri"}}, {"type": "Feature", "geometry": {"type": "Polygon", "coordinates": [[[85.32102625192144, 19.63593244699964], [85.33059503037418, 19.63593244699964], [85.33059503037418, 19.644915558749553], [85.32102625192144, 19.644915558749553], [85.32102625192144, 19.63593244699964]]]}, "properties": {"depth_m": 0.99, "severity": "Severe", "elevation_m": 2.05, "dist_to_coast_km": 13.7, "district": "Puri"}}, {"type": "Feature", "geometry": {"type": "Polygon", "coordinates": [[[85.33059503037418, 19.63593244699964], [85.34016380882696, 19.63593244699964], [85.34016380882696, 19.644915558749553], [85.33059503037418, 19.644915558749553], [85.33059503037418, 19.63593244699964]]]}, "properties": {"depth_m": 1.2, "severity": "Severe", "elevation_m": 1.93, "dist_to_coast_km": 12.8, "district": "Puri"}}, {"type": "Feature", "geometry": {"type": "Polygon", "coordinates": [[[85.34016380882696, 19.63593244699964], [85.3497325872797, 19.63593244699964], [85.3497325872797, 19.644915558749553], [85.34016380882696, 19.644915558749553], [85.34016380882696, 19.63593244699964]]]}, "properties": {"depth_m": 1.4, "severity": "Severe", "elevation_m": 1.82, "dist_to_coast_km": 11.8, "district": "Puri"}}, {"type": "Feature", "geometry": {"type": "Polygon", "coordinates": [[[85.3497325872797, 19.63593244699964], [85.35930136573248, 19.63593244699964], [85.35930136573248, 19.644915558749553], [85.3497325872797, 19.644915558749553], [85.3497325872797, 19.63593244699964]]]}, "properties": {"depth_m": 1.61, "severity": "Catastrophic", "elevation_m": 1.71, "dist_to_coast_km": 10.9, "district": "Puri"}}, {"type": "Feature", "geometry": {"type": "Polygon", "coordinates": [[[85.35930136573248, 19.63593244699964], [85.36887014418522, 19.63593244699964], [85.36887014418522, 19.644915558749553], [85.35930136573248, 19.644915558749553], [85.35930136573248, 19.63593244699964]]]}, "properties": {"depth_m": 1.81, "severity": "Catastrophic", "elevation_m": 1.6, "dist_to_coast_km": 10.0, "district": "Puri"}}, {"type": "Feature", "geometry": {"type": "Polygon", "coordinates": [[[85.36887014418522, 19.63593244699964], [85.378438922638, 19.63593244699964], [85.378438922638, 19.644915558749553], [85.36887014418522, 19.644915558749553], [85.36887014418522, 19.63593244699964]]]}, "properties": {"depth_m": 2.0, "severity": "Catastrophic", "elevation_m": 1.5, "dist_to_coast_km": 9.1, "district": "Puri"}}, {"type": "Feature", "geometry": {"type": "Polygon", "coordinates": [[[85.378438922638, 19.63593244699964], [85.38800770109074, 19.63593244699964], [85.38800770109074, 19.644915558749553], [85.378438922638, 19.644915558749553], [85.378438922638, 19.63593244699964]]]}, "properties": {"depth_m": 2.19, "severity": "Catastrophic", "elevation_m": 1.39, "dist_to_coast_km": 8.3, "district": "Puri"}}, {"type": "Feature", "geometry": {"type": "Polygon", "coordinates": [[[85.38800770109074, 19.63593244699964], [85.39757647954352, 19.63593244699964], [85.39757647954352, 19.644915558749553], [85.38800770109074, 19.644915558749553], [85.38800770109074, 19.63593244699964]]]}, "properties": {"depth_m": 2.37, "severity": "Catastrophic", "elevation_m": 1.29, "dist_to_coast_km": 7.4, "district": "Puri"}}, {"type": "Feature", "geometry": {"type": "Polygon", "coordinates": [[[85.39757647954352, 19.63593244699964], [85.40714525799626, 19.63593244699964], [85.40714525799626, 19.644915558749553], [85.39757647954352, 19.644915558749553], [85.39757647954352, 19.63593244699964]]]}, "properties": {"depth_m": 2.55, "severity": "Catastrophic", "elevation_m": 1.2, "dist_to_coast_km": 6.7, "district": "Puri"}}, {"type": "Feature", "geometry": {"type": "Polygon", "coordinates": [[[85.40714525799626, 19.63593244699964], [85.41671403644904, 19.63593244699964], [85.41671403644904, 19.644915558749553], [85.40714525799626, 19.644915558749553], [85.40714525799626, 19.63593244699964]]]}, "properties": {"depth_m": 2.7, "severity": "Catastrophic", "elevation_m": 1.11, "dist_to_coast_km": 5.9, "district": "Puri"}}, {"type": "Feature", "geometry": {"type": "Polygon", "coordinates": [[[85.41671403644904, 19.63593244699964], [85.42628281490178, 19.63593244699964], [85.42628281490178, 19.644915558749553], [85.41671403644904, 19.644915558749553], [85.41671403644904, 19.63593244699964]]]}, "properties": {"depth_m": 2.84, "severity": "Catastrophic", "elevation_m": 1.04, "dist_to_coast_km": 5.3, "district": "Puri"}}, {"type": "Feature", "geometry": {"type": "Polygon", "coordinates": [[[85.42628281490178, 19.63593244699964], [85.43585159335456, 19.63593244699964], [85.43585159335456, 19.644915558749553], [85.42628281490178, 19.644915558749553], [85.42628281490178, 19.63593244699964]]]}, "properties": {"depth_m": 2.95, "severity": "Catastrophic", "elevation_m": 0.98, "dist_to_coast_km": 4.8, "district": "Puri"}}, {"type": "Feature", "geometry": {"type": "Polygon", "coordinates": [[[85.43585159335456, 19.63593244699964], [85.4454203718073, 19.63593244699964], [85.4454203718073, 19.644915558749553], [85.43585159335456, 19.644915558749553], [85.43585159335456, 19.63593244699964]]]}, "properties": {"depth_m": 3.02, "severity": "Catastrophic", "elevation_m": 0.94, "dist_to_coast_km": 4.5, "district": "Puri"}}, {"type": "Feature", "geometry": {"type": "Polygon", "coordinates": [[[85.4454203718073, 19.63593244699964], [85.45498915026008, 19.63593244699964], [85.45498915026008, 19.644915558749553], [85.4454203718073, 19.644915558749553], [85.4454203718073, 19.63593244699964]]]}, "properties": {"depth_m": 3.04, "severity": "Catastrophic", "elevation_m": 0.93, "dist_to_coast_km": 4.4, "district": "Puri"}}, {"type": "Feature", "geometry": {"type": "Polygon", "coordinates": [[[85.45498915026008, 19.63593244699964], [85.46455792871282, 19.63593244699964], [85.46455792871282, 19.644915558749553], [85.45498915026008, 19.644915558749553], [85.45498915026008, 19.63593244699964]]]}, "properties": {"depth_m": 3.02, "severity": "Catastrophic", "elevation_m": 0.94, "dist_to_coast_km": 4.5, "district": "Puri"}}, {"type": "Feature", "geometry": {"type": "Polygon", "coordinates": [[[85.46455792871282, 19.63593244699964], [85.4741267071656, 19.63593244699964], [85.4741267071656, 19.644915558749553], [85.46455792871282, 19.644915558749553], [85.46455792871282, 19.63593244699964]]]}, "properties": {"depth_m": 2.94, "severity": "Catastrophic", "elevation_m": 0.98, "dist_to_coast_km": 4.8, "district": "Puri"}}, {"type": "Feature", "geometry": {"type": "Polygon", "coordinates": [[[85.4741267071656, 19.63593244699964], [85.48369548561834, 19.63593244699964], [85.48369548561834, 19.644915558749553], [85.4741267071656, 19.644915558749553], [85.4741267071656, 19.63593244699964]]]}, "properties": {"depth_m": 2.83, "severity": "Catastrophic", "elevation_m": 1.04, "dist_to_coast_km": 5.3, "district": "Puri"}}, {"type": "Feature", "geometry": {"type": "Polygon", "coordinates": [[[85.48369548561834, 19.63593244699964], [85.49326426407112, 19.63593244699964], [85.49326426407112, 19.644915558749553], [85.48369548561834, 19.644915558749553], [85.48369548561834, 19.63593244699964]]]}, "properties": {"depth_m": 2.7, "severity": "Catastrophic", "elevation_m": 1.12, "dist_to_coast_km": 6.0, "district": "Puri"}}, {"type": "Feature", "geometry": {"type": "Polygon", "coordinates": [[[85.49326426407112, 19.63593244699964], [85.50283304252386, 19.63593244699964], [85.50283304252386, 19.644915558749553], [85.49326426407112, 19.644915558749553], [85.49326426407112, 19.63593244699964]]]}, "properties": {"depth_m": 2.54, "severity": "Catastrophic", "elevation_m": 1.2, "dist_to_coast_km": 6.7, "district": "Puri"}}, {"type": "Feature", "geometry": {"type": "Polygon", "coordinates": [[[85.50283304252386, 19.63593244699964], [85.51240182097663, 19.63593244699964], [85.51240182097663, 19.644915558749553], [85.50283304252386, 19.644915558749553], [85.50283304252386, 19.63593244699964]]]}, "properties": {"depth_m": 2.37, "severity": "Catastrophic", "elevation_m": 1.3, "dist_to_coast_km": 7.5, "district": "Puri"}}, {"type": "Feature", "geometry": {"type": "Polygon", "coordinates": [[[85.51240182097663, 19.63593244699964], [85.52197059942938, 19.63593244699964], [85.52197059942938, 19.644915558749553], [85.51240182097663, 19.644915558749553], [85.51240182097663, 19.63593244699964]]]}, "properties": {"depth_m": 2.18, "severity": "Catastrophic", "elevation_m": 1.4, "dist_to_coast_km": 8.3, "district": "Puri"}}, {"type": "Feature", "geometry": {"type": "Polygon", "coordinates": [[[85.52197059942938, 19.63593244699964], [85.53153937788215, 19.63593244699964], [85.53153937788215, 19.644915558749553], [85.52197059942938, 19.644915558749553], [85.52197059942938, 19.63593244699964]]]}, "properties": {"depth_m": 1.99, "severity": "Catastrophic", "elevation_m": 1.5, "dist_to_coast_km": 9.2, "district": "Puri"}}, {"type": "Feature", "geometry": {"type": "Polygon", "coordinates": [[[85.53153937788215, 19.63593244699964], [85.5411081563349, 19.63593244699964], [85.5411081563349, 19.644915558749553], [85.53153937788215, 19.644915558749553], [85.53153937788215, 19.63593244699964]]]}, "properties": {"depth_m": 1.8, "severity": "Catastrophic", "elevation_m": 1.61, "dist_to_coast_km": 10.1, "district": "Puri"}}, {"type": "Feature", "geometry": {"type": "Polygon", "coordinates": [[[85.5411081563349, 19.63593244699964], [85.55067693478767, 19.63593244699964], [85.55067693478767, 19.644915558749553], [85.5411081563349, 19.644915558749553], [85.5411081563349, 19.63593244699964]]]}, "properties": {"depth_m": 1.6, "severity": "Catastrophic", "elevation_m": 1.72, "dist_to_coast_km": 11.0, "district": "Puri"}}, {"type": "Feature", "geometry": {"type": "Polygon", "coordinates": [[[85.55067693478767, 19.63593244699964], [85.56024571324042, 19.63593244699964], [85.56024571324042, 19.644915558749553], [85.55067693478767, 19.644915558749553], [85.55067693478767, 19.63593244699964]]]}, "properties": {"depth_m": 1.39, "severity": "Severe", "elevation_m": 1.83, "dist_to_coast_km": 11.9, "district": "Puri"}}, {"type": "Feature", "geometry": {"type": "Polygon", "coordinates": [[[85.56024571324042, 19.63593244699964], [85.5698144916932, 19.63593244699964], [85.5698144916932, 19.644915558749553], [85.56024571324042, 19.644915558749553], [85.56024571324042, 19.63593244699964]]]}, "properties": {"depth_m": 1.19, "severity": "Severe", "elevation_m": 1.94, "dist_to_coast_km": 12.8, "district": "Puri"}}, {"type": "Feature", "geometry": {"type": "Polygon", "coordinates": [[[85.5698144916932, 19.63593244699964], [85.57938327014594, 19.63593244699964], [85.57938327014594, 19.644915558749553], [85.5698144916932, 19.644915558749553], [85.5698144916932, 19.63593244699964]]]}, "properties": {"depth_m": 0.98, "severity": "Severe", "elevation_m": 2.05, "dist_to_coast_km": 13.8, "district": "Puri"}}, {"type": "Feature", "geometry": {"type": "Polygon", "coordinates": [[[85.57938327014594, 19.63593244699964], [85.58895204859871, 19.63593244699964], [85.58895204859871, 19.644915558749553], [85.57938327014594, 19.644915558749553], [85.57938327014594, 19.63593244699964]]]}, "properties": {"depth_m": 0.74, "severity": "Severe", "elevation_m": 2.08, "dist_to_coast_km": 14.0, "district": "Puri"}}, {"type": "Feature", "geometry": {"type": "Polygon", "coordinates": [[[85.58895204859871, 19.63593244699964], [85.59852082705146, 19.63593244699964], [85.59852082705146, 19.644915558749553], [85.58895204859871, 19.644915558749553], [85.58895204859871, 19.63593244699964]]]}, "properties": {"depth_m": 0.84, "severity": "Severe", "elevation_m": 2.02, "dist_to_coast_km": 13.5, "district": "Puri"}}, {"type": "Feature", "geometry": {"type": "Polygon", "coordinates": [[[85.59852082705146, 19.63593244699964], [85.60808960550423, 19.63593244699964], [85.60808960550423, 19.644915558749553], [85.59852082705146, 19.644915558749553], [85.59852082705146, 19.63593244699964]]]}, "properties": {"depth_m": 0.93, "severity": "Severe", "elevation_m": 1.98, "dist_to_coast_km": 13.1, "district": "Puri"}}, {"type": "Feature", "geometry": {"type": "Polygon", "coordinates": [[[85.60808960550423, 19.63593244699964], [85.61765838395698, 19.63593244699964], [85.61765838395698, 19.644915558749553], [85.60808960550423, 19.644915558749553], [85.60808960550423, 19.63593244699964]]]}, "properties": {"depth_m": 1.01, "severity": "Severe", "elevation_m": 1.93, "dist_to_coast_km": 12.8, "district": "Puri"}}, {"type": "Feature", "geometry": {"type": "Polygon", "coordinates": [[[85.61765838395698, 19.63593244699964], [85.62722716240975, 19.63593244699964], [85.62722716240975, 19.644915558749553], [85.61765838395698, 19.644915558749553], [85.61765838395698, 19.63593244699964]]]}, "properties": {"depth_m": 1.07, "severity": "Severe", "elevation_m": 1.9, "dist_to_coast_km": 12.5, "district": "Puri"}}, {"type": "Feature", "geometry": {"type": "Polygon", "coordinates": [[[85.62722716240975, 19.63593244699964], [85.6367959408625, 19.63593244699964], [85.6367959408625, 19.644915558749553], [85.62722716240975, 19.644915558749553], [85.62722716240975, 19.63593244699964]]]}, "properties": {"depth_m": 1.11, "severity": "Severe", "elevation_m": 1.88, "dist_to_coast_km": 12.3, "district": "Puri"}}, {"type": "Feature", "geometry": {"type": "Polygon", "coordinates": [[[85.6367959408625, 19.63593244699964], [85.64636471931527, 19.63593244699964], [85.64636471931527, 19.644915558749553], [85.6367959408625, 19.644915558749553], [85.6367959408625, 19.63593244699964]]]}, "properties": {"depth_m": 1.13, "severity": "Severe", "elevation_m": 1.87, "dist_to_coast_km": 12.2, "district": "Puri"}}, {"type": "Feature", "geometry": {"type": "Polygon", "coordinates": [[[85.64636471931527, 19.63593244699964], [85.65593349776802, 19.63593244699964], [85.65593349776802, 19.644915558749553], [85.64636471931527, 19.644915558749553], [85.64636471931527, 19.63593244699964]]]}, "properties": {"depth_m": 1.14, "severity": "Severe", "elevation_m": 1.86, "dist_to_coast_km": 12.2, "district": "Puri"}}, {"type": "Feature", "geometry": {"type": "Polygon", "coordinates": [[[85.65593349776802, 19.63593244699964], [85.66550227622079, 19.63593244699964], [85.66550227622079, 19.644915558749553], [85.65593349776802, 19.644915558749553], [85.65593349776802, 19.63593244699964]]]}, "properties": {"depth_m": 1.13, "severity": "Severe", "elevation_m": 1.87, "dist_to_coast_km": 12.2, "district": "Puri"}}, {"type": "Feature", "geometry": {"type": "Polygon", "coordinates": [[[85.66550227622079, 19.63593244699964], [85.67507105467354, 19.63593244699964], [85.67507105467354, 19.644915558749553], [85.66550227622079, 19.644915558749553], [85.66550227622079, 19.63593244699964]]]}, "properties": {"depth_m": 1.1, "severity": "Severe", "elevation_m": 1.88, "dist_to_coast_km": 12.4, "district": "Puri"}}, {"type": "Feature", "geometry": {"type": "Polygon", "coordinates": [[[85.67507105467354, 19.63593244699964], [85.68463983312631, 19.63593244699964], [85.68463983312631, 19.644915558749553], [85.67507105467354, 19.644915558749553], [85.67507105467354, 19.63593244699964]]]}, "properties": {"depth_m": 1.05, "severity": "Severe", "elevation_m": 1.91, "dist_to_coast_km": 12.6, "district": "Puri"}}, {"type": "Feature", "geometry": {"type": "Polygon", "coordinates": [[[85.68463983312631, 19.63593244699964], [85.69420861157906, 19.63593244699964], [85.69420861157906, 19.644915558749553], [85.68463983312631, 19.644915558749553], [85.68463983312631, 19.63593244699964]]]}, "properties": {"depth_m": 0.99, "severity": "Severe", "elevation_m": 1.94, "dist_to_coast_km": 12.9, "district": "Puri"}}, {"type": "Feature", "geometry": {"type": "Polygon", "coordinates": [[[85.69420861157906, 19.63593244699964], [85.70377739003183, 19.63593244699964], [85.70377739003183, 19.644915558749553], [85.69420861157906, 19.644915558749553], [85.69420861157906, 19.63593244699964]]]}, "properties": {"depth_m": 0.91, "severity": "Severe", "elevation_m": 1.99, "dist_to_coast_km": 13.2, "district": "Puri"}}, {"type": "Feature", "geometry": {"type": "Polygon", "coordinates": [[[85.70377739003183, 19.63593244699964], [85.71334616848458, 19.63593244699964], [85.71334616848458, 19.644915558749553], [85.70377739003183, 19.644915558749553], [85.70377739003183, 19.63593244699964]]]}, "properties": {"depth_m": 0.42, "severity": "Moderate (Impassable)", "elevation_m": 2.44, "dist_to_coast_km": 13.6, "district": "Puri"}}, {"type": "Feature", "geometry": {"type": "Polygon", "coordinates": [[[85.71334616848458, 19.63593244699964], [85.72291494693735, 19.63593244699964], [85.72291494693735, 19.644915558749553], [85.71334616848458, 19.644915558749553], [85.71334616848458, 19.63593244699964]]]}, "properties": {"depth_m": 0.31, "severity": "Moderate (Impassable)", "elevation_m": 2.49, "dist_to_coast_km": 14.1, "district": "Puri"}}, {"type": "Feature", "geometry": {"type": "Polygon", "coordinates": [[[85.72291494693735, 19.63593244699964], [85.7324837253901, 19.63593244699964], [85.7324837253901, 19.644915558749553], [85.72291494693735, 19.644915558749553], [85.72291494693735, 19.63593244699964]]]}, "properties": {"depth_m": 0.2, "severity": "Minor", "elevation_m": 2.56, "dist_to_coast_km": 14.7, "district": "Puri"}}, {"type": "Feature", "geometry": {"type": "Polygon", "coordinates": [[[85.2827511381104, 19.644915558749553], [85.29231991656314, 19.644915558749553], [85.29231991656314, 19.65389867049946], [85.2827511381104, 19.65389867049946], [85.2827511381104, 19.644915558749553]]]}, "properties": {"depth_m": 0.19, "severity": "Minor", "elevation_m": 2.48, "dist_to_coast_km": 17.3, "district": "Puri"}}, {"type": "Feature", "geometry": {"type": "Polygon", "coordinates": [[[85.29231991656314, 19.644915558749553], [85.30188869501592, 19.644915558749553], [85.30188869501592, 19.65389867049946], [85.29231991656314, 19.65389867049946], [85.29231991656314, 19.644915558749553]]]}, "properties": {"depth_m": 0.41, "severity": "Moderate (Impassable)", "elevation_m": 2.36, "dist_to_coast_km": 16.4, "district": "Puri"}}, {"type": "Feature", "geometry": {"type": "Polygon", "coordinates": [[[85.30188869501592, 19.644915558749553], [85.31145747346866, 19.644915558749553], [85.31145747346866, 19.65389867049946], [85.30188869501592, 19.65389867049946], [85.30188869501592, 19.644915558749553]]]}, "properties": {"depth_m": 0.62, "severity": "Severe", "elevation_m": 2.25, "dist_to_coast_km": 15.4, "district": "Puri"}}, {"type": "Feature", "geometry": {"type": "Polygon", "coordinates": [[[85.31145747346866, 19.644915558749553], [85.32102625192144, 19.644915558749553], [85.32102625192144, 19.65389867049946], [85.31145747346866, 19.65389867049946], [85.31145747346866, 19.644915558749553]]]}, "properties": {"depth_m": 0.84, "severity": "Severe", "elevation_m": 2.13, "dist_to_coast_km": 14.4, "district": "Puri"}}, {"type": "Feature", "geometry": {"type": "Polygon", "coordinates": [[[85.32102625192144, 19.644915558749553], [85.33059503037418, 19.644915558749553], [85.33059503037418, 19.65389867049946], [85.32102625192144, 19.65389867049946], [85.32102625192144, 19.644915558749553]]]}, "properties": {"depth_m": 1.05, "severity": "Severe", "elevation_m": 2.01, "dist_to_coast_km": 13.4, "district": "Puri"}}, {"type": "Feature", "geometry": {"type": "Polygon", "coordinates": [[[85.33059503037418, 19.644915558749553], [85.34016380882696, 19.644915558749553], [85.34016380882696, 19.65389867049946], [85.33059503037418, 19.65389867049946], [85.33059503037418, 19.644915558749553]]]}, "properties": {"depth_m": 1.27, "severity": "Severe", "elevation_m": 1.9, "dist_to_coast_km": 12.5, "district": "Puri"}}, {"type": "Feature", "geometry": {"type": "Polygon", "coordinates": [[[85.34016380882696, 19.644915558749553], [85.3497325872797, 19.644915558749553], [85.3497325872797, 19.65389867049946], [85.34016380882696, 19.65389867049946], [85.34016380882696, 19.644915558749553]]]}, "properties": {"depth_m": 1.48, "severity": "Severe", "elevation_m": 1.78, "dist_to_coast_km": 11.5, "district": "Puri"}}, {"type": "Feature", "geometry": {"type": "Polygon", "coordinates": [[[85.3497325872797, 19.644915558749553], [85.35930136573248, 19.644915558749553], [85.35930136573248, 19.65389867049946], [85.3497325872797, 19.65389867049946], [85.3497325872797, 19.644915558749553]]]}, "properties": {"depth_m": 1.69, "severity": "Catastrophic", "elevation_m": 1.67, "dist_to_coast_km": 10.6, "district": "Puri"}}, {"type": "Feature", "geometry": {"type": "Polygon", "coordinates": [[[85.35930136573248, 19.644915558749553], [85.36887014418522, 19.644915558749553], [85.36887014418522, 19.65389867049946], [85.35930136573248, 19.65389867049946], [85.35930136573248, 19.644915558749553]]]}, "properties": {"depth_m": 1.89, "severity": "Catastrophic", "elevation_m": 1.55, "dist_to_coast_km": 9.6, "district": "Puri"}}, {"type": "Feature", "geometry": {"type": "Polygon", "coordinates": [[[85.36887014418522, 19.644915558749553], [85.378438922638, 19.644915558749553], [85.378438922638, 19.65389867049946], [85.36887014418522, 19.65389867049946], [85.36887014418522, 19.644915558749553]]]}, "properties": {"depth_m": 2.1, "severity": "Catastrophic", "elevation_m": 1.44, "dist_to_coast_km": 8.7, "district": "Puri"}}, {"type": "Feature", "geometry": {"type": "Polygon", "coordinates": [[[85.378438922638, 19.644915558749553], [85.38800770109074, 19.644915558749553], [85.38800770109074, 19.65389867049946], [85.378438922638, 19.65389867049946], [85.378438922638, 19.644915558749553]]]}, "properties": {"depth_m": 2.3, "severity": "Catastrophic", "elevation_m": 1.33, "dist_to_coast_km": 7.8, "district": "Puri"}}, {"type": "Feature", "geometry": {"type": "Polygon", "coordinates": [[[85.38800770109074, 19.644915558749553], [85.39757647954352, 19.644915558749553], [85.39757647954352, 19.65389867049946], [85.38800770109074, 19.65389867049946], [85.38800770109074, 19.644915558749553]]]}, "properties": {"depth_m": 2.49, "severity": "Catastrophic", "elevation_m": 1.23, "dist_to_coast_km": 6.9, "district": "Puri"}}, {"type": "Feature", "geometry": {"type": "Polygon", "coordinates": [[[85.39757647954352, 19.644915558749553], [85.40714525799626, 19.644915558749553], [85.40714525799626, 19.65389867049946], [85.39757647954352, 19.65389867049946], [85.39757647954352, 19.644915558749553]]]}, "properties": {"depth_m": 2.68, "severity": "Catastrophic", "elevation_m": 1.12, "dist_to_coast_km": 6.0, "district": "Puri"}}, {"type": "Feature", "geometry": {"type": "Polygon", "coordinates": [[[85.40714525799626, 19.644915558749553], [85.41671403644904, 19.644915558749553], [85.41671403644904, 19.65389867049946], [85.40714525799626, 19.65389867049946], [85.40714525799626, 19.644915558749553]]]}, "properties": {"depth_m": 2.86, "severity": "Catastrophic", "elevation_m": 1.03, "dist_to_coast_km": 5.2, "district": "Puri"}}, {"type": "Feature", "geometry": {"type": "Polygon", "coordinates": [[[85.41671403644904, 19.644915558749553], [85.42628281490178, 19.644915558749553], [85.42628281490178, 19.65389867049946], [85.41671403644904, 19.65389867049946], [85.41671403644904, 19.644915558749553]]]}, "properties": {"depth_m": 3.01, "severity": "Catastrophic", "elevation_m": 0.94, "dist_to_coast_km": 4.5, "district": "Puri"}}, {"type": "Feature", "geometry": {"type": "Polygon", "coordinates": [[[85.42628281490178, 19.644915558749553], [85.43585159335456, 19.644915558749553], [85.43585159335456, 19.65389867049946], [85.42628281490178, 19.65389867049946], [85.42628281490178, 19.644915558749553]]]}, "properties": {"depth_m": 3.14, "severity": "Catastrophic", "elevation_m": 0.87, "dist_to_coast_km": 3.9, "district": "Puri"}}, {"type": "Feature", "geometry": {"type": "Polygon", "coordinates": [[[85.43585159335456, 19.644915558749553], [85.4454203718073, 19.644915558749553], [85.4454203718073, 19.65389867049946], [85.43585159335456, 19.65389867049946], [85.43585159335456, 19.644915558749553]]]}, "properties": {"depth_m": 3.23, "severity": "Catastrophic", "elevation_m": 0.82, "dist_to_coast_km": 3.5, "district": "Puri"}}, {"type": "Feature", "geometry": {"type": "Polygon", "coordinates": [[[85.4454203718073, 19.644915558749553], [85.45498915026008, 19.644915558749553], [85.45498915026008, 19.65389867049946], [85.4454203718073, 19.65389867049946], [85.4454203718073, 19.644915558749553]]]}, "properties": {"depth_m": 3.26, "severity": "Catastrophic", "elevation_m": 0.81, "dist_to_coast_km": 3.4, "district": "Puri"}}, {"type": "Feature", "geometry": {"type": "Polygon", "coordinates": [[[85.45498915026008, 19.644915558749553], [85.46455792871282, 19.644915558749553], [85.46455792871282, 19.65389867049946], [85.45498915026008, 19.65389867049946], [85.45498915026008, 19.644915558749553]]]}, "properties": {"depth_m": 3.23, "severity": "Catastrophic", "elevation_m": 0.83, "dist_to_coast_km": 3.6, "district": "Puri"}}, {"type": "Feature", "geometry": {"type": "Polygon", "coordinates": [[[85.46455792871282, 19.644915558749553], [85.4741267071656, 19.644915558749553], [85.4741267071656, 19.65389867049946], [85.46455792871282, 19.65389867049946], [85.46455792871282, 19.644915558749553]]]}, "properties": {"depth_m": 3.14, "severity": "Catastrophic", "elevation_m": 0.88, "dist_to_coast_km": 4.0, "district": "Puri"}}, {"type": "Feature", "geometry": {"type": "Polygon", "coordinates": [[[85.4741267071656, 19.644915558749553], [85.48369548561834, 19.644915558749553], [85.48369548561834, 19.65389867049946], [85.4741267071656, 19.65389867049946], [85.4741267071656, 19.644915558749553]]]}, "properties": {"depth_m": 3.01, "severity": "Catastrophic", "elevation_m": 0.95, "dist_to_coast_km": 4.6, "district": "Puri"}}, {"type": "Feature", "geometry": {"type": "Polygon", "coordinates": [[[85.48369548561834, 19.644915558749553], [85.49326426407112, 19.644915558749553], [85.49326426407112, 19.65389867049946], [85.48369548561834, 19.65389867049946], [85.48369548561834, 19.644915558749553]]]}, "properties": {"depth_m": 2.85, "severity": "Catastrophic", "elevation_m": 1.03, "dist_to_coast_km": 5.3, "district": "Puri"}}, {"type": "Feature", "geometry": {"type": "Polygon", "coordinates": [[[85.49326426407112, 19.644915558749553], [85.50283304252386, 19.644915558749553], [85.50283304252386, 19.65389867049946], [85.49326426407112, 19.65389867049946], [85.49326426407112, 19.644915558749553]]]}, "properties": {"depth_m": 2.67, "severity": "Catastrophic", "elevation_m": 1.13, "dist_to_coast_km": 6.1, "district": "Puri"}}, {"type": "Feature", "geometry": {"type": "Polygon", "coordinates": [[[85.50283304252386, 19.644915558749553], [85.51240182097663, 19.644915558749553], [85.51240182097663, 19.65389867049946], [85.50283304252386, 19.65389867049946], [85.50283304252386, 19.644915558749553]]]}, "properties": {"depth_m": 2.49, "severity": "Catastrophic", "elevation_m": 1.23, "dist_to_coast_km": 6.9, "district": "Puri"}}, {"type": "Feature", "geometry": {"type": "Polygon", "coordinates": [[[85.51240182097663, 19.644915558749553], [85.52197059942938, 19.644915558749553], [85.52197059942938, 19.65389867049946], [85.51240182097663, 19.65389867049946], [85.51240182097663, 19.644915558749553]]]}, "properties": {"depth_m": 2.29, "severity": "Catastrophic", "elevation_m": 1.34, "dist_to_coast_km": 7.8, "district": "Puri"}}, {"type": "Feature", "geometry": {"type": "Polygon", "coordinates": [[[85.52197059942938, 19.644915558749553], [85.53153937788215, 19.644915558749553], [85.53153937788215, 19.65389867049946], [85.52197059942938, 19.65389867049946], [85.52197059942938, 19.644915558749553]]]}, "properties": {"depth_m": 2.09, "severity": "Catastrophic", "elevation_m": 1.45, "dist_to_coast_km": 8.7, "district": "Puri"}}, {"type": "Feature", "geometry": {"type": "Polygon", "coordinates": [[[85.53153937788215, 19.644915558749553], [85.5411081563349, 19.644915558749553], [85.5411081563349, 19.65389867049946], [85.53153937788215, 19.65389867049946], [85.53153937788215, 19.644915558749553]]]}, "properties": {"depth_m": 1.89, "severity": "Catastrophic", "elevation_m": 1.56, "dist_to_coast_km": 9.7, "district": "Puri"}}, {"type": "Feature", "geometry": {"type": "Polygon", "coordinates": [[[85.5411081563349, 19.644915558749553], [85.55067693478767, 19.644915558749553], [85.55067693478767, 19.65389867049946], [85.5411081563349, 19.65389867049946], [85.5411081563349, 19.644915558749553]]]}, "properties": {"depth_m": 1.68, "severity": "Catastrophic", "elevation_m": 1.67, "dist_to_coast_km": 10.6, "district": "Puri"}}, {"type": "Feature", "geometry": {"type": "Polygon", "coordinates": [[[85.55067693478767, 19.644915558749553], [85.56024571324042, 19.644915558749553], [85.56024571324042, 19.65389867049946], [85.55067693478767, 19.65389867049946], [85.55067693478767, 19.644915558749553]]]}, "properties": {"depth_m": 1.47, "severity": "Severe", "elevation_m": 1.79, "dist_to_coast_km": 11.6, "district": "Puri"}}, {"type": "Feature", "geometry": {"type": "Polygon", "coordinates": [[[85.56024571324042, 19.644915558749553], [85.5698144916932, 19.644915558749553], [85.5698144916932, 19.65389867049946], [85.56024571324042, 19.65389867049946], [85.56024571324042, 19.644915558749553]]]}, "properties": {"depth_m": 1.26, "severity": "Severe", "elevation_m": 1.9, "dist_to_coast_km": 12.5, "district": "Puri"}}, {"type": "Feature", "geometry": {"type": "Polygon", "coordinates": [[[85.5698144916932, 19.644915558749553], [85.57938327014594, 19.644915558749553], [85.57938327014594, 19.65389867049946], [85.5698144916932, 19.65389867049946], [85.5698144916932, 19.644915558749553]]]}, "properties": {"depth_m": 1.04, "severity": "Severe", "elevation_m": 2.02, "dist_to_coast_km": 13.5, "district": "Puri"}}, {"type": "Feature", "geometry": {"type": "Polygon", "coordinates": [[[85.57938327014594, 19.644915558749553], [85.58895204859871, 19.644915558749553], [85.58895204859871, 19.65389867049946], [85.57938327014594, 19.65389867049946], [85.57938327014594, 19.644915558749553]]]}, "properties": {"depth_m": 0.93, "severity": "Severe", "elevation_m": 1.98, "dist_to_coast_km": 13.1, "district": "Puri"}}, {"type": "Feature", "geometry": {"type": "Polygon", "coordinates": [[[85.58895204859871, 19.644915558749553], [85.59852082705146, 19.644915558749553], [85.59852082705146, 19.65389867049946], [85.58895204859871, 19.65389867049946], [85.58895204859871, 19.644915558749553]]]}, "properties": {"depth_m": 1.04, "severity": "Severe", "elevation_m": 1.92, "dist_to_coast_km": 12.6, "district": "Puri"}}, {"type": "Feature", "geometry": {"type": "Polygon", "coordinates": [[[85.59852082705146, 19.644915558749553], [85.60808960550423, 19.644915558749553], [85.60808960550423, 19.65389867049946], [85.59852082705146, 19.65389867049946], [85.59852082705146, 19.644915558749553]]]}, "properties": {"depth_m": 1.13, "severity": "Severe", "elevation_m": 1.86, "dist_to_coast_km": 12.2, "district": "Puri"}}, {"type": "Feature", "geometry": {"type": "Polygon", "coordinates": [[[85.60808960550423, 19.644915558749553], [85.61765838395698, 19.644915558749553], [85.61765838395698, 19.65389867049946], [85.60808960550423, 19.65389867049946], [85.60808960550423, 19.644915558749553]]]}, "properties": {"depth_m": 1.21, "severity": "Severe", "elevation_m": 1.82, "dist_to_coast_km": 11.8, "district": "Puri"}}, {"type": "Feature", "geometry": {"type": "Polygon", "coordinates": [[[85.61765838395698, 19.644915558749553], [85.62722716240975, 19.644915558749553], [85.62722716240975, 19.65389867049946], [85.61765838395698, 19.65389867049946], [85.61765838395698, 19.644915558749553]]]}, "properties": {"depth_m": 1.28, "severity": "Severe", "elevation_m": 1.79, "dist_to_coast_km": 11.6, "district": "Puri"}}, {"type": "Feature", "geometry": {"type": "Polygon", "coordinates": [[[85.62722716240975, 19.644915558749553], [85.6367959408625, 19.644915558749553], [85.6367959408625, 19.65389867049946], [85.62722716240975, 19.65389867049946], [85.62722716240975, 19.644915558749553]]]}, "properties": {"depth_m": 1.32, "severity": "Severe", "elevation_m": 1.76, "dist_to_coast_km": 11.3, "district": "Puri"}}, {"type": "Feature", "geometry": {"type": "Polygon", "coordinates": [[[85.6367959408625, 19.644915558749553], [85.64636471931527, 19.644915558749553], [85.64636471931527, 19.65389867049946], [85.6367959408625, 19.65389867049946], [85.6367959408625, 19.644915558749553]]]}, "properties": {"depth_m": 1.35, "severity": "Severe", "elevation_m": 1.75, "dist_to_coast_km": 11.2, "district": "Puri"}}, {"type": "Feature", "geometry": {"type": "Polygon", "coordinates": [[[85.64636471931527, 19.644915558749553], [85.65593349776802, 19.644915558749553], [85.65593349776802, 19.65389867049946], [85.64636471931527, 19.65389867049946], [85.64636471931527, 19.644915558749553]]]}, "properties": {"depth_m": 1.36, "severity": "Severe", "elevation_m": 1.74, "dist_to_coast_km": 11.2, "district": "Puri"}}, {"type": "Feature", "geometry": {"type": "Polygon", "coordinates": [[[85.65593349776802, 19.644915558749553], [85.66550227622079, 19.644915558749553], [85.66550227622079, 19.65389867049946], [85.65593349776802, 19.65389867049946], [85.65593349776802, 19.644915558749553]]]}, "properties": {"depth_m": 1.35, "severity": "Severe", "elevation_m": 1.75, "dist_to_coast_km": 11.2, "district": "Puri"}}, {"type": "Feature", "geometry": {"type": "Polygon", "coordinates": [[[85.66550227622079, 19.644915558749553], [85.67507105467354, 19.644915558749553], [85.67507105467354, 19.65389867049946], [85.66550227622079, 19.65389867049946], [85.66550227622079, 19.644915558749553]]]}, "properties": {"depth_m": 1.32, "severity": "Severe", "elevation_m": 1.77, "dist_to_coast_km": 11.4, "district": "Puri"}}, {"type": "Feature", "geometry": {"type": "Polygon", "coordinates": [[[85.67507105467354, 19.644915558749553], [85.68463983312631, 19.644915558749553], [85.68463983312631, 19.65389867049946], [85.67507105467354, 19.65389867049946], [85.67507105467354, 19.644915558749553]]]}, "properties": {"depth_m": 1.26, "severity": "Severe", "elevation_m": 1.79, "dist_to_coast_km": 11.6, "district": "Puri"}}, {"type": "Feature", "geometry": {"type": "Polygon", "coordinates": [[[85.68463983312631, 19.644915558749553], [85.69420861157906, 19.644915558749553], [85.69420861157906, 19.65389867049946], [85.68463983312631, 19.65389867049946], [85.68463983312631, 19.644915558749553]]]}, "properties": {"depth_m": 1.2, "severity": "Severe", "elevation_m": 1.83, "dist_to_coast_km": 11.9, "district": "Puri"}}, {"type": "Feature", "geometry": {"type": "Polygon", "coordinates": [[[85.69420861157906, 19.644915558749553], [85.70377739003183, 19.644915558749553], [85.70377739003183, 19.65389867049946], [85.69420861157906, 19.65389867049946], [85.69420861157906, 19.644915558749553]]]}, "properties": {"depth_m": 1.11, "severity": "Severe", "elevation_m": 1.88, "dist_to_coast_km": 12.3, "district": "Puri"}}, {"type": "Feature", "geometry": {"type": "Polygon", "coordinates": [[[85.70377739003183, 19.644915558749553], [85.71334616848458, 19.644915558749553], [85.71334616848458, 19.65389867049946], [85.70377739003183, 19.65389867049946], [85.70377739003183, 19.644915558749553]]]}, "properties": {"depth_m": 0.61, "severity": "Severe", "elevation_m": 2.33, "dist_to_coast_km": 12.8, "district": "Puri"}}, {"type": "Feature", "geometry": {"type": "Polygon", "coordinates": [[[85.71334616848458, 19.644915558749553], [85.72291494693735, 19.644915558749553], [85.72291494693735, 19.65389867049946], [85.71334616848458, 19.65389867049946], [85.71334616848458, 19.644915558749553]]]}, "properties": {"depth_m": 0.5, "severity": "Moderate (Impassable)", "elevation_m": 2.39, "dist_to_coast_km": 13.3, "district": "Puri"}}, {"type": "Feature", "geometry": {"type": "Polygon", "coordinates": [[[85.72291494693735, 19.644915558749553], [85.7324837253901, 19.644915558749553], [85.7324837253901, 19.65389867049946], [85.72291494693735, 19.65389867049946], [85.72291494693735, 19.644915558749553]]]}, "properties": {"depth_m": 0.38, "severity": "Moderate (Impassable)", "elevation_m": 2.46, "dist_to_coast_km": 13.8, "district": "Puri"}}, {"type": "Feature", "geometry": {"type": "Polygon", "coordinates": [[[85.7324837253901, 19.644915558749553], [85.74205250384287, 19.644915558749553], [85.74205250384287, 19.65389867049946], [85.7324837253901, 19.65389867049946], [85.7324837253901, 19.644915558749553]]]}, "properties": {"depth_m": 0.24, "severity": "Minor", "elevation_m": 2.53, "dist_to_coast_km": 14.4, "district": "Puri"}}, {"type": "Feature", "geometry": {"type": "Polygon", "coordinates": [[[85.2827511381104, 19.65389867049946], [85.29231991656314, 19.65389867049946], [85.29231991656314, 19.66288178224937], [85.2827511381104, 19.66288178224937], [85.2827511381104, 19.65389867049946]]]}, "properties": {"depth_m": 0.23, "severity": "Minor", "elevation_m": 2.46, "dist_to_coast_km": 17.2, "district": "Puri"}}, {"type": "Feature", "geometry": {"type": "Polygon", "coordinates": [[[85.29231991656314, 19.65389867049946], [85.30188869501592, 19.65389867049946], [85.30188869501592, 19.66288178224937], [85.29231991656314, 19.66288178224937], [85.29231991656314, 19.65389867049946]]]}, "properties": {"depth_m": 0.45, "severity": "Moderate (Impassable)", "elevation_m": 2.34, "dist_to_coast_km": 16.2, "district": "Puri"}}, {"type": "Feature", "geometry": {"type": "Polygon", "coordinates": [[[85.30188869501592, 19.65389867049946], [85.31145747346866, 19.65389867049946], [85.31145747346866, 19.66288178224937], [85.30188869501592, 19.66288178224937], [85.30188869501592, 19.65389867049946]]]}, "properties": {"depth_m": 0.67, "severity": "Severe", "elevation_m": 2.22, "dist_to_coast_km": 15.2, "district": "Puri"}}, {"type": "Feature", "geometry": {"type": "Polygon", "coordinates": [[[85.31145747346866, 19.65389867049946], [85.32102625192144, 19.65389867049946], [85.32102625192144, 19.66288178224937], [85.31145747346866, 19.66288178224937], [85.31145747346866, 19.65389867049946]]]}, "properties": {"depth_m": 0.88, "severity": "Severe", "elevation_m": 2.11, "dist_to_coast_km": 14.2, "district": "Puri"}}, {"type": "Feature", "geometry": {"type": "Polygon", "coordinates": [[[85.32102625192144, 19.65389867049946], [85.33059503037418, 19.65389867049946], [85.33059503037418, 19.66288178224937], [85.32102625192144, 19.66288178224937], [85.32102625192144, 19.65389867049946]]]}, "properties": {"depth_m": 1.1, "severity": "Severe", "elevation_m": 1.99, "dist_to_coast_km": 13.2, "district": "Puri"}}, {"type": "Feature", "geometry": {"type": "Polygon", "coordinates": [[[85.33059503037418, 19.65389867049946], [85.34016380882696, 19.65389867049946], [85.34016380882696, 19.66288178224937], [85.33059503037418, 19.66288178224937], [85.33059503037418, 19.65389867049946]]]}, "properties": {"depth_m": 1.32, "severity": "Severe", "elevation_m": 1.87, "dist_to_coast_km": 12.2, "district": "Puri"}}, {"type": "Feature", "geometry": {"type": "Polygon", "coordinates": [[[85.34016380882696, 19.65389867049946], [85.3497325872797, 19.65389867049946], [85.3497325872797, 19.66288178224937], [85.34016380882696, 19.66288178224937], [85.34016380882696, 19.65389867049946]]]}, "properties": {"depth_m": 1.53, "severity": "Catastrophic", "elevation_m": 1.75, "dist_to_coast_km": 11.3, "district": "Puri"}}, {"type": "Feature", "geometry": {"type": "Polygon", "coordinates": [[[85.3497325872797, 19.65389867049946], [85.35930136573248, 19.65389867049946], [85.35930136573248, 19.66288178224937], [85.3497325872797, 19.66288178224937], [85.3497325872797, 19.65389867049946]]]}, "properties": {"depth_m": 1.75, "severity": "Catastrophic", "elevation_m": 1.63, "dist_to_coast_km": 10.3, "district": "Puri"}}, {"type": "Feature", "geometry": {"type": "Polygon", "coordinates": [[[85.35930136573248, 19.65389867049946], [85.36887014418522, 19.65389867049946], [85.36887014418522, 19.66288178224937], [85.35930136573248, 19.66288178224937], [85.35930136573248, 19.65389867049946]]]}, "properties": {"depth_m": 1.96, "severity": "Catastrophic", "elevation_m": 1.52, "dist_to_coast_km": 9.3, "district": "Puri"}}, {"type": "Feature", "geometry": {"type": "Polygon", "coordinates": [[[85.36887014418522, 19.65389867049946], [85.378438922638, 19.65389867049946], [85.378438922638, 19.66288178224937], [85.36887014418522, 19.66288178224937], [85.36887014418522, 19.65389867049946]]]}, "properties": {"depth_m": 2.17, "severity": "Catastrophic", "elevation_m": 1.4, "dist_to_coast_km": 8.3, "district": "Puri"}}, {"type": "Feature", "geometry": {"type": "Polygon", "coordinates": [[[85.378438922638, 19.65389867049946], [85.38800770109074, 19.65389867049946], [85.38800770109074, 19.66288178224937], [85.378438922638, 19.66288178224937], [85.378438922638, 19.65389867049946]]]}, "properties": {"depth_m": 2.38, "severity": "Catastrophic", "elevation_m": 1.29, "dist_to_coast_km": 7.4, "district": "Puri"}}, {"type": "Feature", "geometry": {"type": "Polygon", "coordinates": [[[85.38800770109074, 19.65389867049946], [85.39757647954352, 19.65389867049946], [85.39757647954352, 19.66288178224937], [85.38800770109074, 19.66288178224937], [85.38800770109074, 19.65389867049946]]]}, "properties": {"depth_m": 2.59, "severity": "Catastrophic", "elevation_m": 1.17, "dist_to_coast_km": 6.5, "district": "Puri"}}, {"type": "Feature", "geometry": {"type": "Polygon", "coordinates": [[[85.39757647954352, 19.65389867049946], [85.40714525799626, 19.65389867049946], [85.40714525799626, 19.66288178224937], [85.39757647954352, 19.66288178224937], [85.39757647954352, 19.65389867049946]]]}, "properties": {"depth_m": 2.79, "severity": "Catastrophic", "elevation_m": 1.06, "dist_to_coast_km": 5.5, "district": "Puri"}}, {"type": "Feature", "geometry": {"type": "Polygon", "coordinates": [[[85.40714525799626, 19.65389867049946], [85.41671403644904, 19.65389867049946], [85.41671403644904, 19.66288178224937], [85.40714525799626, 19.66288178224937], [85.40714525799626, 19.65389867049946]]]}, "properties": {"depth_m": 2.99, "severity": "Catastrophic", "elevation_m": 0.96, "dist_to_coast_km": 4.7, "district": "Puri"}}, {"type": "Feature", "geometry": {"type": "Polygon", "coordinates": [[[85.41671403644904, 19.65389867049946], [85.42628281490178, 19.65389867049946], [85.42628281490178, 19.66288178224937], [85.41671403644904, 19.66288178224937], [85.41671403644904, 19.65389867049946]]]}, "properties": {"depth_m": 3.17, "severity": "Catastrophic", "elevation_m": 0.86, "dist_to_coast_km": 3.8, "district": "Puri"}}, {"type": "Feature", "geometry": {"type": "Polygon", "coordinates": [[[85.42628281490178, 19.65389867049946], [85.43585159335456, 19.65389867049946], [85.43585159335456, 19.66288178224937], [85.42628281490178, 19.66288178224937], [85.42628281490178, 19.65389867049946]]]}, "properties": {"depth_m": 3.32, "severity": "Catastrophic", "elevation_m": 0.77, "dist_to_coast_km": 3.1, "district": "Puri"}}, {"type": "Feature", "geometry": {"type": "Polygon", "coordinates": [[[85.43585159335456, 19.65389867049946], [85.4454203718073, 19.65389867049946], [85.4454203718073, 19.66288178224937], [85.43585159335456, 19.66288178224937], [85.43585159335456, 19.65389867049946]]]}, "properties": {"depth_m": 3.44, "severity": "Catastrophic", "elevation_m": 0.71, "dist_to_coast_km": 2.6, "district": "Puri"}}, {"type": "Feature", "geometry": {"type": "Polygon", "coordinates": [[[85.4454203718073, 19.65389867049946], [85.45498915026008, 19.65389867049946], [85.45498915026008, 19.66288178224937], [85.4454203718073, 19.66288178224937], [85.4454203718073, 19.65389867049946]]]}, "properties": {"depth_m": 3.48, "severity": "Catastrophic", "elevation_m": 0.69, "dist_to_coast_km": 2.4, "district": "Puri"}}, {"type": "Feature", "geometry": {"type": "Polygon", "coordinates": [[[85.45498915026008, 19.65389867049946], [85.46455792871282, 19.65389867049946], [85.46455792871282, 19.66288178224937], [85.45498915026008, 19.66288178224937], [85.45498915026008, 19.65389867049946]]]}, "properties": {"depth_m": 3.44, "severity": "Catastrophic", "elevation_m": 0.71, "dist_to_coast_km": 2.6, "district": "Puri"}}, {"type": "Feature", "geometry": {"type": "Polygon", "coordinates": [[[85.46455792871282, 19.65389867049946], [85.4741267071656, 19.65389867049946], [85.4741267071656, 19.66288178224937], [85.46455792871282, 19.66288178224937], [85.46455792871282, 19.65389867049946]]]}, "properties": {"depth_m": 3.32, "severity": "Catastrophic", "elevation_m": 0.78, "dist_to_coast_km": 3.1, "district": "Puri"}}, {"type": "Feature", "geometry": {"type": "Polygon", "coordinates": [[[85.4741267071656, 19.65389867049946], [85.48369548561834, 19.65389867049946], [85.48369548561834, 19.66288178224937], [85.4741267071656, 19.66288178224937], [85.4741267071656, 19.65389867049946]]]}, "properties": {"depth_m": 3.16, "severity": "Catastrophic", "elevation_m": 0.86, "dist_to_coast_km": 3.9, "district": "Puri"}}, {"type": "Feature", "geometry": {"type": "Polygon", "coordinates": [[[85.48369548561834, 19.65389867049946], [85.49326426407112, 19.65389867049946], [85.49326426407112, 19.66288178224937], [85.48369548561834, 19.66288178224937], [85.48369548561834, 19.65389867049946]]]}, "properties": {"depth_m": 2.98, "severity": "Catastrophic", "elevation_m": 0.96, "dist_to_coast_km": 4.7, "district": "Puri"}}, {"type": "Feature", "geometry": {"type": "Polygon", "coordinates": [[[85.49326426407112, 19.65389867049946], [85.50283304252386, 19.65389867049946], [85.50283304252386, 19.66288178224937], [85.49326426407112, 19.66288178224937], [85.49326426407112, 19.65389867049946]]]}, "properties": {"depth_m": 2.78, "severity": "Catastrophic", "elevation_m": 1.07, "dist_to_coast_km": 5.6, "district": "Puri"}}, {"type": "Feature", "geometry": {"type": "Polygon", "coordinates": [[[85.50283304252386, 19.65389867049946], [85.51240182097663, 19.65389867049946], [85.51240182097663, 19.66288178224937], [85.50283304252386, 19.66288178224937], [85.50283304252386, 19.65389867049946]]]}, "properties": {"depth_m": 2.58, "severity": "Catastrophic", "elevation_m": 1.18, "dist_to_coast_km": 6.5, "district": "Puri"}}, {"type": "Feature", "geometry": {"type": "Polygon", "coordinates": [[[85.51240182097663, 19.65389867049946], [85.52197059942938, 19.65389867049946], [85.52197059942938, 19.66288178224937], [85.51240182097663, 19.66288178224937], [85.51240182097663, 19.65389867049946]]]}, "properties": {"depth_m": 2.37, "severity": "Catastrophic", "elevation_m": 1.29, "dist_to_coast_km": 7.4, "district": "Puri"}}, {"type": "Feature", "geometry": {"type": "Polygon", "coordinates": [[[85.52197059942938, 19.65389867049946], [85.53153937788215, 19.65389867049946], [85.53153937788215, 19.66288178224937], [85.52197059942938, 19.66288178224937], [85.52197059942938, 19.65389867049946]]]}, "properties": {"depth_m": 2.16, "severity": "Catastrophic", "elevation_m": 1.41, "dist_to_coast_km": 8.4, "district": "Puri"}}, {"type": "Feature", "geometry": {"type": "Polygon", "coordinates": [[[85.53153937788215, 19.65389867049946], [85.5411081563349, 19.65389867049946], [85.5411081563349, 19.66288178224937], [85.53153937788215, 19.66288178224937], [85.53153937788215, 19.65389867049946]]]}, "properties": {"depth_m": 1.95, "severity": "Catastrophic", "elevation_m": 1.52, "dist_to_coast_km": 9.4, "district": "Puri"}}, {"type": "Feature", "geometry": {"type": "Polygon", "coordinates": [[[85.5411081563349, 19.65389867049946], [85.55067693478767, 19.65389867049946], [85.55067693478767, 19.66288178224937], [85.5411081563349, 19.66288178224937], [85.5411081563349, 19.65389867049946]]]}, "properties": {"depth_m": 1.74, "severity": "Catastrophic", "elevation_m": 1.64, "dist_to_coast_km": 10.3, "district": "Puri"}}, {"type": "Feature", "geometry": {"type": "Polygon", "coordinates": [[[85.55067693478767, 19.65389867049946], [85.56024571324042, 19.65389867049946], [85.56024571324042, 19.66288178224937], [85.55067693478767, 19.66288178224937], [85.55067693478767, 19.65389867049946]]]}, "properties": {"depth_m": 1.52, "severity": "Catastrophic", "elevation_m": 1.76, "dist_to_coast_km": 11.3, "district": "Puri"}}, {"type": "Feature", "geometry": {"type": "Polygon", "coordinates": [[[85.56024571324042, 19.65389867049946], [85.5698144916932, 19.65389867049946], [85.5698144916932, 19.66288178224937], [85.56024571324042, 19.66288178224937], [85.56024571324042, 19.65389867049946]]]}, "properties": {"depth_m": 1.31, "severity": "Severe", "elevation_m": 1.87, "dist_to_coast_km": 12.3, "district": "Puri"}}, {"type": "Feature", "geometry": {"type": "Polygon", "coordinates": [[[85.5698144916932, 19.65389867049946], [85.57938327014594, 19.65389867049946], [85.57938327014594, 19.66288178224937], [85.5698144916932, 19.66288178224937], [85.5698144916932, 19.65389867049946]]]}, "properties": {"depth_m": 0.98, "severity": "Severe", "elevation_m": 1.95, "dist_to_coast_km": 12.9, "district": "Puri"}}, {"type": "Feature", "geometry": {"type": "Polygon", "coordinates": [[[85.57938327014594, 19.65389867049946], [85.58895204859871, 19.65389867049946], [85.58895204859871, 19.66288178224937], [85.57938327014594, 19.66288178224937], [85.57938327014594, 19.65389867049946]]]}, "properties": {"depth_m": 1.11, "severity": "Severe", "elevation_m": 1.88, "dist_to_coast_km": 12.3, "district": "Puri"}}, {"type": "Feature", "geometry": {"type": "Polygon", "coordinates": [[[85.58895204859871, 19.65389867049946], [85.59852082705146, 19.65389867049946], [85.59852082705146, 19.66288178224937], [85.58895204859871, 19.66288178224937], [85.58895204859871, 19.65389867049946]]]}, "properties": {"depth_m": 1.23, "severity": "Severe", "elevation_m": 1.81, "dist_to_coast_km": 11.8, "district": "Puri"}}, {"type": "Feature", "geometry": {"type": "Polygon", "coordinates": [[[85.59852082705146, 19.65389867049946], [85.60808960550423, 19.65389867049946], [85.60808960550423, 19.66288178224937], [85.59852082705146, 19.66288178224937], [85.59852082705146, 19.65389867049946]]]}, "properties": {"depth_m": 1.33, "severity": "Severe", "elevation_m": 1.76, "dist_to_coast_km": 11.3, "district": "Puri"}}, {"type": "Feature", "geometry": {"type": "Polygon", "coordinates": [[[85.60808960550423, 19.65389867049946], [85.61765838395698, 19.65389867049946], [85.61765838395698, 19.66288178224937], [85.60808960550423, 19.66288178224937], [85.60808960550423, 19.65389867049946]]]}, "properties": {"depth_m": 1.42, "severity": "Severe", "elevation_m": 1.71, "dist_to_coast_km": 10.9, "district": "Puri"}}, {"type": "Feature", "geometry": {"type": "Polygon", "coordinates": [[[85.61765838395698, 19.65389867049946], [85.62722716240975, 19.65389867049946], [85.62722716240975, 19.66288178224937], [85.61765838395698, 19.66288178224937], [85.61765838395698, 19.65389867049946]]]}, "properties": {"depth_m": 1.49, "severity": "Severe", "elevation_m": 1.67, "dist_to_coast_km": 10.6, "district": "Puri"}}, {"type": "Feature", "geometry": {"type": "Polygon", "coordinates": [[[85.62722716240975, 19.65389867049946], [85.6367959408625, 19.65389867049946], [85.6367959408625, 19.66288178224937], [85.62722716240975, 19.66288178224937], [85.62722716240975, 19.65389867049946]]]}, "properties": {"depth_m": 1.54, "severity": "Catastrophic", "elevation_m": 1.64, "dist_to_coast_km": 10.4, "district": "Puri"}}, {"type": "Feature", "geometry": {"type": "Polygon", "coordinates": [[[85.6367959408625, 19.65389867049946], [85.64636471931527, 19.65389867049946], [85.64636471931527, 19.66288178224937], [85.6367959408625, 19.66288178224937], [85.6367959408625, 19.65389867049946]]]}, "properties": {"depth_m": 1.57, "severity": "Catastrophic", "elevation_m": 1.63, "dist_to_coast_km": 10.2, "district": "Puri"}}, {"type": "Feature", "geometry": {"type": "Polygon", "coordinates": [[[85.64636471931527, 19.65389867049946], [85.65593349776802, 19.65389867049946], [85.65593349776802, 19.66288178224937], [85.64636471931527, 19.66288178224937], [85.64636471931527, 19.65389867049946]]]}, "properties": {"depth_m": 1.58, "severity": "Catastrophic", "elevation_m": 1.62, "dist_to_coast_km": 10.2, "district": "Puri"}}, {"type": "Feature", "geometry": {"type": "Polygon", "coordinates": [[[85.65593349776802, 19.65389867049946], [85.66550227622079, 19.65389867049946], [85.66550227622079, 19.66288178224937], [85.65593349776802, 19.66288178224937], [85.65593349776802, 19.65389867049946]]]}, "properties": {"depth_m": 1.57, "severity": "Catastrophic", "elevation_m": 1.63, "dist_to_coast_km": 10.2, "district": "Puri"}}, {"type": "Feature", "geometry": {"type": "Polygon", "coordinates": [[[85.66550227622079, 19.65389867049946], [85.67507105467354, 19.65389867049946], [85.67507105467354, 19.66288178224937], [85.66550227622079, 19.66288178224937], [85.66550227622079, 19.65389867049946]]]}, "properties": {"depth_m": 1.53, "severity": "Catastrophic", "elevation_m": 1.65, "dist_to_coast_km": 10.4, "district": "Puri"}}, {"type": "Feature", "geometry": {"type": "Polygon", "coordinates": [[[85.67507105467354, 19.65389867049946], [85.68463983312631, 19.65389867049946], [85.68463983312631, 19.66288178224937], [85.67507105467354, 19.66288178224937], [85.67507105467354, 19.65389867049946]]]}, "properties": {"depth_m": 1.48, "severity": "Severe", "elevation_m": 1.68, "dist_to_coast_km": 10.7, "district": "Puri"}}, {"type": "Feature", "geometry": {"type": "Polygon", "coordinates": [[[85.68463983312631, 19.65389867049946], [85.69420861157906, 19.65389867049946], [85.69420861157906, 19.66288178224937], [85.68463983312631, 19.66288178224937], [85.68463983312631, 19.65389867049946]]]}, "properties": {"depth_m": 1.4, "severity": "Severe", "elevation_m": 1.72, "dist_to_coast_km": 11.0, "district": "Puri"}}, {"type": "Feature", "geometry": {"type": "Polygon", "coordinates": [[[85.69420861157906, 19.65389867049946], [85.70377739003183, 19.65389867049946], [85.70377739003183, 19.66288178224937], [85.69420861157906, 19.66288178224937], [85.69420861157906, 19.65389867049946]]]}, "properties": {"depth_m": 1.31, "severity": "Severe", "elevation_m": 1.77, "dist_to_coast_km": 11.4, "district": "Puri"}}, {"type": "Feature", "geometry": {"type": "Polygon", "coordinates": [[[85.70377739003183, 19.65389867049946], [85.71334616848458, 19.65389867049946], [85.71334616848458, 19.66288178224937], [85.70377739003183, 19.66288178224937], [85.70377739003183, 19.65389867049946]]]}, "properties": {"depth_m": 0.8, "severity": "Severe", "elevation_m": 2.23, "dist_to_coast_km": 11.9, "district": "Puri"}}, {"type": "Feature", "geometry": {"type": "Polygon", "coordinates": [[[85.71334616848458, 19.65389867049946], [85.72291494693735, 19.65389867049946], [85.72291494693735, 19.66288178224937], [85.71334616848458, 19.66288178224937], [85.71334616848458, 19.65389867049946]]]}, "properties": {"depth_m": 0.68, "severity": "Severe", "elevation_m": 2.29, "dist_to_coast_km": 12.4, "district": "Puri"}}, {"type": "Feature", "geometry": {"type": "Polygon", "coordinates": [[[85.72291494693735, 19.65389867049946], [85.7324837253901, 19.65389867049946], [85.7324837253901, 19.66288178224937], [85.72291494693735, 19.66288178224937], [85.72291494693735, 19.65389867049946]]]}, "properties": {"depth_m": 0.55, "severity": "Moderate (Impassable)", "elevation_m": 2.36, "dist_to_coast_km": 13.0, "district": "Puri"}}, {"type": "Feature", "geometry": {"type": "Polygon", "coordinates": [[[85.7324837253901, 19.65389867049946], [85.74205250384287, 19.65389867049946], [85.74205250384287, 19.66288178224937], [85.7324837253901, 19.66288178224937], [85.7324837253901, 19.65389867049946]]]}, "properties": {"depth_m": 0.41, "severity": "Moderate (Impassable)", "elevation_m": 2.44, "dist_to_coast_km": 13.7, "district": "Puri"}}, {"type": "Feature", "geometry": {"type": "Polygon", "coordinates": [[[85.74205250384287, 19.65389867049946], [85.75162128229562, 19.65389867049946], [85.75162128229562, 19.66288178224937], [85.74205250384287, 19.66288178224937], [85.74205250384287, 19.65389867049946]]]}, "properties": {"depth_m": 0.26, "severity": "Minor", "elevation_m": 2.52, "dist_to_coast_km": 14.4, "district": "Puri"}}, {"type": "Feature", "geometry": {"type": "Polygon", "coordinates": [[[85.2827511381104, 19.66288178224937], [85.29231991656314, 19.66288178224937], [85.29231991656314, 19.671864893999278], [85.2827511381104, 19.671864893999278], [85.2827511381104, 19.66288178224937]]]}, "properties": {"depth_m": 0.25, "severity": "Minor", "elevation_m": 2.45, "dist_to_coast_km": 17.1, "district": "Puri"}}, {"type": "Feature", "geometry": {"type": "Polygon", "coordinates": [[[85.29231991656314, 19.66288178224937], [85.30188869501592, 19.66288178224937], [85.30188869501592, 19.671864893999278], [85.29231991656314, 19.671864893999278], [85.29231991656314, 19.66288178224937]]]}, "properties": {"depth_m": 0.47, "severity": "Moderate (Impassable)", "elevation_m": 2.33, "dist_to_coast_km": 16.1, "district": "Puri"}}, {"type": "Feature", "geometry": {"type": "Polygon", "coordinates": [[[85.30188869501592, 19.66288178224937], [85.31145747346866, 19.66288178224937], [85.31145747346866, 19.671864893999278], [85.30188869501592, 19.671864893999278], [85.30188869501592, 19.66288178224937]]]}, "properties": {"depth_m": 0.69, "severity": "Severe", "elevation_m": 2.21, "dist_to_coast_km": 15.1, "district": "Puri"}}, {"type": "Feature", "geometry": {"type": "Polygon", "coordinates": [[[85.31145747346866, 19.66288178224937], [85.32102625192144, 19.66288178224937], [85.32102625192144, 19.671864893999278], [85.31145747346866, 19.671864893999278], [85.31145747346866, 19.66288178224937]]]}, "properties": {"depth_m": 0.91, "severity": "Severe", "elevation_m": 2.09, "dist_to_coast_km": 14.1, "district": "Puri"}}, {"type": "Feature", "geometry": {"type": "Polygon", "coordinates": [[[85.32102625192144, 19.66288178224937], [85.33059503037418, 19.66288178224937], [85.33059503037418, 19.671864893999278], [85.32102625192144, 19.671864893999278], [85.32102625192144, 19.66288178224937]]]}, "properties": {"depth_m": 1.13, "severity": "Severe", "elevation_m": 1.97, "dist_to_coast_km": 13.1, "district": "Puri"}}, {"type": "Feature", "geometry": {"type": "Polygon", "coordinates": [[[85.33059503037418, 19.66288178224937], [85.34016380882696, 19.66288178224937], [85.34016380882696, 19.671864893999278], [85.33059503037418, 19.671864893999278], [85.33059503037418, 19.66288178224937]]]}, "properties": {"depth_m": 1.35, "severity": "Severe", "elevation_m": 1.85, "dist_to_coast_km": 12.1, "district": "Puri"}}, {"type": "Feature", "geometry": {"type": "Polygon", "coordinates": [[[85.34016380882696, 19.66288178224937], [85.3497325872797, 19.66288178224937], [85.3497325872797, 19.671864893999278], [85.34016380882696, 19.671864893999278], [85.34016380882696, 19.66288178224937]]]}, "properties": {"depth_m": 1.57, "severity": "Catastrophic", "elevation_m": 1.73, "dist_to_coast_km": 11.1, "district": "Puri"}}, {"type": "Feature", "geometry": {"type": "Polygon", "coordinates": [[[85.3497325872797, 19.66288178224937], [85.35930136573248, 19.66288178224937], [85.35930136573248, 19.671864893999278], [85.3497325872797, 19.671864893999278], [85.3497325872797, 19.66288178224937]]]}, "properties": {"depth_m": 1.79, "severity": "Catastrophic", "elevation_m": 1.61, "dist_to_coast_km": 10.1, "district": "Puri"}}, {"type": "Feature", "geometry": {"type": "Polygon", "coordinates": [[[85.35930136573248, 19.66288178224937], [85.36887014418522, 19.66288178224937], [85.36887014418522, 19.671864893999278], [85.35930136573248, 19.671864893999278], [85.35930136573248, 19.66288178224937]]]}, "properties": {"depth_m": 2.01, "severity": "Catastrophic", "elevation_m": 1.49, "dist_to_coast_km": 9.1, "district": "Puri"}}, {"type": "Feature", "geometry": {"type": "Polygon", "coordinates": [[[85.36887014418522, 19.66288178224937], [85.378438922638, 19.66288178224937], [85.378438922638, 19.671864893999278], [85.36887014418522, 19.671864893999278], [85.36887014418522, 19.66288178224937]]]}, "properties": {"depth_m": 2.22, "severity": "Catastrophic", "elevation_m": 1.37, "dist_to_coast_km": 8.1, "district": "Puri"}}, {"type": "Feature", "geometry": {"type": "Polygon", "coordinates": [[[85.378438922638, 19.66288178224937], [85.38800770109074, 19.66288178224937], [85.38800770109074, 19.671864893999278], [85.378438922638, 19.671864893999278], [85.378438922638, 19.66288178224937]]]}, "properties": {"depth_m": 2.44, "severity": "Catastrophic", "elevation_m": 1.26, "dist_to_coast_km": 7.1, "district": "Puri"}}, {"type": "Feature", "geometry": {"type": "Polygon", "coordinates": [[[85.38800770109074, 19.66288178224937], [85.39757647954352, 19.66288178224937], [85.39757647954352, 19.671864893999278], [85.38800770109074, 19.671864893999278], [85.38800770109074, 19.66288178224937]]]}, "properties": {"depth_m": 2.66, "severity": "Catastrophic", "elevation_m": 1.14, "dist_to_coast_km": 6.2, "district": "Puri"}}, {"type": "Feature", "geometry": {"type": "Polygon", "coordinates": [[[85.39757647954352, 19.66288178224937], [85.40714525799626, 19.66288178224937], [85.40714525799626, 19.671864893999278], [85.39757647954352, 19.671864893999278], [85.39757647954352, 19.66288178224937]]]}, "properties": {"depth_m": 2.87, "severity": "Catastrophic", "elevation_m": 1.02, "dist_to_coast_km": 5.2, "district": "Puri"}}, {"type": "Feature", "geometry": {"type": "Polygon", "coordinates": [[[85.40714525799626, 19.66288178224937], [85.41671403644904, 19.66288178224937], [85.41671403644904, 19.671864893999278], [85.40714525799626, 19.671864893999278], [85.40714525799626, 19.66288178224937]]]}, "properties": {"depth_m": 3.08, "severity": "Catastrophic", "elevation_m": 0.91, "dist_to_coast_km": 4.2, "district": "Puri"}}, {"type": "Feature", "geometry": {"type": "Polygon", "coordinates": [[[85.41671403644904, 19.66288178224937], [85.42628281490178, 19.66288178224937], [85.42628281490178, 19.671864893999278], [85.41671403644904, 19.671864893999278], [85.41671403644904, 19.66288178224937]]]}, "properties": {"depth_m": 3.28, "severity": "Catastrophic", "elevation_m": 0.8, "dist_to_coast_km": 3.3, "district": "Puri"}}, {"type": "Feature", "geometry": {"type": "Polygon", "coordinates": [[[85.42628281490178, 19.66288178224937], [85.43585159335456, 19.66288178224937], [85.43585159335456, 19.671864893999278], [85.42628281490178, 19.671864893999278], [85.42628281490178, 19.66288178224937]]]}, "properties": {"depth_m": 3.48, "severity": "Catastrophic", "elevation_m": 0.69, "dist_to_coast_km": 2.4, "district": "Puri"}}, {"type": "Feature", "geometry": {"type": "Polygon", "coordinates": [[[85.43585159335456, 19.66288178224937], [85.4454203718073, 19.66288178224937], [85.4454203718073, 19.671864893999278], [85.43585159335456, 19.671864893999278], [85.43585159335456, 19.66288178224937]]]}, "properties": {"depth_m": 3.63, "severity": "Catastrophic", "elevation_m": 0.61, "dist_to_coast_km": 1.7, "district": "Puri"}}, {"type": "Feature", "geometry": {"type": "Polygon", "coordinates": [[[85.4454203718073, 19.66288178224937], [85.45498915026008, 19.66288178224937], [85.45498915026008, 19.671864893999278], [85.4454203718073, 19.671864893999278], [85.4454203718073, 19.66288178224937]]]}, "properties": {"depth_m": 3.7, "severity": "Catastrophic", "elevation_m": 0.57, "dist_to_coast_km": 1.4, "district": "Puri"}}, {"type": "Feature", "geometry": {"type": "Polygon", "coordinates": [[[85.45498915026008, 19.66288178224937], [85.46455792871282, 19.66288178224937], [85.46455792871282, 19.671864893999278], [85.45498915026008, 19.671864893999278], [85.45498915026008, 19.66288178224937]]]}, "properties": {"depth_m": 3.63, "severity": "Catastrophic", "elevation_m": 0.61, "dist_to_coast_km": 1.7, "district": "Puri"}}, {"type": "Feature", "geometry": {"type": "Polygon", "coordinates": [[[85.46455792871282, 19.66288178224937], [85.4741267071656, 19.66288178224937], [85.4741267071656, 19.671864893999278], [85.46455792871282, 19.671864893999278], [85.46455792871282, 19.66288178224937]]]}, "properties": {"depth_m": 3.47, "severity": "Catastrophic", "elevation_m": 0.7, "dist_to_coast_km": 2.5, "district": "Puri"}}, {"type": "Feature", "geometry": {"type": "Polygon", "coordinates": [[[85.4741267071656, 19.66288178224937], [85.48369548561834, 19.66288178224937], [85.48369548561834, 19.671864893999278], [85.4741267071656, 19.671864893999278], [85.4741267071656, 19.66288178224937]]]}, "properties": {"depth_m": 3.28, "severity": "Catastrophic", "elevation_m": 0.8, "dist_to_coast_km": 3.3, "district": "Puri"}}, {"type": "Feature", "geometry": {"type": "Polygon", "coordinates": [[[85.48369548561834, 19.66288178224937], [85.49326426407112, 19.66288178224937], [85.49326426407112, 19.671864893999278], [85.48369548561834, 19.671864893999278], [85.48369548561834, 19.66288178224937]]]}, "properties": {"depth_m": 3.07, "severity": "Catastrophic", "elevation_m": 0.91, "dist_to_coast_km": 4.3, "district": "Puri"}}, {"type": "Feature", "geometry": {"type": "Polygon", "coordinates": [[[85.49326426407112, 19.66288178224937], [85.50283304252386, 19.66288178224937], [85.50283304252386, 19.671864893999278], [85.49326426407112, 19.671864893999278], [85.49326426407112, 19.66288178224937]]]}, "properties": {"depth_m": 2.86, "severity": "Catastrophic", "elevation_m": 1.03, "dist_to_coast_km": 5.2, "district": "Puri"}}, {"type": "Feature", "geometry": {"type": "Polygon", "coordinates": [[[85.50283304252386, 19.66288178224937], [85.51240182097663, 19.66288178224937], [85.51240182097663, 19.671864893999278], [85.50283304252386, 19.671864893999278], [85.50283304252386, 19.66288178224937]]]}, "properties": {"depth_m": 2.65, "severity": "Catastrophic", "elevation_m": 1.14, "dist_to_coast_km": 6.2, "district": "Puri"}}, {"type": "Feature", "geometry": {"type": "Polygon", "coordinates": [[[85.51240182097663, 19.66288178224937], [85.52197059942938, 19.66288178224937], [85.52197059942938, 19.671864893999278], [85.51240182097663, 19.671864893999278], [85.51240182097663, 19.66288178224937]]]}, "properties": {"depth_m": 2.43, "severity": "Catastrophic", "elevation_m": 1.26, "dist_to_coast_km": 7.2, "district": "Puri"}}, {"type": "Feature", "geometry": {"type": "Polygon", "coordinates": [[[85.52197059942938, 19.66288178224937], [85.53153937788215, 19.66288178224937], [85.53153937788215, 19.671864893999278], [85.52197059942938, 19.671864893999278], [85.52197059942938, 19.66288178224937]]]}, "properties": {"depth_m": 2.22, "severity": "Catastrophic", "elevation_m": 1.38, "dist_to_coast_km": 8.2, "district": "Puri"}}, {"type": "Feature", "geometry": {"type": "Polygon", "coordinates": [[[85.53153937788215, 19.66288178224937], [85.5411081563349, 19.66288178224937], [85.5411081563349, 19.671864893999278], [85.53153937788215, 19.671864893999278], [85.53153937788215, 19.66288178224937]]]}, "properties": {"depth_m": 2.0, "severity": "Catastrophic", "elevation_m": 1.5, "dist_to_coast_km": 9.1, "district": "Puri"}}, {"type": "Feature", "geometry": {"type": "Polygon", "coordinates": [[[85.5411081563349, 19.66288178224937], [85.55067693478767, 19.66288178224937], [85.55067693478767, 19.671864893999278], [85.5411081563349, 19.671864893999278], [85.5411081563349, 19.66288178224937]]]}, "properties": {"depth_m": 1.78, "severity": "Catastrophic", "elevation_m": 1.62, "dist_to_coast_km": 10.1, "district": "Puri"}}, {"type": "Feature", "geometry": {"type": "Polygon", "coordinates": [[[85.55067693478767, 19.66288178224937], [85.56024571324042, 19.66288178224937], [85.56024571324042, 19.671864893999278], [85.55067693478767, 19.671864893999278], [85.55067693478767, 19.66288178224937]]]}, "properties": {"depth_m": 1.56, "severity": "Catastrophic", "elevation_m": 1.74, "dist_to_coast_km": 11.1, "district": "Puri"}}, {"type": "Feature", "geometry": {"type": "Polygon", "coordinates": [[[85.56024571324042, 19.66288178224937], [85.5698144916932, 19.66288178224937], [85.5698144916932, 19.671864893999278], [85.56024571324042, 19.671864893999278], [85.56024571324042, 19.66288178224937]]]}, "properties": {"depth_m": 1.34, "severity": "Severe", "elevation_m": 1.86, "dist_to_coast_km": 12.1, "district": "Puri"}}, {"type": "Feature", "geometry": {"type": "Polygon", "coordinates": [[[85.5698144916932, 19.66288178224937], [85.57938327014594, 19.66288178224937], [85.57938327014594, 19.671864893999278], [85.5698144916932, 19.671864893999278], [85.5698144916932, 19.66288178224937]]]}, "properties": {"depth_m": 1.16, "severity": "Severe", "elevation_m": 1.85, "dist_to_coast_km": 12.1, "district": "Puri"}}, {"type": "Feature", "geometry": {"type": "Polygon", "coordinates": [[[85.57938327014594, 19.66288178224937], [85.58895204859871, 19.66288178224937], [85.58895204859871, 19.671864893999278], [85.57938327014594, 19.671864893999278], [85.57938327014594, 19.66288178224937]]]}, "properties": {"depth_m": 1.29, "severity": "Severe", "elevation_m": 1.78, "dist_to_coast_km": 11.5, "district": "Puri"}}, {"type": "Feature", "geometry": {"type": "Polygon", "coordinates": [[[85.58895204859871, 19.66288178224937], [85.59852082705146, 19.66288178224937], [85.59852082705146, 19.671864893999278], [85.58895204859871, 19.671864893999278], [85.58895204859871, 19.66288178224937]]]}, "properties": {"depth_m": 1.42, "severity": "Severe", "elevation_m": 1.71, "dist_to_coast_km": 10.9, "district": "Puri"}}, {"type": "Feature", "geometry": {"type": "Polygon", "coordinates": [[[85.59852082705146, 19.66288178224937], [85.60808960550423, 19.66288178224937], [85.60808960550423, 19.671864893999278], [85.59852082705146, 19.671864893999278], [85.59852082705146, 19.66288178224937]]]}, "properties": {"depth_m": 1.53, "severity": "Catastrophic", "elevation_m": 1.65, "dist_to_coast_km": 10.4, "district": "Puri"}}, {"type": "Feature", "geometry": {"type": "Polygon", "coordinates": [[[85.60808960550423, 19.66288178224937], [85.61765838395698, 19.66288178224937], [85.61765838395698, 19.671864893999278], [85.60808960550423, 19.671864893999278], [85.60808960550423, 19.66288178224937]]]}, "properties": {"depth_m": 1.63, "severity": "Catastrophic", "elevation_m": 1.6, "dist_to_coast_km": 10.0, "district": "Puri"}}, {"type": "Feature", "geometry": {"type": "Polygon", "coordinates": [[[85.61765838395698, 19.66288178224937], [85.62722716240975, 19.66288178224937], [85.62722716240975, 19.671864893999278], [85.61765838395698, 19.671864893999278], [85.61765838395698, 19.66288178224937]]]}, "properties": {"depth_m": 1.7, "severity": "Catastrophic", "elevation_m": 1.56, "dist_to_coast_km": 9.6, "district": "Puri"}}, {"type": "Feature", "geometry": {"type": "Polygon", "coordinates": [[[85.62722716240975, 19.66288178224937], [85.6367959408625, 19.66288178224937], [85.6367959408625, 19.671864893999278], [85.62722716240975, 19.671864893999278], [85.62722716240975, 19.66288178224937]]]}, "properties": {"depth_m": 1.76, "severity": "Catastrophic", "elevation_m": 1.53, "dist_to_coast_km": 9.4, "district": "Puri"}}, {"type": "Feature", "geometry": {"type": "Polygon", "coordinates": [[[85.6367959408625, 19.66288178224937], [85.64636471931527, 19.66288178224937], [85.64636471931527, 19.671864893999278], [85.6367959408625, 19.671864893999278], [85.6367959408625, 19.66288178224937]]]}, "properties": {"depth_m": 1.79, "severity": "Catastrophic", "elevation_m": 1.51, "dist_to_coast_km": 9.2, "district": "Puri"}}, {"type": "Feature", "geometry": {"type": "Polygon", "coordinates": [[[85.64636471931527, 19.66288178224937], [85.65593349776802, 19.66288178224937], [85.65593349776802, 19.671864893999278], [85.64636471931527, 19.671864893999278], [85.64636471931527, 19.66288178224937]]]}, "properties": {"depth_m": 1.8, "severity": "Catastrophic", "elevation_m": 1.5, "dist_to_coast_km": 9.2, "district": "Puri"}}, {"type": "Feature", "geometry": {"type": "Polygon", "coordinates": [[[85.65593349776802, 19.66288178224937], [85.66550227622079, 19.66288178224937], [85.66550227622079, 19.671864893999278], [85.65593349776802, 19.671864893999278], [85.65593349776802, 19.66288178224937]]]}, "properties": {"depth_m": 1.78, "severity": "Catastrophic", "elevation_m": 1.51, "dist_to_coast_km": 9.3, "district": "Puri"}}, {"type": "Feature", "geometry": {"type": "Polygon", "coordinates": [[[85.66550227622079, 19.66288178224937], [85.67507105467354, 19.66288178224937], [85.67507105467354, 19.671864893999278], [85.66550227622079, 19.671864893999278], [85.66550227622079, 19.66288178224937]]]}, "properties": {"depth_m": 1.75, "severity": "Catastrophic", "elevation_m": 1.53, "dist_to_coast_km": 9.4, "district": "Puri"}}, {"type": "Feature", "geometry": {"type": "Polygon", "coordinates": [[[85.67507105467354, 19.66288178224937], [85.68463983312631, 19.66288178224937], [85.68463983312631, 19.671864893999278], [85.67507105467354, 19.671864893999278], [85.67507105467354, 19.66288178224937]]]}, "properties": {"depth_m": 1.68, "severity": "Catastrophic", "elevation_m": 1.56, "dist_to_coast_km": 9.7, "district": "Puri"}}, {"type": "Feature", "geometry": {"type": "Polygon", "coordinates": [[[85.68463983312631, 19.66288178224937], [85.69420861157906, 19.66288178224937], [85.69420861157906, 19.671864893999278], [85.68463983312631, 19.671864893999278], [85.68463983312631, 19.66288178224937]]]}, "properties": {"depth_m": 1.6, "severity": "Catastrophic", "elevation_m": 1.61, "dist_to_coast_km": 10.1, "district": "Puri"}}, {"type": "Feature", "geometry": {"type": "Polygon", "coordinates": [[[85.69420861157906, 19.66288178224937], [85.70377739003183, 19.66288178224937], [85.70377739003183, 19.671864893999278], [85.69420861157906, 19.671864893999278], [85.69420861157906, 19.66288178224937]]]}, "properties": {"depth_m": 1.51, "severity": "Catastrophic", "elevation_m": 1.66, "dist_to_coast_km": 10.5, "district": "Puri"}}, {"type": "Feature", "geometry": {"type": "Polygon", "coordinates": [[[85.70377739003183, 19.66288178224937], [85.71334616848458, 19.66288178224937], [85.71334616848458, 19.671864893999278], [85.70377739003183, 19.671864893999278], [85.70377739003183, 19.66288178224937]]]}, "properties": {"depth_m": 0.99, "severity": "Severe", "elevation_m": 2.13, "dist_to_coast_km": 11.0, "district": "Puri"}}, {"type": "Feature", "geometry": {"type": "Polygon", "coordinates": [[[85.71334616848458, 19.66288178224937], [85.72291494693735, 19.66288178224937], [85.72291494693735, 19.671864893999278], [85.71334616848458, 19.671864893999278], [85.71334616848458, 19.66288178224937]]]}, "properties": {"depth_m": 0.86, "severity": "Severe", "elevation_m": 2.2, "dist_to_coast_km": 11.6, "district": "Puri"}}, {"type": "Feature", "geometry": {"type": "Polygon", "coordinates": [[[85.72291494693735, 19.66288178224937], [85.7324837253901, 19.66288178224937], [85.7324837253901, 19.671864893999278], [85.72291494693735, 19.671864893999278], [85.72291494693735, 19.66288178224937]]]}, "properties": {"depth_m": 0.72, "severity": "Severe", "elevation_m": 2.27, "dist_to_coast_km": 12.3, "district": "Puri"}}, {"type": "Feature", "geometry": {"type": "Polygon", "coordinates": [[[85.7324837253901, 19.66288178224937], [85.74205250384287, 19.66288178224937], [85.74205250384287, 19.671864893999278], [85.7324837253901, 19.671864893999278], [85.7324837253901, 19.66288178224937]]]}, "properties": {"depth_m": 0.57, "severity": "Moderate (Impassable)", "elevation_m": 2.35, "dist_to_coast_km": 13.0, "district": "Puri"}}, {"type": "Feature", "geometry": {"type": "Polygon", "coordinates": [[[85.74205250384287, 19.66288178224937], [85.75162128229562, 19.66288178224937], [85.75162128229562, 19.671864893999278], [85.74205250384287, 19.671864893999278], [85.74205250384287, 19.66288178224937]]]}, "properties": {"depth_m": 0.41, "severity": "Moderate (Impassable)", "elevation_m": 2.44, "dist_to_coast_km": 13.7, "district": "Puri"}}, {"type": "Feature", "geometry": {"type": "Polygon", "coordinates": [[[85.75162128229562, 19.66288178224937], [85.76119006074839, 19.66288178224937], [85.76119006074839, 19.671864893999278], [85.75162128229562, 19.671864893999278], [85.75162128229562, 19.66288178224937]]]}, "properties": {"depth_m": 0.24, "severity": "Minor", "elevation_m": 2.53, "dist_to_coast_km": 14.4, "district": "Puri"}}, {"type": "Feature", "geometry": {"type": "Polygon", "coordinates": [[[85.2827511381104, 19.671864893999278], [85.29231991656314, 19.671864893999278], [85.29231991656314, 19.68084800574919], [85.2827511381104, 19.68084800574919], [85.2827511381104, 19.671864893999278]]]}, "properties": {"depth_m": 0.27, "severity": "Minor", "elevation_m": 2.44, "dist_to_coast_km": 17.0, "district": "Puri"}}, {"type": "Feature", "geometry": {"type": "Polygon", "coordinates": [[[85.29231991656314, 19.671864893999278], [85.30188869501592, 19.671864893999278], [85.30188869501592, 19.68084800574919], [85.29231991656314, 19.68084800574919], [85.29231991656314, 19.671864893999278]]]}, "properties": {"depth_m": 0.49, "severity": "Moderate (Impassable)", "elevation_m": 2.32, "dist_to_coast_km": 16.0, "district": "Puri"}}, {"type": "Feature", "geometry": {"type": "Polygon", "coordinates": [[[85.30188869501592, 19.671864893999278], [85.31145747346866, 19.671864893999278], [85.31145747346866, 19.68084800574919], [85.30188869501592, 19.68084800574919], [85.30188869501592, 19.671864893999278]]]}, "properties": {"depth_m": 0.71, "severity": "Severe", "elevation_m": 2.2, "dist_to_coast_km": 15.0, "district": "Puri"}}, {"type": "Feature", "geometry": {"type": "Polygon", "coordinates": [[[85.31145747346866, 19.671864893999278], [85.32102625192144, 19.671864893999278], [85.32102625192144, 19.68084800574919], [85.31145747346866, 19.68084800574919], [85.31145747346866, 19.671864893999278]]]}, "properties": {"depth_m": 0.93, "severity": "Severe", "elevation_m": 2.08, "dist_to_coast_km": 14.0, "district": "Puri"}}, {"type": "Feature", "geometry": {"type": "Polygon", "coordinates": [[[85.32102625192144, 19.671864893999278], [85.33059503037418, 19.671864893999278], [85.33059503037418, 19.68084800574919], [85.32102625192144, 19.68084800574919], [85.32102625192144, 19.671864893999278]]]}, "properties": {"depth_m": 1.15, "severity": "Severe", "elevation_m": 1.96, "dist_to_coast_km": 13.0, "district": "Puri"}}, {"type": "Feature", "geometry": {"type": "Polygon", "coordinates": [[[85.33059503037418, 19.671864893999278], [85.34016380882696, 19.671864893999278], [85.34016380882696, 19.68084800574919], [85.33059503037418, 19.68084800574919], [85.33059503037418, 19.671864893999278]]]}, "properties": {"depth_m": 1.37, "severity": "Severe", "elevation_m": 1.84, "dist_to_coast_km": 12.0, "district": "Puri"}}, {"type": "Feature", "geometry": {"type": "Polygon", "coordinates": [[[85.34016380882696, 19.671864893999278], [85.3497325872797, 19.671864893999278], [85.3497325872797, 19.68084800574919], [85.34016380882696, 19.68084800574919], [85.34016380882696, 19.671864893999278]]]}, "properties": {"depth_m": 1.59, "severity": "Catastrophic", "elevation_m": 1.72, "dist_to_coast_km": 11.0, "district": "Puri"}}, {"type": "Feature", "geometry": {"type": "Polygon", "coordinates": [[[85.3497325872797, 19.671864893999278], [85.35930136573248, 19.671864893999278], [85.35930136573248, 19.68084800574919], [85.3497325872797, 19.68084800574919], [85.3497325872797, 19.671864893999278]]]}, "properties": {"depth_m": 1.81, "severity": "Catastrophic", "elevation_m": 1.6, "dist_to_coast_km": 10.0, "district": "Puri"}}, {"type": "Feature", "geometry": {"type": "Polygon", "coordinates": [[[85.35930136573248, 19.671864893999278], [85.36887014418522, 19.671864893999278], [85.36887014418522, 19.68084800574919], [85.35930136573248, 19.68084800574919], [85.35930136573248, 19.671864893999278]]]}, "properties": {"depth_m": 2.03, "severity": "Catastrophic", "elevation_m": 1.48, "dist_to_coast_km": 9.0, "district": "Puri"}}, {"type": "Feature", "geometry": {"type": "Polygon", "coordinates": [[[85.36887014418522, 19.671864893999278], [85.378438922638, 19.671864893999278], [85.378438922638, 19.68084800574919], [85.36887014418522, 19.68084800574919], [85.36887014418522, 19.671864893999278]]]}, "properties": {"depth_m": 2.25, "severity": "Catastrophic", "elevation_m": 1.36, "dist_to_coast_km": 8.0, "district": "Puri"}}, {"type": "Feature", "geometry": {"type": "Polygon", "coordinates": [[[85.378438922638, 19.671864893999278], [85.38800770109074, 19.671864893999278], [85.38800770109074, 19.68084800574919], [85.378438922638, 19.68084800574919], [85.378438922638, 19.671864893999278]]]}, "properties": {"depth_m": 2.47, "severity": "Catastrophic", "elevation_m": 1.24, "dist_to_coast_km": 7.0, "district": "Puri"}}, {"type": "Feature", "geometry": {"type": "Polygon", "coordinates": [[[85.38800770109074, 19.671864893999278], [85.39757647954352, 19.671864893999278], [85.39757647954352, 19.68084800574919], [85.38800770109074, 19.68084800574919], [85.38800770109074, 19.671864893999278]]]}, "properties": {"depth_m": 2.69, "severity": "Catastrophic", "elevation_m": 1.12, "dist_to_coast_km": 6.0, "district": "Puri"}}, {"type": "Feature", "geometry": {"type": "Polygon", "coordinates": [[[85.39757647954352, 19.671864893999278], [85.40714525799626, 19.671864893999278], [85.40714525799626, 19.68084800574919], [85.39757647954352, 19.68084800574919], [85.39757647954352, 19.671864893999278]]]}, "properties": {"depth_m": 2.91, "severity": "Catastrophic", "elevation_m": 1.0, "dist_to_coast_km": 5.0, "district": "Puri"}}, {"type": "Feature", "geometry": {"type": "Polygon", "coordinates": [[[85.40714525799626, 19.671864893999278], [85.41671403644904, 19.671864893999278], [85.41671403644904, 19.68084800574919], [85.40714525799626, 19.68084800574919], [85.40714525799626, 19.671864893999278]]]}, "properties": {"depth_m": 3.13, "severity": "Catastrophic", "elevation_m": 0.88, "dist_to_coast_km": 4.0, "district": "Puri"}}, {"type": "Feature", "geometry": {"type": "Polygon", "coordinates": [[[85.41671403644904, 19.671864893999278], [85.42628281490178, 19.671864893999278], [85.42628281490178, 19.68084800574919], [85.41671403644904, 19.68084800574919], [85.41671403644904, 19.671864893999278]]]}, "properties": {"depth_m": 3.35, "severity": "Catastrophic", "elevation_m": 0.76, "dist_to_coast_km": 3.0, "district": "Puri"}}, {"type": "Feature", "geometry": {"type": "Polygon", "coordinates": [[[85.42628281490178, 19.671864893999278], [85.43585159335456, 19.671864893999278], [85.43585159335456, 19.68084800574919], [85.42628281490178, 19.68084800574919], [85.42628281490178, 19.671864893999278]]]}, "properties": {"depth_m": 3.56, "severity": "Catastrophic", "elevation_m": 0.64, "dist_to_coast_km": 2.0, "district": "Puri"}}, {"type": "Feature", "geometry": {"type": "Polygon", "coordinates": [[[85.43585159335456, 19.671864893999278], [85.4454203718073, 19.671864893999278], [85.4454203718073, 19.68084800574919], [85.43585159335456, 19.68084800574919], [85.43585159335456, 19.671864893999278]]]}, "properties": {"depth_m": 3.78, "severity": "Catastrophic", "elevation_m": 0.53, "dist_to_coast_km": 1.1, "district": "Puri"}}, {"type": "Feature", "geometry": {"type": "Polygon", "coordinates": [[[85.4454203718073, 19.671864893999278], [85.45498915026008, 19.671864893999278], [85.45498915026008, 19.68084800574919], [85.4454203718073, 19.68084800574919], [85.4454203718073, 19.671864893999278]]]}, "properties": {"depth_m": 3.92, "severity": "Catastrophic", "elevation_m": 0.45, "dist_to_coast_km": 0.4, "district": "Puri"}}, {"type": "Feature", "geometry": {"type": "Polygon", "coordinates": [[[85.45498915026008, 19.671864893999278], [85.46455792871282, 19.671864893999278], [85.46455792871282, 19.68084800574919], [85.45498915026008, 19.68084800574919], [85.45498915026008, 19.671864893999278]]]}, "properties": {"depth_m": 3.77, "severity": "Catastrophic", "elevation_m": 0.53, "dist_to_coast_km": 1.1, "district": "Puri"}}, {"type": "Feature", "geometry": {"type": "Polygon", "coordinates": [[[85.46455792871282, 19.671864893999278], [85.4741267071656, 19.671864893999278], [85.4741267071656, 19.68084800574919], [85.46455792871282, 19.68084800574919], [85.46455792871282, 19.671864893999278]]]}, "properties": {"depth_m": 3.56, "severity": "Catastrophic", "elevation_m": 0.65, "dist_to_coast_km": 2.1, "district": "Puri"}}, {"type": "Feature", "geometry": {"type": "Polygon", "coordinates": [[[85.4741267071656, 19.671864893999278], [85.48369548561834, 19.671864893999278], [85.48369548561834, 19.68084800574919], [85.4741267071656, 19.68084800574919], [85.4741267071656, 19.671864893999278]]]}, "properties": {"depth_m": 3.34, "severity": "Catastrophic", "elevation_m": 0.77, "dist_to_coast_km": 3.1, "district": "Puri"}}, {"type": "Feature", "geometry": {"type": "Polygon", "coordinates": [[[85.48369548561834, 19.671864893999278], [85.49326426407112, 19.671864893999278], [85.49326426407112, 19.68084800574919], [85.48369548561834, 19.68084800574919], [85.48369548561834, 19.671864893999278]]]}, "properties": {"depth_m": 3.12, "severity": "Catastrophic", "elevation_m": 0.89, "dist_to_coast_km": 4.0, "district": "Puri"}}, {"type": "Feature", "geometry": {"type": "Polygon", "coordinates": [[[85.49326426407112, 19.671864893999278], [85.50283304252386, 19.671864893999278], [85.50283304252386, 19.68084800574919], [85.49326426407112, 19.68084800574919], [85.49326426407112, 19.671864893999278]]]}, "properties": {"depth_m": 2.9, "severity": "Catastrophic", "elevation_m": 1.01, "dist_to_coast_km": 5.0, "district": "Puri"}}, {"type": "Feature", "geometry": {"type": "Polygon", "coordinates": [[[85.50283304252386, 19.671864893999278], [85.51240182097663, 19.671864893999278], [85.51240182097663, 19.68084800574919], [85.50283304252386, 19.68084800574919], [85.50283304252386, 19.671864893999278]]]}, "properties": {"depth_m": 2.68, "severity": "Catastrophic", "elevation_m": 1.13, "dist_to_coast_km": 6.0, "district": "Puri"}}, {"type": "Feature", "geometry": {"type": "Polygon", "coordinates": [[[85.51240182097663, 19.671864893999278], [85.52197059942938, 19.671864893999278], [85.52197059942938, 19.68084800574919], [85.51240182097663, 19.68084800574919], [85.51240182097663, 19.671864893999278]]]}, "properties": {"depth_m": 2.46, "severity": "Catastrophic", "elevation_m": 1.25, "dist_to_coast_km": 7.0, "district": "Puri"}}, {"type": "Feature", "geometry": {"type": "Polygon", "coordinates": [[[85.52197059942938, 19.671864893999278], [85.53153937788215, 19.671864893999278], [85.53153937788215, 19.68084800574919], [85.52197059942938, 19.68084800574919], [85.52197059942938, 19.671864893999278]]]}, "properties": {"depth_m": 2.24, "severity": "Catastrophic", "elevation_m": 1.37, "dist_to_coast_km": 8.0, "district": "Puri"}}, {"type": "Feature", "geometry": {"type": "Polygon", "coordinates": [[[85.53153937788215, 19.671864893999278], [85.5411081563349, 19.671864893999278], [85.5411081563349, 19.68084800574919], [85.53153937788215, 19.68084800574919], [85.53153937788215, 19.671864893999278]]]}, "properties": {"depth_m": 2.02, "severity": "Catastrophic", "elevation_m": 1.49, "dist_to_coast_km": 9.0, "district": "Puri"}}, {"type": "Feature", "geometry": {"type": "Polygon", "coordinates": [[[85.5411081563349, 19.671864893999278], [85.55067693478767, 19.671864893999278], [85.55067693478767, 19.68084800574919], [85.5411081563349, 19.68084800574919], [85.5411081563349, 19.671864893999278]]]}, "properties": {"depth_m": 1.8, "severity": "Catastrophic", "elevation_m": 1.61, "dist_to_coast_km": 10.0, "district": "Puri"}}, {"type": "Feature", "geometry": {"type": "Polygon", "coordinates": [[[85.55067693478767, 19.671864893999278], [85.56024571324042, 19.671864893999278], [85.56024571324042, 19.68084800574919], [85.55067693478767, 19.68084800574919], [85.55067693478767, 19.671864893999278]]]}, "properties": {"depth_m": 1.58, "severity": "Catastrophic", "elevation_m": 1.73, "dist_to_coast_km": 11.0, "district": "Puri"}}, {"type": "Feature", "geometry": {"type": "Polygon", "coordinates": [[[85.56024571324042, 19.671864893999278], [85.5698144916932, 19.671864893999278], [85.5698144916932, 19.68084800574919], [85.56024571324042, 19.68084800574919], [85.56024571324042, 19.671864893999278]]]}, "properties": {"depth_m": 1.36, "severity": "Severe", "elevation_m": 1.85, "dist_to_coast_km": 12.1, "district": "Puri"}}, {"type": "Feature", "geometry": {"type": "Polygon", "coordinates": [[[85.5698144916932, 19.671864893999278], [85.57938327014594, 19.671864893999278], [85.57938327014594, 19.68084800574919], [85.5698144916932, 19.68084800574919], [85.5698144916932, 19.671864893999278]]]}, "properties": {"depth_m": 1.32, "severity": "Severe", "elevation_m": 1.76, "dist_to_coast_km": 11.4, "district": "Puri"}}, {"type": "Feature", "geometry": {"type": "Polygon", "coordinates": [[[85.57938327014594, 19.671864893999278], [85.58895204859871, 19.671864893999278], [85.58895204859871, 19.68084800574919], [85.57938327014594, 19.68084800574919], [85.57938327014594, 19.671864893999278]]]}, "properties": {"depth_m": 1.47, "severity": "Severe", "elevation_m": 1.68, "dist_to_coast_km": 10.7, "district": "Puri"}}, {"type": "Feature", "geometry": {"type": "Polygon", "coordinates": [[[85.58895204859871, 19.671864893999278], [85.59852082705146, 19.671864893999278], [85.59852082705146, 19.68084800574919], [85.58895204859871, 19.68084800574919], [85.58895204859871, 19.671864893999278]]]}, "properties": {"depth_m": 1.6, "severity": "Catastrophic", "elevation_m": 1.61, "dist_to_coast_km": 10.1, "district": "Puri"}}, {"type": "Feature", "geometry": {"type": "Polygon", "coordinates": [[[85.59852082705146, 19.671864893999278], [85.60808960550423, 19.671864893999278], [85.60808960550423, 19.68084800574919], [85.59852082705146, 19.68084800574919], [85.59852082705146, 19.671864893999278]]]}, "properties": {"depth_m": 1.72, "severity": "Catastrophic", "elevation_m": 1.54, "dist_to_coast_km": 9.5, "district": "Puri"}}, {"type": "Feature", "geometry": {"type": "Polygon", "coordinates": [[[85.60808960550423, 19.671864893999278], [85.61765838395698, 19.671864893999278], [85.61765838395698, 19.68084800574919], [85.60808960550423, 19.68084800574919], [85.60808960550423, 19.671864893999278]]]}, "properties": {"depth_m": 1.83, "severity": "Catastrophic", "elevation_m": 1.49, "dist_to_coast_km": 9.1, "district": "Puri"}}, {"type": "Feature", "geometry": {"type": "Polygon", "coordinates": [[[85.61765838395698, 19.671864893999278], [85.62722716240975, 19.671864893999278], [85.62722716240975, 19.68084800574919], [85.61765838395698, 19.68084800574919], [85.61765838395698, 19.671864893999278]]]}, "properties": {"depth_m": 1.91, "severity": "Catastrophic", "elevation_m": 1.44, "dist_to_coast_km": 8.7, "district": "Puri"}}, {"type": "Feature", "geometry": {"type": "Polygon", "coordinates": [[[85.62722716240975, 19.671864893999278], [85.6367959408625, 19.671864893999278], [85.6367959408625, 19.68084800574919], [85.62722716240975, 19.68084800574919], [85.62722716240975, 19.671864893999278]]]}, "properties": {"depth_m": 1.97, "severity": "Catastrophic", "elevation_m": 1.41, "dist_to_coast_km": 8.4, "district": "Puri"}}, {"type": "Feature", "geometry": {"type": "Polygon", "coordinates": [[[85.6367959408625, 19.671864893999278], [85.64636471931527, 19.671864893999278], [85.64636471931527, 19.68084800574919], [85.6367959408625, 19.68084800574919], [85.6367959408625, 19.671864893999278]]]}, "properties": {"depth_m": 2.01, "severity": "Catastrophic", "elevation_m": 1.39, "dist_to_coast_km": 8.2, "district": "Puri"}}, {"type": "Feature", "geometry": {"type": "Polygon", "coordinates": [[[85.64636471931527, 19.671864893999278], [85.65593349776802, 19.671864893999278], [85.65593349776802, 19.68084800574919], [85.64636471931527, 19.68084800574919], [85.64636471931527, 19.671864893999278]]]}, "properties": {"depth_m": 2.02, "severity": "Catastrophic", "elevation_m": 1.38, "dist_to_coast_km": 8.2, "district": "Puri"}}, {"type": "Feature", "geometry": {"type": "Polygon", "coordinates": [[[85.65593349776802, 19.671864893999278], [85.66550227622079, 19.671864893999278], [85.66550227622079, 19.68084800574919], [85.65593349776802, 19.68084800574919], [85.65593349776802, 19.671864893999278]]]}, "properties": {"depth_m": 2.0, "severity": "Catastrophic", "elevation_m": 1.39, "dist_to_coast_km": 8.3, "district": "Puri"}}, {"type": "Feature", "geometry": {"type": "Polygon", "coordinates": [[[85.66550227622079, 19.671864893999278], [85.67507105467354, 19.671864893999278], [85.67507105467354, 19.68084800574919], [85.66550227622079, 19.68084800574919], [85.66550227622079, 19.671864893999278]]]}, "properties": {"depth_m": 1.96, "severity": "Catastrophic", "elevation_m": 1.42, "dist_to_coast_km": 8.5, "district": "Puri"}}, {"type": "Feature", "geometry": {"type": "Polygon", "coordinates": [[[85.67507105467354, 19.671864893999278], [85.68463983312631, 19.671864893999278], [85.68463983312631, 19.68084800574919], [85.67507105467354, 19.68084800574919], [85.67507105467354, 19.671864893999278]]]}, "properties": {"depth_m": 1.89, "severity": "Catastrophic", "elevation_m": 1.45, "dist_to_coast_km": 8.8, "district": "Puri"}}, {"type": "Feature", "geometry": {"type": "Polygon", "coordinates": [[[85.68463983312631, 19.671864893999278], [85.69420861157906, 19.671864893999278], [85.69420861157906, 19.68084800574919], [85.68463983312631, 19.68084800574919], [85.68463983312631, 19.671864893999278]]]}, "properties": {"depth_m": 1.8, "severity": "Catastrophic", "elevation_m": 1.5, "dist_to_coast_km": 9.2, "district": "Puri"}}, {"type": "Feature", "geometry": {"type": "Polygon", "coordinates": [[[85.69420861157906, 19.671864893999278], [85.70377739003183, 19.671864893999278], [85.70377739003183, 19.68084800574919], [85.69420861157906, 19.68084800574919], [85.69420861157906, 19.671864893999278]]]}, "properties": {"depth_m": 1.69, "severity": "Catastrophic", "elevation_m": 1.56, "dist_to_coast_km": 9.7, "district": "Puri"}}, {"type": "Feature", "geometry": {"type": "Polygon", "coordinates": [[[85.70377739003183, 19.671864893999278], [85.71334616848458, 19.671864893999278], [85.71334616848458, 19.68084800574919], [85.70377739003183, 19.68084800574919], [85.70377739003183, 19.671864893999278]]]}, "properties": {"depth_m": 1.17, "severity": "Severe", "elevation_m": 2.03, "dist_to_coast_km": 10.2, "district": "Puri"}}, {"type": "Feature", "geometry": {"type": "Polygon", "coordinates": [[[85.71334616848458, 19.671864893999278], [85.72291494693735, 19.671864893999278], [85.72291494693735, 19.68084800574919], [85.71334616848458, 19.68084800574919], [85.71334616848458, 19.671864893999278]]]}, "properties": {"depth_m": 1.03, "severity": "Severe", "elevation_m": 2.1, "dist_to_coast_km": 10.9, "district": "Puri"}}, {"type": "Feature", "geometry": {"type": "Polygon", "coordinates": [[[85.72291494693735, 19.671864893999278], [85.7324837253901, 19.671864893999278], [85.7324837253901, 19.68084800574919], [85.72291494693735, 19.68084800574919], [85.72291494693735, 19.671864893999278]]]}, "properties": {"depth_m": 0.88, "severity": "Severe", "elevation_m": 2.18, "dist_to_coast_km": 11.5, "district": "Puri"}}, {"type": "Feature", "geometry": {"type": "Polygon", "coordinates": [[[85.7324837253901, 19.671864893999278], [85.74205250384287, 19.671864893999278], [85.74205250384287, 19.68084800574919], [85.7324837253901, 19.68084800574919], [85.7324837253901, 19.671864893999278]]]}, "properties": {"depth_m": 0.72, "severity": "Severe", "elevation_m": 2.27, "dist_to_coast_km": 12.3, "district": "Puri"}}, {"type": "Feature", "geometry": {"type": "Polygon", "coordinates": [[[85.74205250384287, 19.671864893999278], [85.75162128229562, 19.671864893999278], [85.75162128229562, 19.68084800574919], [85.74205250384287, 19.68084800574919], [85.74205250384287, 19.671864893999278]]]}, "properties": {"depth_m": 0.55, "severity": "Moderate (Impassable)", "elevation_m": 2.36, "dist_to_coast_km": 13.0, "district": "Puri"}}, {"type": "Feature", "geometry": {"type": "Polygon", "coordinates": [[[85.75162128229562, 19.671864893999278], [85.76119006074839, 19.671864893999278], [85.76119006074839, 19.68084800574919], [85.75162128229562, 19.68084800574919], [85.75162128229562, 19.671864893999278]]]}, "properties": {"depth_m": 0.38, "severity": "Moderate (Impassable)", "elevation_m": 2.46, "dist_to_coast_km": 13.8, "district": "Puri"}}, {"type": "Feature", "geometry": {"type": "Polygon", "coordinates": [[[85.76119006074839, 19.671864893999278], [85.77075883920114, 19.671864893999278], [85.77075883920114, 19.68084800574919], [85.76119006074839, 19.68084800574919], [85.76119006074839, 19.671864893999278]]]}, "properties": {"depth_m": 0.2, "severity": "Minor", "elevation_m": 2.56, "dist_to_coast_km": 14.6, "district": "Puri"}}, {"type": "Feature", "geometry": {"type": "Polygon", "coordinates": [[[85.2827511381104, 19.68084800574919], [85.29231991656314, 19.68084800574919], [85.29231991656314, 19.689831117499097], [85.2827511381104, 19.689831117499097], [85.2827511381104, 19.68084800574919]]]}, "properties": {"depth_m": 0.27, "severity": "Minor", "elevation_m": 2.44, "dist_to_coast_km": 17.0, "district": "Puri"}}, {"type": "Feature", "geometry": {"type": "Polygon", "coordinates": [[[85.29231991656314, 19.68084800574919], [85.30188869501592, 19.68084800574919], [85.30188869501592, 19.689831117499097], [85.29231991656314, 19.689831117499097], [85.29231991656314, 19.68084800574919]]]}, "properties": {"depth_m": 0.49, "severity": "Moderate (Impassable)", "elevation_m": 2.32, "dist_to_coast_km": 16.0, "district": "Puri"}}, {"type": "Feature", "geometry": {"type": "Polygon", "coordinates": [[[85.30188869501592, 19.68084800574919], [85.31145747346866, 19.68084800574919], [85.31145747346866, 19.689831117499097], [85.30188869501592, 19.689831117499097], [85.30188869501592, 19.68084800574919]]]}, "properties": {"depth_m": 0.71, "severity": "Severe", "elevation_m": 2.2, "dist_to_coast_km": 15.0, "district": "Puri"}}, {"type": "Feature", "geometry": {"type": "Polygon", "coordinates": [[[85.31145747346866, 19.68084800574919], [85.32102625192144, 19.68084800574919], [85.32102625192144, 19.689831117499097], [85.31145747346866, 19.689831117499097], [85.31145747346866, 19.68084800574919]]]}, "properties": {"depth_m": 0.93, "severity": "Severe", "elevation_m": 2.08, "dist_to_coast_km": 14.0, "district": "Puri"}}, {"type": "Feature", "geometry": {"type": "Polygon", "coordinates": [[[85.32102625192144, 19.68084800574919], [85.33059503037418, 19.68084800574919], [85.33059503037418, 19.689831117499097], [85.32102625192144, 19.689831117499097], [85.32102625192144, 19.68084800574919]]]}, "properties": {"depth_m": 1.15, "severity": "Severe", "elevation_m": 1.96, "dist_to_coast_km": 13.0, "district": "Puri"}}, {"type": "Feature", "geometry": {"type": "Polygon", "coordinates": [[[85.33059503037418, 19.68084800574919], [85.34016380882696, 19.68084800574919], [85.34016380882696, 19.689831117499097], [85.33059503037418, 19.689831117499097], [85.33059503037418, 19.68084800574919]]]}, "properties": {"depth_m": 1.37, "severity": "Severe", "elevation_m": 1.84, "dist_to_coast_km": 12.0, "district": "Puri"}}, {"type": "Feature", "geometry": {"type": "Polygon", "coordinates": [[[85.34016380882696, 19.68084800574919], [85.3497325872797, 19.68084800574919], [85.3497325872797, 19.689831117499097], [85.34016380882696, 19.689831117499097], [85.34016380882696, 19.68084800574919]]]}, "properties": {"depth_m": 1.59, "severity": "Catastrophic", "elevation_m": 1.72, "dist_to_coast_km": 11.0, "district": "Puri"}}, {"type": "Feature", "geometry": {"type": "Polygon", "coordinates": [[[85.3497325872797, 19.68084800574919], [85.35930136573248, 19.68084800574919], [85.35930136573248, 19.689831117499097], [85.3497325872797, 19.689831117499097], [85.3497325872797, 19.68084800574919]]]}, "properties": {"depth_m": 1.81, "severity": "Catastrophic", "elevation_m": 1.6, "dist_to_coast_km": 10.0, "district": "Puri"}}, {"type": "Feature", "geometry": {"type": "Polygon", "coordinates": [[[85.35930136573248, 19.68084800574919], [85.36887014418522, 19.68084800574919], [85.36887014418522, 19.689831117499097], [85.35930136573248, 19.689831117499097], [85.35930136573248, 19.68084800574919]]]}, "properties": {"depth_m": 2.03, "severity": "Catastrophic", "elevation_m": 1.48, "dist_to_coast_km": 9.0, "district": "Puri"}}, {"type": "Feature", "geometry": {"type": "Polygon", "coordinates": [[[85.36887014418522, 19.68084800574919], [85.378438922638, 19.68084800574919], [85.378438922638, 19.689831117499097], [85.36887014418522, 19.689831117499097], [85.36887014418522, 19.68084800574919]]]}, "properties": {"depth_m": 2.25, "severity": "Catastrophic", "elevation_m": 1.36, "dist_to_coast_km": 8.0, "district": "Puri"}}, {"type": "Feature", "geometry": {"type": "Polygon", "coordinates": [[[85.378438922638, 19.68084800574919], [85.38800770109074, 19.68084800574919], [85.38800770109074, 19.689831117499097], [85.378438922638, 19.689831117499097], [85.378438922638, 19.68084800574919]]]}, "properties": {"depth_m": 2.47, "severity": "Catastrophic", "elevation_m": 1.24, "dist_to_coast_km": 7.0, "district": "Puri"}}, {"type": "Feature", "geometry": {"type": "Polygon", "coordinates": [[[85.38800770109074, 19.68084800574919], [85.39757647954352, 19.68084800574919], [85.39757647954352, 19.689831117499097], [85.38800770109074, 19.689831117499097], [85.38800770109074, 19.68084800574919]]]}, "properties": {"depth_m": 2.69, "severity": "Catastrophic", "elevation_m": 1.12, "dist_to_coast_km": 6.0, "district": "Puri"}}, {"type": "Feature", "geometry": {"type": "Polygon", "coordinates": [[[85.39757647954352, 19.68084800574919], [85.40714525799626, 19.68084800574919], [85.40714525799626, 19.689831117499097], [85.39757647954352, 19.689831117499097], [85.39757647954352, 19.68084800574919]]]}, "properties": {"depth_m": 2.9, "severity": "Catastrophic", "elevation_m": 1.0, "dist_to_coast_km": 5.0, "district": "Puri"}}, {"type": "Feature", "geometry": {"type": "Polygon", "coordinates": [[[85.40714525799626, 19.68084800574919], [85.41671403644904, 19.68084800574919], [85.41671403644904, 19.689831117499097], [85.40714525799626, 19.689831117499097], [85.40714525799626, 19.68084800574919]]]}, "properties": {"depth_m": 3.12, "severity": "Catastrophic", "elevation_m": 0.88, "dist_to_coast_km": 4.0, "district": "Puri"}}, {"type": "Feature", "geometry": {"type": "Polygon", "coordinates": [[[85.41671403644904, 19.68084800574919], [85.42628281490178, 19.68084800574919], [85.42628281490178, 19.689831117499097], [85.41671403644904, 19.689831117499097], [85.41671403644904, 19.68084800574919]]]}, "properties": {"depth_m": 3.34, "severity": "Catastrophic", "elevation_m": 0.77, "dist_to_coast_km": 3.0, "district": "Puri"}}, {"type": "Feature", "geometry": {"type": "Polygon", "coordinates": [[[85.42628281490178, 19.68084800574919], [85.43585159335456, 19.68084800574919], [85.43585159335456, 19.689831117499097], [85.42628281490178, 19.689831117499097], [85.42628281490178, 19.68084800574919]]]}, "properties": {"depth_m": 3.55, "severity": "Catastrophic", "elevation_m": 0.65, "dist_to_coast_km": 2.1, "district": "Puri"}}, {"type": "Feature", "geometry": {"type": "Polygon", "coordinates": [[[85.43585159335456, 19.68084800574919], [85.4454203718073, 19.68084800574919], [85.4454203718073, 19.689831117499097], [85.43585159335456, 19.689831117499097], [85.43585159335456, 19.68084800574919]]]}, "properties": {"depth_m": 3.76, "severity": "Catastrophic", "elevation_m": 0.54, "dist_to_coast_km": 1.1, "district": "Puri"}}, {"type": "Feature", "geometry": {"type": "Polygon", "coordinates": [[[85.4454203718073, 19.68084800574919], [85.45498915026008, 19.68084800574919], [85.45498915026008, 19.689831117499097], [85.4454203718073, 19.689831117499097], [85.4454203718073, 19.68084800574919]]]}, "properties": {"depth_m": 3.88, "severity": "Catastrophic", "elevation_m": 0.47, "dist_to_coast_km": 0.6, "district": "Puri"}}, {"type": "Feature", "geometry": {"type": "Polygon", "coordinates": [[[85.45498915026008, 19.68084800574919], [85.46455792871282, 19.68084800574919], [85.46455792871282, 19.689831117499097], [85.45498915026008, 19.689831117499097], [85.45498915026008, 19.68084800574919]]]}, "properties": {"depth_m": 3.75, "severity": "Catastrophic", "elevation_m": 0.54, "dist_to_coast_km": 1.2, "district": "Puri"}}, {"type": "Feature", "geometry": {"type": "Polygon", "coordinates": [[[85.46455792871282, 19.68084800574919], [85.4741267071656, 19.68084800574919], [85.4741267071656, 19.689831117499097], [85.46455792871282, 19.689831117499097], [85.46455792871282, 19.68084800574919]]]}, "properties": {"depth_m": 3.55, "severity": "Catastrophic", "elevation_m": 0.65, "dist_to_coast_km": 2.1, "district": "Puri"}}, {"type": "Feature", "geometry": {"type": "Polygon", "coordinates": [[[85.4741267071656, 19.68084800574919], [85.48369548561834, 19.68084800574919], [85.48369548561834, 19.689831117499097], [85.4741267071656, 19.689831117499097], [85.4741267071656, 19.68084800574919]]]}, "properties": {"depth_m": 3.33, "severity": "Catastrophic", "elevation_m": 0.77, "dist_to_coast_km": 3.1, "district": "Puri"}}, {"type": "Feature", "geometry": {"type": "Polygon", "coordinates": [[[85.48369548561834, 19.68084800574919], [85.49326426407112, 19.68084800574919], [85.49326426407112, 19.689831117499097], [85.48369548561834, 19.689831117499097], [85.48369548561834, 19.68084800574919]]]}, "properties": {"depth_m": 3.11, "severity": "Catastrophic", "elevation_m": 0.89, "dist_to_coast_km": 4.1, "district": "Puri"}}, {"type": "Feature", "geometry": {"type": "Polygon", "coordinates": [[[85.49326426407112, 19.68084800574919], [85.50283304252386, 19.68084800574919], [85.50283304252386, 19.689831117499097], [85.49326426407112, 19.689831117499097], [85.49326426407112, 19.68084800574919]]]}, "properties": {"depth_m": 2.9, "severity": "Catastrophic", "elevation_m": 1.01, "dist_to_coast_km": 5.1, "district": "Puri"}}, {"type": "Feature", "geometry": {"type": "Polygon", "coordinates": [[[85.50283304252386, 19.68084800574919], [85.51240182097663, 19.68084800574919], [85.51240182097663, 19.689831117499097], [85.50283304252386, 19.689831117499097], [85.50283304252386, 19.68084800574919]]]}, "properties": {"depth_m": 2.68, "severity": "Catastrophic", "elevation_m": 1.13, "dist_to_coast_km": 6.1, "district": "Puri"}}, {"type": "Feature", "geometry": {"type": "Polygon", "coordinates": [[[85.51240182097663, 19.68084800574919], [85.52197059942938, 19.68084800574919], [85.52197059942938, 19.689831117499097], [85.51240182097663, 19.689831117499097], [85.51240182097663, 19.68084800574919]]]}, "properties": {"depth_m": 2.46, "severity": "Catastrophic", "elevation_m": 1.25, "dist_to_coast_km": 7.1, "district": "Puri"}}, {"type": "Feature", "geometry": {"type": "Polygon", "coordinates": [[[85.52197059942938, 19.68084800574919], [85.53153937788215, 19.68084800574919], [85.53153937788215, 19.689831117499097], [85.52197059942938, 19.689831117499097], [85.52197059942938, 19.68084800574919]]]}, "properties": {"depth_m": 2.24, "severity": "Catastrophic", "elevation_m": 1.37, "dist_to_coast_km": 8.1, "district": "Puri"}}, {"type": "Feature", "geometry": {"type": "Polygon", "coordinates": [[[85.53153937788215, 19.68084800574919], [85.5411081563349, 19.68084800574919], [85.5411081563349, 19.689831117499097], [85.53153937788215, 19.689831117499097], [85.53153937788215, 19.68084800574919]]]}, "properties": {"depth_m": 2.02, "severity": "Catastrophic", "elevation_m": 1.49, "dist_to_coast_km": 9.1, "district": "Puri"}}, {"type": "Feature", "geometry": {"type": "Polygon", "coordinates": [[[85.5411081563349, 19.68084800574919], [85.55067693478767, 19.68084800574919], [85.55067693478767, 19.689831117499097], [85.5411081563349, 19.689831117499097], [85.5411081563349, 19.68084800574919]]]}, "properties": {"depth_m": 1.8, "severity": "Catastrophic", "elevation_m": 1.61, "dist_to_coast_km": 10.1, "district": "Puri"}}, {"type": "Feature", "geometry": {"type": "Polygon", "coordinates": [[[85.55067693478767, 19.68084800574919], [85.56024571324042, 19.68084800574919], [85.56024571324042, 19.689831117499097], [85.55067693478767, 19.689831117499097], [85.55067693478767, 19.68084800574919]]]}, "properties": {"depth_m": 1.58, "severity": "Catastrophic", "elevation_m": 1.73, "dist_to_coast_km": 11.1, "district": "Puri"}}, {"type": "Feature", "geometry": {"type": "Polygon", "coordinates": [[[85.56024571324042, 19.68084800574919], [85.5698144916932, 19.68084800574919], [85.5698144916932, 19.689831117499097], [85.56024571324042, 19.689831117499097], [85.56024571324042, 19.68084800574919]]]}, "properties": {"depth_m": 1.3, "severity": "Severe", "elevation_m": 1.77, "dist_to_coast_km": 11.4, "district": "Puri"}}, {"type": "Feature", "geometry": {"type": "Polygon", "coordinates": [[[85.5698144916932, 19.68084800574919], [85.57938327014594, 19.68084800574919], [85.57938327014594, 19.689831117499097], [85.5698144916932, 19.689831117499097], [85.5698144916932, 19.68084800574919]]]}, "properties": {"depth_m": 1.47, "severity": "Severe", "elevation_m": 1.68, "dist_to_coast_km": 10.7, "district": "Puri"}}, {"type": "Feature", "geometry": {"type": "Polygon", "coordinates": [[[85.57938327014594, 19.68084800574919], [85.58895204859871, 19.68084800574919], [85.58895204859871, 19.689831117499097], [85.57938327014594, 19.689831117499097], [85.57938327014594, 19.68084800574919]]]}, "properties": {"depth_m": 1.63, "severity": "Catastrophic", "elevation_m": 1.6, "dist_to_coast_km": 10.0, "district": "Puri"}}, {"type": "Feature", "geometry": {"type": "Polygon", "coordinates": [[[85.58895204859871, 19.68084800574919], [85.59852082705146, 19.68084800574919], [85.59852082705146, 19.689831117499097], [85.58895204859871, 19.689831117499097], [85.58895204859871, 19.68084800574919]]]}, "properties": {"depth_m": 1.78, "severity": "Catastrophic", "elevation_m": 1.52, "dist_to_coast_km": 9.3, "district": "Puri"}}, {"type": "Feature", "geometry": {"type": "Polygon", "coordinates": [[[85.59852082705146, 19.68084800574919], [85.60808960550423, 19.68084800574919], [85.60808960550423, 19.689831117499097], [85.59852082705146, 19.689831117499097], [85.59852082705146, 19.68084800574919]]]}, "properties": {"depth_m": 1.91, "severity": "Catastrophic", "elevation_m": 1.44, "dist_to_coast_km": 8.7, "district": "Puri"}}, {"type": "Feature", "geometry": {"type": "Polygon", "coordinates": [[[85.60808960550423, 19.68084800574919], [85.61765838395698, 19.68084800574919], [85.61765838395698, 19.689831117499097], [85.60808960550423, 19.689831117499097], [85.60808960550423, 19.68084800574919]]]}, "properties": {"depth_m": 2.02, "severity": "Catastrophic", "elevation_m": 1.38, "dist_to_coast_km": 8.2, "district": "Puri"}}, {"type": "Feature", "geometry": {"type": "Polygon", "coordinates": [[[85.61765838395698, 19.68084800574919], [85.62722716240975, 19.68084800574919], [85.62722716240975, 19.689831117499097], [85.61765838395698, 19.689831117499097], [85.61765838395698, 19.68084800574919]]]}, "properties": {"depth_m": 2.12, "severity": "Catastrophic", "elevation_m": 1.33, "dist_to_coast_km": 7.7, "district": "Puri"}}, {"type": "Feature", "geometry": {"type": "Polygon", "coordinates": [[[85.62722716240975, 19.68084800574919], [85.6367959408625, 19.68084800574919], [85.6367959408625, 19.689831117499097], [85.62722716240975, 19.689831117499097], [85.62722716240975, 19.68084800574919]]]}, "properties": {"depth_m": 2.18, "severity": "Catastrophic", "elevation_m": 1.29, "dist_to_coast_km": 7.4, "district": "Puri"}}, {"type": "Feature", "geometry": {"type": "Polygon", "coordinates": [[[85.6367959408625, 19.68084800574919], [85.64636471931527, 19.68084800574919], [85.64636471931527, 19.689831117499097], [85.6367959408625, 19.689831117499097], [85.6367959408625, 19.68084800574919]]]}, "properties": {"depth_m": 2.23, "severity": "Catastrophic", "elevation_m": 1.27, "dist_to_coast_km": 7.2, "district": "Puri"}}, {"type": "Feature", "geometry": {"type": "Polygon", "coordinates": [[[85.64636471931527, 19.68084800574919], [85.65593349776802, 19.68084800574919], [85.65593349776802, 19.689831117499097], [85.64636471931527, 19.689831117499097], [85.64636471931527, 19.68084800574919]]]}, "properties": {"depth_m": 2.24, "severity": "Catastrophic", "elevation_m": 1.26, "dist_to_coast_km": 7.2, "district": "Puri"}}, {"type": "Feature", "geometry": {"type": "Polygon", "coordinates": [[[85.65593349776802, 19.68084800574919], [85.66550227622079, 19.68084800574919], [85.66550227622079, 19.689831117499097], [85.65593349776802, 19.689831117499097], [85.65593349776802, 19.68084800574919]]]}, "properties": {"depth_m": 2.22, "severity": "Catastrophic", "elevation_m": 1.27, "dist_to_coast_km": 7.3, "district": "Puri"}}, {"type": "Feature", "geometry": {"type": "Polygon", "coordinates": [[[85.66550227622079, 19.68084800574919], [85.67507105467354, 19.68084800574919], [85.67507105467354, 19.689831117499097], [85.66550227622079, 19.689831117499097], [85.66550227622079, 19.68084800574919]]]}, "properties": {"depth_m": 2.17, "severity": "Catastrophic", "elevation_m": 1.3, "dist_to_coast_km": 7.5, "district": "Puri"}}, {"type": "Feature", "geometry": {"type": "Polygon", "coordinates": [[[85.67507105467354, 19.68084800574919], [85.68463983312631, 19.68084800574919], [85.68463983312631, 19.689831117499097], [85.67507105467354, 19.689831117499097], [85.67507105467354, 19.68084800574919]]]}, "properties": {"depth_m": 2.1, "severity": "Catastrophic", "elevation_m": 1.34, "dist_to_coast_km": 7.8, "district": "Puri"}}, {"type": "Feature", "geometry": {"type": "Polygon", "coordinates": [[[85.68463983312631, 19.68084800574919], [85.69420861157906, 19.68084800574919], [85.69420861157906, 19.689831117499097], [85.68463983312631, 19.689831117499097], [85.68463983312631, 19.68084800574919]]]}, "properties": {"depth_m": 2.0, "severity": "Catastrophic", "elevation_m": 1.39, "dist_to_coast_km": 8.3, "district": "Puri"}}, {"type": "Feature", "geometry": {"type": "Polygon", "coordinates": [[[85.69420861157906, 19.68084800574919], [85.70377739003183, 19.68084800574919], [85.70377739003183, 19.689831117499097], [85.69420861157906, 19.689831117499097], [85.69420861157906, 19.68084800574919]]]}, "properties": {"depth_m": 1.88, "severity": "Catastrophic", "elevation_m": 1.46, "dist_to_coast_km": 8.8, "district": "Puri"}}, {"type": "Feature", "geometry": {"type": "Polygon", "coordinates": [[[85.70377739003183, 19.68084800574919], [85.71334616848458, 19.68084800574919], [85.71334616848458, 19.689831117499097], [85.70377739003183, 19.689831117499097], [85.70377739003183, 19.68084800574919]]]}, "properties": {"depth_m": 1.34, "severity": "Severe", "elevation_m": 1.93, "dist_to_coast_km": 9.4, "district": "Puri"}}, {"type": "Feature", "geometry": {"type": "Polygon", "coordinates": [[[85.71334616848458, 19.68084800574919], [85.72291494693735, 19.68084800574919], [85.72291494693735, 19.689831117499097], [85.71334616848458, 19.689831117499097], [85.71334616848458, 19.68084800574919]]]}, "properties": {"depth_m": 1.19, "severity": "Severe", "elevation_m": 2.02, "dist_to_coast_km": 10.1, "district": "Puri"}}, {"type": "Feature", "geometry": {"type": "Polygon", "coordinates": [[[85.72291494693735, 19.68084800574919], [85.7324837253901, 19.68084800574919], [85.7324837253901, 19.689831117499097], [85.72291494693735, 19.689831117499097], [85.72291494693735, 19.68084800574919]]]}, "properties": {"depth_m": 1.03, "severity": "Severe", "elevation_m": 2.1, "dist_to_coast_km": 10.9, "district": "Puri"}}, {"type": "Feature", "geometry": {"type": "Polygon", "coordinates": [[[85.7324837253901, 19.68084800574919], [85.74205250384287, 19.68084800574919], [85.74205250384287, 19.689831117499097], [85.7324837253901, 19.689831117499097], [85.7324837253901, 19.68084800574919]]]}, "properties": {"depth_m": 0.86, "severity": "Severe", "elevation_m": 2.19, "dist_to_coast_km": 11.6, "district": "Puri"}}, {"type": "Feature", "geometry": {"type": "Polygon", "coordinates": [[[85.74205250384287, 19.68084800574919], [85.75162128229562, 19.68084800574919], [85.75162128229562, 19.689831117499097], [85.74205250384287, 19.689831117499097], [85.74205250384287, 19.68084800574919]]]}, "properties": {"depth_m": 0.69, "severity": "Severe", "elevation_m": 2.29, "dist_to_coast_km": 12.4, "district": "Puri"}}, {"type": "Feature", "geometry": {"type": "Polygon", "coordinates": [[[85.75162128229562, 19.68084800574919], [85.76119006074839, 19.68084800574919], [85.76119006074839, 19.689831117499097], [85.75162128229562, 19.689831117499097], [85.75162128229562, 19.68084800574919]]]}, "properties": {"depth_m": 0.5, "severity": "Moderate (Impassable)", "elevation_m": 2.39, "dist_to_coast_km": 13.3, "district": "Puri"}}, {"type": "Feature", "geometry": {"type": "Polygon", "coordinates": [[[85.76119006074839, 19.68084800574919], [85.77075883920114, 19.68084800574919], [85.77075883920114, 19.689831117499097], [85.76119006074839, 19.689831117499097], [85.76119006074839, 19.68084800574919]]]}, "properties": {"depth_m": 0.32, "severity": "Moderate (Impassable)", "elevation_m": 2.49, "dist_to_coast_km": 14.1, "district": "Puri"}}, {"type": "Feature", "geometry": {"type": "Polygon", "coordinates": [[[85.2827511381104, 19.689831117499097], [85.29231991656314, 19.689831117499097], [85.29231991656314, 19.69881422924901], [85.2827511381104, 19.69881422924901], [85.2827511381104, 19.689831117499097]]]}, "properties": {"depth_m": 0.25, "severity": "Minor", "elevation_m": 2.45, "dist_to_coast_km": 17.1, "district": "Puri"}}, {"type": "Feature", "geometry": {"type": "Polygon", "coordinates": [[[85.29231991656314, 19.689831117499097], [85.30188869501592, 19.689831117499097], [85.30188869501592, 19.69881422924901], [85.29231991656314, 19.69881422924901], [85.29231991656314, 19.689831117499097]]]}, "properties": {"depth_m": 0.47, "severity": "Moderate (Impassable)", "elevation_m": 2.33, "dist_to_coast_km": 16.1, "district": "Puri"}}, {"type": "Feature", "geometry": {"type": "Polygon", "coordinates": [[[85.30188869501592, 19.689831117499097], [85.31145747346866, 19.689831117499097], [85.31145747346866, 19.69881422924901], [85.30188869501592, 19.69881422924901], [85.30188869501592, 19.689831117499097]]]}, "properties": {"depth_m": 0.69, "severity": "Severe", "elevation_m": 2.21, "dist_to_coast_km": 15.1, "district": "Puri"}}, {"type": "Feature", "geometry": {"type": "Polygon", "coordinates": [[[85.31145747346866, 19.689831117499097], [85.32102625192144, 19.689831117499097], [85.32102625192144, 19.69881422924901], [85.31145747346866, 19.69881422924901], [85.31145747346866, 19.689831117499097]]]}, "properties": {"depth_m": 0.91, "severity": "Severe", "elevation_m": 2.09, "dist_to_coast_km": 14.1, "district": "Puri"}}, {"type": "Feature", "geometry": {"type": "Polygon", "coordinates": [[[85.32102625192144, 19.689831117499097], [85.33059503037418, 19.689831117499097], [85.33059503037418, 19.69881422924901], [85.32102625192144, 19.69881422924901], [85.32102625192144, 19.689831117499097]]]}, "properties": {"depth_m": 1.13, "severity": "Severe", "elevation_m": 1.97, "dist_to_coast_km": 13.1, "district": "Puri"}}, {"type": "Feature", "geometry": {"type": "Polygon", "coordinates": [[[85.33059503037418, 19.689831117499097], [85.34016380882696, 19.689831117499097], [85.34016380882696, 19.69881422924901], [85.33059503037418, 19.69881422924901], [85.33059503037418, 19.689831117499097]]]}, "properties": {"depth_m": 1.35, "severity": "Severe", "elevation_m": 1.85, "dist_to_coast_km": 12.1, "district": "Puri"}}, {"type": "Feature", "geometry": {"type": "Polygon", "coordinates": [[[85.34016380882696, 19.689831117499097], [85.3497325872797, 19.689831117499097], [85.3497325872797, 19.69881422924901], [85.34016380882696, 19.69881422924901], [85.34016380882696, 19.689831117499097]]]}, "properties": {"depth_m": 1.57, "severity": "Catastrophic", "elevation_m": 1.73, "dist_to_coast_km": 11.1, "district": "Puri"}}, {"type": "Feature", "geometry": {"type": "Polygon", "coordinates": [[[85.3497325872797, 19.689831117499097], [85.35930136573248, 19.689831117499097], [85.35930136573248, 19.69881422924901], [85.3497325872797, 19.69881422924901], [85.3497325872797, 19.689831117499097]]]}, "properties": {"depth_m": 1.78, "severity": "Catastrophic", "elevation_m": 1.61, "dist_to_coast_km": 10.1, "district": "Puri"}}, {"type": "Feature", "geometry": {"type": "Polygon", "coordinates": [[[85.35930136573248, 19.689831117499097], [85.36887014418522, 19.689831117499097], [85.36887014418522, 19.69881422924901], [85.35930136573248, 19.69881422924901], [85.35930136573248, 19.689831117499097]]]}, "properties": {"depth_m": 2.0, "severity": "Catastrophic", "elevation_m": 1.5, "dist_to_coast_km": 9.1, "district": "Puri"}}, {"type": "Feature", "geometry": {"type": "Polygon", "coordinates": [[[85.36887014418522, 19.689831117499097], [85.378438922638, 19.689831117499097], [85.378438922638, 19.69881422924901], [85.36887014418522, 19.69881422924901], [85.36887014418522, 19.689831117499097]]]}, "properties": {"depth_m": 2.22, "severity": "Catastrophic", "elevation_m": 1.38, "dist_to_coast_km": 8.2, "district": "Puri"}}, {"type": "Feature", "geometry": {"type": "Polygon", "coordinates": [[[85.378438922638, 19.689831117499097], [85.38800770109074, 19.689831117499097], [85.38800770109074, 19.69881422924901], [85.378438922638, 19.69881422924901], [85.378438922638, 19.689831117499097]]]}, "properties": {"depth_m": 2.43, "severity": "Catastrophic", "elevation_m": 1.26, "dist_to_coast_km": 7.2, "district": "Puri"}}, {"type": "Feature", "geometry": {"type": "Polygon", "coordinates": [[[85.38800770109074, 19.689831117499097], [85.39757647954352, 19.689831117499097], [85.39757647954352, 19.69881422924901], [85.38800770109074, 19.69881422924901], [85.38800770109074, 19.689831117499097]]]}, "properties": {"depth_m": 2.65, "severity": "Catastrophic", "elevation_m": 1.14, "dist_to_coast_km": 6.2, "district": "Puri"}}, {"type": "Feature", "geometry": {"type": "Polygon", "coordinates": [[[85.39757647954352, 19.689831117499097], [85.40714525799626, 19.689831117499097], [85.40714525799626, 19.69881422924901], [85.39757647954352, 19.69881422924901], [85.39757647954352, 19.689831117499097]]]}, "properties": {"depth_m": 2.86, "severity": "Catastrophic", "elevation_m": 1.03, "dist_to_coast_km": 5.2, "district": "Puri"}}, {"type": "Feature", "geometry": {"type": "Polygon", "coordinates": [[[85.40714525799626, 19.689831117499097], [85.41671403644904, 19.689831117499097], [85.41671403644904, 19.69881422924901], [85.40714525799626, 19.69881422924901], [85.40714525799626, 19.689831117499097]]]}, "properties": {"depth_m": 3.07, "severity": "Catastrophic", "elevation_m": 0.92, "dist_to_coast_km": 4.3, "district": "Puri"}}, {"type": "Feature", "geometry": {"type": "Polygon", "coordinates": [[[85.41671403644904, 19.689831117499097], [85.42628281490178, 19.689831117499097], [85.42628281490178, 19.69881422924901], [85.41671403644904, 19.69881422924901], [85.41671403644904, 19.689831117499097]]]}, "properties": {"depth_m": 3.27, "severity": "Catastrophic", "elevation_m": 0.81, "dist_to_coast_km": 3.4, "district": "Puri"}}, {"type": "Feature", "geometry": {"type": "Polygon", "coordinates": [[[85.42628281490178, 19.689831117499097], [85.43585159335456, 19.689831117499097], [85.43585159335456, 19.69881422924901], [85.42628281490178, 19.69881422924901], [85.42628281490178, 19.689831117499097]]]}, "properties": {"depth_m": 3.45, "severity": "Catastrophic", "elevation_m": 0.71, "dist_to_coast_km": 2.5, "district": "Puri"}}, {"type": "Feature", "geometry": {"type": "Polygon", "coordinates": [[[85.43585159335456, 19.689831117499097], [85.4454203718073, 19.689831117499097], [85.4454203718073, 19.69881422924901], [85.43585159335456, 19.69881422924901], [85.43585159335456, 19.689831117499097]]]}, "properties": {"depth_m": 3.6, "severity": "Catastrophic", "elevation_m": 0.62, "dist_to_coast_km": 1.9, "district": "Puri"}}, {"type": "Feature", "geometry": {"type": "Polygon", "coordinates": [[[85.4454203718073, 19.689831117499097], [85.45498915026008, 19.689831117499097], [85.45498915026008, 19.69881422924901], [85.4454203718073, 19.69881422924901], [85.4454203718073, 19.689831117499097]]]}, "properties": {"depth_m": 3.66, "severity": "Catastrophic", "elevation_m": 0.59, "dist_to_coast_km": 1.6, "district": "Puri"}}, {"type": "Feature", "geometry": {"type": "Polygon", "coordinates": [[[85.45498915026008, 19.689831117499097], [85.46455792871282, 19.689831117499097], [85.46455792871282, 19.69881422924901], [85.45498915026008, 19.69881422924901], [85.45498915026008, 19.689831117499097]]]}, "properties": {"depth_m": 3.59, "severity": "Catastrophic", "elevation_m": 0.63, "dist_to_coast_km": 1.9, "district": "Puri"}}, {"type": "Feature", "geometry": {"type": "Polygon", "coordinates": [[[85.46455792871282, 19.689831117499097], [85.4741267071656, 19.689831117499097], [85.4741267071656, 19.69881422924901], [85.46455792871282, 19.69881422924901], [85.46455792871282, 19.689831117499097]]]}, "properties": {"depth_m": 3.44, "severity": "Catastrophic", "elevation_m": 0.71, "dist_to_coast_km": 2.6, "district": "Puri"}}, {"type": "Feature", "geometry": {"type": "Polygon", "coordinates": [[[85.4741267071656, 19.689831117499097], [85.48369548561834, 19.689831117499097], [85.48369548561834, 19.69881422924901], [85.4741267071656, 19.69881422924901], [85.4741267071656, 19.689831117499097]]]}, "properties": {"depth_m": 3.26, "severity": "Catastrophic", "elevation_m": 0.81, "dist_to_coast_km": 3.4, "district": "Puri"}}, {"type": "Feature", "geometry": {"type": "Polygon", "coordinates": [[[85.48369548561834, 19.689831117499097], [85.49326426407112, 19.689831117499097], [85.49326426407112, 19.69881422924901], [85.48369548561834, 19.69881422924901], [85.48369548561834, 19.689831117499097]]]}, "properties": {"depth_m": 3.06, "severity": "Catastrophic", "elevation_m": 0.92, "dist_to_coast_km": 4.3, "district": "Puri"}}, {"type": "Feature", "geometry": {"type": "Polygon", "coordinates": [[[85.49326426407112, 19.689831117499097], [85.50283304252386, 19.689831117499097], [85.50283304252386, 19.69881422924901], [85.49326426407112, 19.69881422924901], [85.49326426407112, 19.689831117499097]]]}, "properties": {"depth_m": 2.85, "severity": "Catastrophic", "elevation_m": 1.03, "dist_to_coast_km": 5.3, "district": "Puri"}}, {"type": "Feature", "geometry": {"type": "Polygon", "coordinates": [[[85.50283304252386, 19.689831117499097], [85.51240182097663, 19.689831117499097], [85.51240182097663, 19.69881422924901], [85.50283304252386, 19.69881422924901], [85.50283304252386, 19.689831117499097]]]}, "properties": {"depth_m": 2.64, "severity": "Catastrophic", "elevation_m": 1.15, "dist_to_coast_km": 6.2, "district": "Puri"}}, {"type": "Feature", "geometry": {"type": "Polygon", "coordinates": [[[85.51240182097663, 19.689831117499097], [85.52197059942938, 19.689831117499097], [85.52197059942938, 19.69881422924901], [85.51240182097663, 19.69881422924901], [85.51240182097663, 19.689831117499097]]]}, "properties": {"depth_m": 2.42, "severity": "Catastrophic", "elevation_m": 1.27, "dist_to_coast_km": 7.2, "district": "Puri"}}, {"type": "Feature", "geometry": {"type": "Polygon", "coordinates": [[[85.52197059942938, 19.689831117499097], [85.53153937788215, 19.689831117499097], [85.53153937788215, 19.69881422924901], [85.52197059942938, 19.69881422924901], [85.52197059942938, 19.689831117499097]]]}, "properties": {"depth_m": 2.21, "severity": "Catastrophic", "elevation_m": 1.38, "dist_to_coast_km": 8.2, "district": "Puri"}}, {"type": "Feature", "geometry": {"type": "Polygon", "coordinates": [[[85.53153937788215, 19.689831117499097], [85.5411081563349, 19.689831117499097], [85.5411081563349, 19.69881422924901], [85.53153937788215, 19.69881422924901], [85.53153937788215, 19.689831117499097]]]}, "properties": {"depth_m": 1.99, "severity": "Catastrophic", "elevation_m": 1.5, "dist_to_coast_km": 9.2, "district": "Puri"}}, {"type": "Feature", "geometry": {"type": "Polygon", "coordinates": [[[85.5411081563349, 19.689831117499097], [85.55067693478767, 19.689831117499097], [85.55067693478767, 19.69881422924901], [85.5411081563349, 19.69881422924901], [85.5411081563349, 19.689831117499097]]]}, "properties": {"depth_m": 1.77, "severity": "Catastrophic", "elevation_m": 1.62, "dist_to_coast_km": 10.2, "district": "Puri"}}, {"type": "Feature", "geometry": {"type": "Polygon", "coordinates": [[[85.55067693478767, 19.689831117499097], [85.56024571324042, 19.689831117499097], [85.56024571324042, 19.69881422924901], [85.55067693478767, 19.69881422924901], [85.55067693478767, 19.689831117499097]]]}, "properties": {"depth_m": 1.56, "severity": "Catastrophic", "elevation_m": 1.74, "dist_to_coast_km": 11.2, "district": "Puri"}}, {"type": "Feature", "geometry": {"type": "Polygon", "coordinates": [[[85.56024571324042, 19.689831117499097], [85.5698144916932, 19.689831117499097], [85.5698144916932, 19.69881422924901], [85.56024571324042, 19.69881422924901], [85.56024571324042, 19.689831117499097]]]}, "properties": {"depth_m": 1.44, "severity": "Severe", "elevation_m": 1.7, "dist_to_coast_km": 10.8, "district": "Puri"}}, {"type": "Feature", "geometry": {"type": "Polygon", "coordinates": [[[85.5698144916932, 19.689831117499097], [85.57938327014594, 19.689831117499097], [85.57938327014594, 19.69881422924901], [85.5698144916932, 19.69881422924901], [85.5698144916932, 19.689831117499097]]]}, "properties": {"depth_m": 1.61, "severity": "Catastrophic", "elevation_m": 1.6, "dist_to_coast_km": 10.0, "district": "Puri"}}, {"type": "Feature", "geometry": {"type": "Polygon", "coordinates": [[[85.57938327014594, 19.689831117499097], [85.58895204859871, 19.689831117499097], [85.58895204859871, 19.69881422924901], [85.57938327014594, 19.69881422924901], [85.57938327014594, 19.689831117499097]]]}, "properties": {"depth_m": 1.78, "severity": "Catastrophic", "elevation_m": 1.51, "dist_to_coast_km": 9.3, "district": "Puri"}}, {"type": "Feature", "geometry": {"type": "Polygon", "coordinates": [[[85.58895204859871, 19.689831117499097], [85.59852082705146, 19.689831117499097], [85.59852082705146, 19.69881422924901], [85.58895204859871, 19.69881422924901], [85.58895204859871, 19.689831117499097]]]}, "properties": {"depth_m": 1.94, "severity": "Catastrophic", "elevation_m": 1.43, "dist_to_coast_km": 8.5, "district": "Puri"}}, {"type": "Feature", "geometry": {"type": "Polygon", "coordinates": [[[85.59852082705146, 19.689831117499097], [85.60808960550423, 19.689831117499097], [85.60808960550423, 19.69881422924901], [85.59852082705146, 19.69881422924901], [85.59852082705146, 19.689831117499097]]]}, "properties": {"depth_m": 2.08, "severity": "Catastrophic", "elevation_m": 1.35, "dist_to_coast_km": 7.9, "district": "Puri"}}, {"type": "Feature", "geometry": {"type": "Polygon", "coordinates": [[[85.60808960550423, 19.689831117499097], [85.61765838395698, 19.689831117499097], [85.61765838395698, 19.69881422924901], [85.60808960550423, 19.69881422924901], [85.60808960550423, 19.689831117499097]]]}, "properties": {"depth_m": 2.21, "severity": "Catastrophic", "elevation_m": 1.28, "dist_to_coast_km": 7.3, "district": "Puri"}}, {"type": "Feature", "geometry": {"type": "Polygon", "coordinates": [[[85.61765838395698, 19.689831117499097], [85.62722716240975, 19.689831117499097], [85.62722716240975, 19.69881422924901], [85.61765838395698, 19.69881422924901], [85.61765838395698, 19.689831117499097]]]}, "properties": {"depth_m": 2.32, "severity": "Catastrophic", "elevation_m": 1.22, "dist_to_coast_km": 6.8, "district": "Puri"}}, {"type": "Feature", "geometry": {"type": "Polygon", "coordinates": [[[85.62722716240975, 19.689831117499097], [85.6367959408625, 19.689831117499097], [85.6367959408625, 19.69881422924901], [85.62722716240975, 19.69881422924901], [85.62722716240975, 19.689831117499097]]]}, "properties": {"depth_m": 2.4, "severity": "Catastrophic", "elevation_m": 1.18, "dist_to_coast_km": 6.5, "district": "Puri"}}, {"type": "Feature", "geometry": {"type": "Polygon", "coordinates": [[[85.6367959408625, 19.689831117499097], [85.64636471931527, 19.689831117499097], [85.64636471931527, 19.69881422924901], [85.6367959408625, 19.69881422924901], [85.6367959408625, 19.689831117499097]]]}, "properties": {"depth_m": 2.44, "severity": "Catastrophic", "elevation_m": 1.15, "dist_to_coast_km": 6.3, "district": "Puri"}}, {"type": "Feature", "geometry": {"type": "Polygon", "coordinates": [[[85.64636471931527, 19.689831117499097], [85.65593349776802, 19.689831117499097], [85.65593349776802, 19.69881422924901], [85.64636471931527, 19.69881422924901], [85.64636471931527, 19.689831117499097]]]}, "properties": {"depth_m": 2.46, "severity": "Catastrophic", "elevation_m": 1.14, "dist_to_coast_km": 6.2, "district": "Puri"}}, {"type": "Feature", "geometry": {"type": "Polygon", "coordinates": [[[85.65593349776802, 19.689831117499097], [85.66550227622079, 19.689831117499097], [85.66550227622079, 19.69881422924901], [85.65593349776802, 19.69881422924901], [85.65593349776802, 19.689831117499097]]]}, "properties": {"depth_m": 2.44, "severity": "Catastrophic", "elevation_m": 1.16, "dist_to_coast_km": 6.3, "district": "Puri"}}, {"type": "Feature", "geometry": {"type": "Polygon", "coordinates": [[[85.66550227622079, 19.689831117499097], [85.67507105467354, 19.689831117499097], [85.67507105467354, 19.69881422924901], [85.66550227622079, 19.69881422924901], [85.66550227622079, 19.689831117499097]]]}, "properties": {"depth_m": 2.38, "severity": "Catastrophic", "elevation_m": 1.19, "dist_to_coast_km": 6.5, "district": "Puri"}}, {"type": "Feature", "geometry": {"type": "Polygon", "coordinates": [[[85.67507105467354, 19.689831117499097], [85.68463983312631, 19.689831117499097], [85.68463983312631, 19.69881422924901], [85.67507105467354, 19.69881422924901], [85.67507105467354, 19.689831117499097]]]}, "properties": {"depth_m": 2.29, "severity": "Catastrophic", "elevation_m": 1.23, "dist_to_coast_km": 6.9, "district": "Puri"}}, {"type": "Feature", "geometry": {"type": "Polygon", "coordinates": [[[85.68463983312631, 19.689831117499097], [85.69420861157906, 19.689831117499097], [85.69420861157906, 19.69881422924901], [85.68463983312631, 19.69881422924901], [85.68463983312631, 19.689831117499097]]]}, "properties": {"depth_m": 2.18, "severity": "Catastrophic", "elevation_m": 1.29, "dist_to_coast_km": 7.4, "district": "Puri"}}, {"type": "Feature", "geometry": {"type": "Polygon", "coordinates": [[[85.69420861157906, 19.689831117499097], [85.70377739003183, 19.689831117499097], [85.70377739003183, 19.69881422924901], [85.69420861157906, 19.69881422924901], [85.69420861157906, 19.689831117499097]]]}, "properties": {"depth_m": 2.05, "severity": "Catastrophic", "elevation_m": 1.36, "dist_to_coast_km": 8.0, "district": "Puri"}}, {"type": "Feature", "geometry": {"type": "Polygon", "coordinates": [[[85.70377739003183, 19.689831117499097], [85.71334616848458, 19.689831117499097], [85.71334616848458, 19.69881422924901], [85.70377739003183, 19.69881422924901], [85.70377739003183, 19.689831117499097]]]}, "properties": {"depth_m": 1.5, "severity": "Catastrophic", "elevation_m": 1.85, "dist_to_coast_km": 8.7, "district": "Puri"}}, {"type": "Feature", "geometry": {"type": "Polygon", "coordinates": [[[85.71334616848458, 19.689831117499097], [85.72291494693735, 19.689831117499097], [85.72291494693735, 19.69881422924901], [85.71334616848458, 19.69881422924901], [85.71334616848458, 19.689831117499097]]]}, "properties": {"depth_m": 1.34, "severity": "Severe", "elevation_m": 1.93, "dist_to_coast_km": 9.4, "district": "Puri"}}, {"type": "Feature", "geometry": {"type": "Polygon", "coordinates": [[[85.72291494693735, 19.689831117499097], [85.7324837253901, 19.689831117499097], [85.7324837253901, 19.69881422924901], [85.72291494693735, 19.69881422924901], [85.72291494693735, 19.689831117499097]]]}, "properties": {"depth_m": 1.17, "severity": "Severe", "elevation_m": 2.03, "dist_to_coast_km": 10.2, "district": "Puri"}}, {"type": "Feature", "geometry": {"type": "Polygon", "coordinates": [[[85.7324837253901, 19.689831117499097], [85.74205250384287, 19.689831117499097], [85.74205250384287, 19.69881422924901], [85.7324837253901, 19.69881422924901], [85.7324837253901, 19.689831117499097]]]}, "properties": {"depth_m": 0.99, "severity": "Severe", "elevation_m": 2.12, "dist_to_coast_km": 11.0, "district": "Puri"}}, {"type": "Feature", "geometry": {"type": "Polygon", "coordinates": [[[85.74205250384287, 19.689831117499097], [85.75162128229562, 19.689831117499097], [85.75162128229562, 19.69881422924901], [85.74205250384287, 19.69881422924901], [85.74205250384287, 19.689831117499097]]]}, "properties": {"depth_m": 0.81, "severity": "Severe", "elevation_m": 2.23, "dist_to_coast_km": 11.9, "district": "Puri"}}, {"type": "Feature", "geometry": {"type": "Polygon", "coordinates": [[[85.75162128229562, 19.689831117499097], [85.76119006074839, 19.689831117499097], [85.76119006074839, 19.69881422924901], [85.75162128229562, 19.69881422924901], [85.75162128229562, 19.689831117499097]]]}, "properties": {"depth_m": 0.62, "severity": "Severe", "elevation_m": 2.33, "dist_to_coast_km": 12.7, "district": "Puri"}}, {"type": "Feature", "geometry": {"type": "Polygon", "coordinates": [[[85.2827511381104, 19.69881422924901], [85.29231991656314, 19.69881422924901], [85.29231991656314, 19.707797340998916], [85.2827511381104, 19.707797340998916], [85.2827511381104, 19.69881422924901]]]}, "properties": {"depth_m": 0.22, "severity": "Minor", "elevation_m": 2.46, "dist_to_coast_km": 17.2, "district": "Puri"}}, {"type": "Feature", "geometry": {"type": "Polygon", "coordinates": [[[85.29231991656314, 19.69881422924901], [85.30188869501592, 19.69881422924901], [85.30188869501592, 19.707797340998916], [85.29231991656314, 19.707797340998916], [85.29231991656314, 19.69881422924901]]]}, "properties": {"depth_m": 0.44, "severity": "Moderate (Impassable)", "elevation_m": 2.35, "dist_to_coast_km": 16.2, "district": "Puri"}}, {"type": "Feature", "geometry": {"type": "Polygon", "coordinates": [[[85.30188869501592, 19.69881422924901], [85.31145747346866, 19.69881422924901], [85.31145747346866, 19.707797340998916], [85.30188869501592, 19.707797340998916], [85.30188869501592, 19.69881422924901]]]}, "properties": {"depth_m": 0.66, "severity": "Severe", "elevation_m": 2.23, "dist_to_coast_km": 15.2, "district": "Puri"}}, {"type": "Feature", "geometry": {"type": "Polygon", "coordinates": [[[85.31145747346866, 19.69881422924901], [85.32102625192144, 19.69881422924901], [85.32102625192144, 19.707797340998916], [85.31145747346866, 19.707797340998916], [85.31145747346866, 19.69881422924901]]]}, "properties": {"depth_m": 0.88, "severity": "Severe", "elevation_m": 2.11, "dist_to_coast_km": 14.2, "district": "Puri"}}, {"type": "Feature", "geometry": {"type": "Polygon", "coordinates": [[[85.32102625192144, 19.69881422924901], [85.33059503037418, 19.69881422924901], [85.33059503037418, 19.707797340998916], [85.32102625192144, 19.707797340998916], [85.32102625192144, 19.69881422924901]]]}, "properties": {"depth_m": 1.09, "severity": "Severe", "elevation_m": 1.99, "dist_to_coast_km": 13.3, "district": "Puri"}}, {"type": "Feature", "geometry": {"type": "Polygon", "coordinates": [[[85.33059503037418, 19.69881422924901], [85.34016380882696, 19.69881422924901], [85.34016380882696, 19.707797340998916], [85.33059503037418, 19.707797340998916], [85.33059503037418, 19.69881422924901]]]}, "properties": {"depth_m": 1.31, "severity": "Severe", "elevation_m": 1.87, "dist_to_coast_km": 12.3, "district": "Puri"}}, {"type": "Feature", "geometry": {"type": "Polygon", "coordinates": [[[85.34016380882696, 19.69881422924901], [85.3497325872797, 19.69881422924901], [85.3497325872797, 19.707797340998916], [85.34016380882696, 19.707797340998916], [85.34016380882696, 19.69881422924901]]]}, "properties": {"depth_m": 1.52, "severity": "Catastrophic", "elevation_m": 1.76, "dist_to_coast_km": 11.3, "district": "Puri"}}, {"type": "Feature", "geometry": {"type": "Polygon", "coordinates": [[[85.3497325872797, 19.69881422924901], [85.35930136573248, 19.69881422924901], [85.35930136573248, 19.707797340998916], [85.3497325872797, 19.707797340998916], [85.3497325872797, 19.69881422924901]]]}, "properties": {"depth_m": 1.74, "severity": "Catastrophic", "elevation_m": 1.64, "dist_to_coast_km": 10.3, "district": "Puri"}}, {"type": "Feature", "geometry": {"type": "Polygon", "coordinates": [[[85.35930136573248, 19.69881422924901], [85.36887014418522, 19.69881422924901], [85.36887014418522, 19.707797340998916], [85.35930136573248, 19.707797340998916], [85.35930136573248, 19.69881422924901]]]}, "properties": {"depth_m": 1.95, "severity": "Catastrophic", "elevation_m": 1.52, "dist_to_coast_km": 9.4, "district": "Puri"}}, {"type": "Feature", "geometry": {"type": "Polygon", "coordinates": [[[85.36887014418522, 19.69881422924901], [85.378438922638, 19.69881422924901], [85.378438922638, 19.707797340998916], [85.36887014418522, 19.707797340998916], [85.36887014418522, 19.69881422924901]]]}, "properties": {"depth_m": 2.16, "severity": "Catastrophic", "elevation_m": 1.41, "dist_to_coast_km": 8.4, "district": "Puri"}}, {"type": "Feature", "geometry": {"type": "Polygon", "coordinates": [[[85.378438922638, 19.69881422924901], [85.38800770109074, 19.69881422924901], [85.38800770109074, 19.707797340998916], [85.378438922638, 19.707797340998916], [85.378438922638, 19.69881422924901]]]}, "properties": {"depth_m": 2.37, "severity": "Catastrophic", "elevation_m": 1.29, "dist_to_coast_km": 7.5, "district": "Puri"}}, {"type": "Feature", "geometry": {"type": "Polygon", "coordinates": [[[85.38800770109074, 19.69881422924901], [85.39757647954352, 19.69881422924901], [85.39757647954352, 19.707797340998916], [85.38800770109074, 19.707797340998916], [85.38800770109074, 19.69881422924901]]]}, "properties": {"depth_m": 2.57, "severity": "Catastrophic", "elevation_m": 1.18, "dist_to_coast_km": 6.5, "district": "Puri"}}, {"type": "Feature", "geometry": {"type": "Polygon", "coordinates": [[[85.39757647954352, 19.69881422924901], [85.40714525799626, 19.69881422924901], [85.40714525799626, 19.707797340998916], [85.39757647954352, 19.707797340998916], [85.39757647954352, 19.69881422924901]]]}, "properties": {"depth_m": 2.77, "severity": "Catastrophic", "elevation_m": 1.07, "dist_to_coast_km": 5.6, "district": "Puri"}}, {"type": "Feature", "geometry": {"type": "Polygon", "coordinates": [[[85.40714525799626, 19.69881422924901], [85.41671403644904, 19.69881422924901], [85.41671403644904, 19.707797340998916], [85.40714525799626, 19.707797340998916], [85.40714525799626, 19.69881422924901]]]}, "properties": {"depth_m": 2.96, "severity": "Catastrophic", "elevation_m": 0.97, "dist_to_coast_km": 4.8, "district": "Puri"}}, {"type": "Feature", "geometry": {"type": "Polygon", "coordinates": [[[85.41671403644904, 19.69881422924901], [85.42628281490178, 19.69881422924901], [85.42628281490178, 19.707797340998916], [85.41671403644904, 19.707797340998916], [85.41671403644904, 19.69881422924901]]]}, "properties": {"depth_m": 3.14, "severity": "Catastrophic", "elevation_m": 0.87, "dist_to_coast_km": 4.0, "district": "Puri"}}, {"type": "Feature", "geometry": {"type": "Polygon", "coordinates": [[[85.42628281490178, 19.69881422924901], [85.43585159335456, 19.69881422924901], [85.43585159335456, 19.707797340998916], [85.42628281490178, 19.707797340998916], [85.42628281490178, 19.69881422924901]]]}, "properties": {"depth_m": 3.29, "severity": "Catastrophic", "elevation_m": 0.79, "dist_to_coast_km": 3.3, "district": "Puri"}}, {"type": "Feature", "geometry": {"type": "Polygon", "coordinates": [[[85.43585159335456, 19.69881422924901], [85.4454203718073, 19.69881422924901], [85.4454203718073, 19.707797340998916], [85.43585159335456, 19.707797340998916], [85.43585159335456, 19.69881422924901]]]}, "properties": {"depth_m": 3.4, "severity": "Catastrophic", "elevation_m": 0.73, "dist_to_coast_km": 2.8, "district": "Puri"}}, {"type": "Feature", "geometry": {"type": "Polygon", "coordinates": [[[85.4454203718073, 19.69881422924901], [85.45498915026008, 19.69881422924901], [85.45498915026008, 19.707797340998916], [85.4454203718073, 19.707797340998916], [85.4454203718073, 19.69881422924901]]]}, "properties": {"depth_m": 3.44, "severity": "Catastrophic", "elevation_m": 0.71, "dist_to_coast_km": 2.6, "district": "Puri"}}, {"type": "Feature", "geometry": {"type": "Polygon", "coordinates": [[[85.45498915026008, 19.69881422924901], [85.46455792871282, 19.69881422924901], [85.46455792871282, 19.707797340998916], [85.45498915026008, 19.707797340998916], [85.45498915026008, 19.69881422924901]]]}, "properties": {"depth_m": 3.4, "severity": "Catastrophic", "elevation_m": 0.73, "dist_to_coast_km": 2.8, "district": "Puri"}}, {"type": "Feature", "geometry": {"type": "Polygon", "coordinates": [[[85.46455792871282, 19.69881422924901], [85.4741267071656, 19.69881422924901], [85.4741267071656, 19.707797340998916], [85.46455792871282, 19.707797340998916], [85.46455792871282, 19.69881422924901]]]}, "properties": {"depth_m": 3.29, "severity": "Catastrophic", "elevation_m": 0.79, "dist_to_coast_km": 3.3, "district": "Puri"}}, {"type": "Feature", "geometry": {"type": "Polygon", "coordinates": [[[85.4741267071656, 19.69881422924901], [85.48369548561834, 19.69881422924901], [85.48369548561834, 19.707797340998916], [85.4741267071656, 19.707797340998916], [85.4741267071656, 19.69881422924901]]]}, "properties": {"depth_m": 3.13, "severity": "Catastrophic", "elevation_m": 0.88, "dist_to_coast_km": 4.0, "district": "Puri"}}, {"type": "Feature", "geometry": {"type": "Polygon", "coordinates": [[[85.48369548561834, 19.69881422924901], [85.49326426407112, 19.69881422924901], [85.49326426407112, 19.707797340998916], [85.48369548561834, 19.707797340998916], [85.48369548561834, 19.69881422924901]]]}, "properties": {"depth_m": 2.96, "severity": "Catastrophic", "elevation_m": 0.97, "dist_to_coast_km": 4.8, "district": "Puri"}}, {"type": "Feature", "geometry": {"type": "Polygon", "coordinates": [[[85.49326426407112, 19.69881422924901], [85.50283304252386, 19.69881422924901], [85.50283304252386, 19.707797340998916], [85.49326426407112, 19.707797340998916], [85.49326426407112, 19.69881422924901]]]}, "properties": {"depth_m": 2.77, "severity": "Catastrophic", "elevation_m": 1.08, "dist_to_coast_km": 5.7, "district": "Puri"}}, {"type": "Feature", "geometry": {"type": "Polygon", "coordinates": [[[85.50283304252386, 19.69881422924901], [85.51240182097663, 19.69881422924901], [85.51240182097663, 19.707797340998916], [85.50283304252386, 19.707797340998916], [85.50283304252386, 19.69881422924901]]]}, "properties": {"depth_m": 2.57, "severity": "Catastrophic", "elevation_m": 1.19, "dist_to_coast_km": 6.6, "district": "Puri"}}, {"type": "Feature", "geometry": {"type": "Polygon", "coordinates": [[[85.51240182097663, 19.69881422924901], [85.52197059942938, 19.69881422924901], [85.52197059942938, 19.707797340998916], [85.51240182097663, 19.707797340998916], [85.51240182097663, 19.69881422924901]]]}, "properties": {"depth_m": 2.36, "severity": "Catastrophic", "elevation_m": 1.3, "dist_to_coast_km": 7.5, "district": "Puri"}}, {"type": "Feature", "geometry": {"type": "Polygon", "coordinates": [[[85.52197059942938, 19.69881422924901], [85.53153937788215, 19.69881422924901], [85.53153937788215, 19.707797340998916], [85.52197059942938, 19.707797340998916], [85.52197059942938, 19.69881422924901]]]}, "properties": {"depth_m": 2.15, "severity": "Catastrophic", "elevation_m": 1.41, "dist_to_coast_km": 8.4, "district": "Puri"}}, {"type": "Feature", "geometry": {"type": "Polygon", "coordinates": [[[85.53153937788215, 19.69881422924901], [85.5411081563349, 19.69881422924901], [85.5411081563349, 19.707797340998916], [85.53153937788215, 19.707797340998916], [85.53153937788215, 19.69881422924901]]]}, "properties": {"depth_m": 1.94, "severity": "Catastrophic", "elevation_m": 1.53, "dist_to_coast_km": 9.4, "district": "Puri"}}, {"type": "Feature", "geometry": {"type": "Polygon", "coordinates": [[[85.5411081563349, 19.69881422924901], [85.55067693478767, 19.69881422924901], [85.55067693478767, 19.707797340998916], [85.5411081563349, 19.707797340998916], [85.5411081563349, 19.69881422924901]]]}, "properties": {"depth_m": 1.73, "severity": "Catastrophic", "elevation_m": 1.64, "dist_to_coast_km": 10.4, "district": "Puri"}}, {"type": "Feature", "geometry": {"type": "Polygon", "coordinates": [[[85.55067693478767, 19.69881422924901], [85.56024571324042, 19.69881422924901], [85.56024571324042, 19.707797340998916], [85.55067693478767, 19.707797340998916], [85.55067693478767, 19.69881422924901]]]}, "properties": {"depth_m": 1.36, "severity": "Severe", "elevation_m": 1.74, "dist_to_coast_km": 11.2, "district": "Puri"}}, {"type": "Feature", "geometry": {"type": "Polygon", "coordinates": [[[85.56024571324042, 19.69881422924901], [85.5698144916932, 19.69881422924901], [85.5698144916932, 19.707797340998916], [85.56024571324042, 19.707797340998916], [85.56024571324042, 19.69881422924901]]]}, "properties": {"depth_m": 1.55, "severity": "Catastrophic", "elevation_m": 1.64, "dist_to_coast_km": 10.3, "district": "Puri"}}, {"type": "Feature", "geometry": {"type": "Polygon", "coordinates": [[[85.5698144916932, 19.69881422924901], [85.57938327014594, 19.69881422924901], [85.57938327014594, 19.707797340998916], [85.5698144916932, 19.707797340998916], [85.5698144916932, 19.69881422924901]]]}, "properties": {"depth_m": 1.74, "severity": "Catastrophic", "elevation_m": 1.53, "dist_to_coast_km": 9.4, "district": "Puri"}}, {"type": "Feature", "geometry": {"type": "Polygon", "coordinates": [[[85.57938327014594, 19.69881422924901], [85.58895204859871, 19.69881422924901], [85.58895204859871, 19.707797340998916], [85.57938327014594, 19.707797340998916], [85.57938327014594, 19.69881422924901]]]}, "properties": {"depth_m": 1.92, "severity": "Catastrophic", "elevation_m": 1.44, "dist_to_coast_km": 8.6, "district": "Puri"}}, {"type": "Feature", "geometry": {"type": "Polygon", "coordinates": [[[85.58895204859871, 19.69881422924901], [85.59852082705146, 19.69881422924901], [85.59852082705146, 19.707797340998916], [85.58895204859871, 19.707797340998916], [85.58895204859871, 19.69881422924901]]]}, "properties": {"depth_m": 2.09, "severity": "Catastrophic", "elevation_m": 1.34, "dist_to_coast_km": 7.9, "district": "Puri"}}, {"type": "Feature", "geometry": {"type": "Polygon", "coordinates": [[[85.59852082705146, 19.69881422924901], [85.60808960550423, 19.69881422924901], [85.60808960550423, 19.707797340998916], [85.59852082705146, 19.707797340998916], [85.59852082705146, 19.69881422924901]]]}, "properties": {"depth_m": 2.25, "severity": "Catastrophic", "elevation_m": 1.26, "dist_to_coast_km": 7.1, "district": "Puri"}}, {"type": "Feature", "geometry": {"type": "Polygon", "coordinates": [[[85.60808960550423, 19.69881422924901], [85.61765838395698, 19.69881422924901], [85.61765838395698, 19.707797340998916], [85.60808960550423, 19.707797340998916], [85.60808960550423, 19.69881422924901]]]}, "properties": {"depth_m": 2.39, "severity": "Catastrophic", "elevation_m": 1.18, "dist_to_coast_km": 6.5, "district": "Puri"}}, {"type": "Feature", "geometry": {"type": "Polygon", "coordinates": [[[85.61765838395698, 19.69881422924901], [85.62722716240975, 19.69881422924901], [85.62722716240975, 19.707797340998916], [85.61765838395698, 19.707797340998916], [85.61765838395698, 19.69881422924901]]]}, "properties": {"depth_m": 2.51, "severity": "Catastrophic", "elevation_m": 1.11, "dist_to_coast_km": 5.9, "district": "Puri"}}, {"type": "Feature", "geometry": {"type": "Polygon", "coordinates": [[[85.62722716240975, 19.69881422924901], [85.6367959408625, 19.69881422924901], [85.6367959408625, 19.707797340998916], [85.62722716240975, 19.707797340998916], [85.62722716240975, 19.69881422924901]]]}, "properties": {"depth_m": 2.6, "severity": "Catastrophic", "elevation_m": 1.06, "dist_to_coast_km": 5.5, "district": "Puri"}}, {"type": "Feature", "geometry": {"type": "Polygon", "coordinates": [[[85.6367959408625, 19.69881422924901], [85.64636471931527, 19.69881422924901], [85.64636471931527, 19.707797340998916], [85.6367959408625, 19.707797340998916], [85.6367959408625, 19.69881422924901]]]}, "properties": {"depth_m": 2.66, "severity": "Catastrophic", "elevation_m": 1.03, "dist_to_coast_km": 5.3, "district": "Puri"}}, {"type": "Feature", "geometry": {"type": "Polygon", "coordinates": [[[85.64636471931527, 19.69881422924901], [85.65593349776802, 19.69881422924901], [85.65593349776802, 19.707797340998916], [85.64636471931527, 19.707797340998916], [85.64636471931527, 19.69881422924901]]]}, "properties": {"depth_m": 2.68, "severity": "Catastrophic", "elevation_m": 1.02, "dist_to_coast_km": 5.2, "district": "Puri"}}, {"type": "Feature", "geometry": {"type": "Polygon", "coordinates": [[[85.65593349776802, 19.69881422924901], [85.66550227622079, 19.69881422924901], [85.66550227622079, 19.707797340998916], [85.65593349776802, 19.707797340998916], [85.65593349776802, 19.69881422924901]]]}, "properties": {"depth_m": 2.65, "severity": "Catastrophic", "elevation_m": 1.04, "dist_to_coast_km": 5.3, "district": "Puri"}}, {"type": "Feature", "geometry": {"type": "Polygon", "coordinates": [[[85.66550227622079, 19.69881422924901], [85.67507105467354, 19.69881422924901], [85.67507105467354, 19.707797340998916], [85.66550227622079, 19.707797340998916], [85.66550227622079, 19.69881422924901]]]}, "properties": {"depth_m": 2.59, "severity": "Catastrophic", "elevation_m": 1.07, "dist_to_coast_km": 5.6, "district": "Puri"}}, {"type": "Feature", "geometry": {"type": "Polygon", "coordinates": [[[85.67507105467354, 19.69881422924901], [85.68463983312631, 19.69881422924901], [85.68463983312631, 19.707797340998916], [85.67507105467354, 19.707797340998916], [85.67507105467354, 19.69881422924901]]]}, "properties": {"depth_m": 2.49, "severity": "Catastrophic", "elevation_m": 1.13, "dist_to_coast_km": 6.1, "district": "Puri"}}, {"type": "Feature", "geometry": {"type": "Polygon", "coordinates": [[[85.68463983312631, 19.69881422924901], [85.69420861157906, 19.69881422924901], [85.69420861157906, 19.707797340998916], [85.68463983312631, 19.707797340998916], [85.68463983312631, 19.69881422924901]]]}, "properties": {"depth_m": 2.36, "severity": "Catastrophic", "elevation_m": 1.2, "dist_to_coast_km": 6.6, "district": "Puri"}}, {"type": "Feature", "geometry": {"type": "Polygon", "coordinates": [[[85.69420861157906, 19.69881422924901], [85.70377739003183, 19.69881422924901], [85.70377739003183, 19.707797340998916], [85.69420861157906, 19.707797340998916], [85.69420861157906, 19.69881422924901]]]}, "properties": {"depth_m": 2.21, "severity": "Catastrophic", "elevation_m": 1.28, "dist_to_coast_km": 7.3, "district": "Puri"}}, {"type": "Feature", "geometry": {"type": "Polygon", "coordinates": [[[85.70377739003183, 19.69881422924901], [85.71334616848458, 19.69881422924901], [85.71334616848458, 19.707797340998916], [85.70377739003183, 19.707797340998916], [85.70377739003183, 19.69881422924901]]]}, "properties": {"depth_m": 1.65, "severity": "Catastrophic", "elevation_m": 1.76, "dist_to_coast_km": 8.0, "district": "Puri"}}, {"type": "Feature", "geometry": {"type": "Polygon", "coordinates": [[[85.71334616848458, 19.69881422924901], [85.72291494693735, 19.69881422924901], [85.72291494693735, 19.707797340998916], [85.71334616848458, 19.707797340998916], [85.71334616848458, 19.69881422924901]]]}, "properties": {"depth_m": 1.48, "severity": "Severe", "elevation_m": 1.86, "dist_to_coast_km": 8.8, "district": "Puri"}}, {"type": "Feature", "geometry": {"type": "Polygon", "coordinates": [[[85.72291494693735, 19.69881422924901], [85.7324837253901, 19.69881422924901], [85.7324837253901, 19.707797340998916], [85.72291494693735, 19.707797340998916], [85.72291494693735, 19.69881422924901]]]}, "properties": {"depth_m": 1.3, "severity": "Severe", "elevation_m": 1.96, "dist_to_coast_km": 9.6, "district": "Puri"}}, {"type": "Feature", "geometry": {"type": "Polygon", "coordinates": [[[85.7324837253901, 19.69881422924901], [85.74205250384287, 19.69881422924901], [85.74205250384287, 19.707797340998916], [85.7324837253901, 19.707797340998916], [85.7324837253901, 19.69881422924901]]]}, "properties": {"depth_m": 1.11, "severity": "Severe", "elevation_m": 2.06, "dist_to_coast_km": 10.5, "district": "Puri"}}, {"type": "Feature", "geometry": {"type": "Polygon", "coordinates": [[[85.74205250384287, 19.69881422924901], [85.75162128229562, 19.69881422924901], [85.75162128229562, 19.707797340998916], [85.74205250384287, 19.707797340998916], [85.74205250384287, 19.69881422924901]]]}, "properties": {"depth_m": 0.91, "severity": "Severe", "elevation_m": 2.17, "dist_to_coast_km": 11.4, "district": "Puri"}}, {"type": "Feature", "geometry": {"type": "Polygon", "coordinates": [[[85.75162128229562, 19.69881422924901], [85.76119006074839, 19.69881422924901], [85.76119006074839, 19.707797340998916], [85.75162128229562, 19.707797340998916], [85.75162128229562, 19.69881422924901]]]}, "properties": {"depth_m": 0.72, "severity": "Severe", "elevation_m": 2.27, "dist_to_coast_km": 12.3, "district": "Puri"}}, {"type": "Feature", "geometry": {"type": "Polygon", "coordinates": [[[85.2827511381104, 19.707797340998916], [85.29231991656314, 19.707797340998916], [85.29231991656314, 19.71678045274883], [85.2827511381104, 19.71678045274883], [85.2827511381104, 19.707797340998916]]]}, "properties": {"depth_m": 0.19, "severity": "Minor", "elevation_m": 2.49, "dist_to_coast_km": 17.4, "district": "Puri"}}, {"type": "Feature", "geometry": {"type": "Polygon", "coordinates": [[[85.29231991656314, 19.707797340998916], [85.30188869501592, 19.707797340998916], [85.30188869501592, 19.71678045274883], [85.29231991656314, 19.71678045274883], [85.29231991656314, 19.707797340998916]]]}, "properties": {"depth_m": 0.4, "severity": "Moderate (Impassable)", "elevation_m": 2.37, "dist_to_coast_km": 16.4, "district": "Puri"}}, {"type": "Feature", "geometry": {"type": "Polygon", "coordinates": [[[85.30188869501592, 19.707797340998916], [85.31145747346866, 19.707797340998916], [85.31145747346866, 19.71678045274883], [85.30188869501592, 19.71678045274883], [85.30188869501592, 19.707797340998916]]]}, "properties": {"depth_m": 0.62, "severity": "Severe", "elevation_m": 2.25, "dist_to_coast_km": 15.4, "district": "Puri"}}, {"type": "Feature", "geometry": {"type": "Polygon", "coordinates": [[[85.31145747346866, 19.707797340998916], [85.32102625192144, 19.707797340998916], [85.32102625192144, 19.71678045274883], [85.31145747346866, 19.71678045274883], [85.31145747346866, 19.707797340998916]]]}, "properties": {"depth_m": 0.83, "severity": "Severe", "elevation_m": 2.13, "dist_to_coast_km": 14.5, "district": "Puri"}}, {"type": "Feature", "geometry": {"type": "Polygon", "coordinates": [[[85.32102625192144, 19.707797340998916], [85.33059503037418, 19.707797340998916], [85.33059503037418, 19.71678045274883], [85.32102625192144, 19.71678045274883], [85.32102625192144, 19.707797340998916]]]}, "properties": {"depth_m": 1.04, "severity": "Severe", "elevation_m": 2.02, "dist_to_coast_km": 13.5, "district": "Puri"}}, {"type": "Feature", "geometry": {"type": "Polygon", "coordinates": [[[85.33059503037418, 19.707797340998916], [85.34016380882696, 19.707797340998916], [85.34016380882696, 19.71678045274883], [85.33059503037418, 19.71678045274883], [85.33059503037418, 19.707797340998916]]]}, "properties": {"depth_m": 1.25, "severity": "Severe", "elevation_m": 1.9, "dist_to_coast_km": 12.5, "district": "Puri"}}, {"type": "Feature", "geometry": {"type": "Polygon", "coordinates": [[[85.34016380882696, 19.707797340998916], [85.3497325872797, 19.707797340998916], [85.3497325872797, 19.71678045274883], [85.34016380882696, 19.71678045274883], [85.34016380882696, 19.707797340998916]]]}, "properties": {"depth_m": 1.46, "severity": "Severe", "elevation_m": 1.79, "dist_to_coast_km": 11.6, "district": "Puri"}}, {"type": "Feature", "geometry": {"type": "Polygon", "coordinates": [[[85.3497325872797, 19.707797340998916], [85.35930136573248, 19.707797340998916], [85.35930136573248, 19.71678045274883], [85.3497325872797, 19.71678045274883], [85.3497325872797, 19.707797340998916]]]}, "properties": {"depth_m": 1.67, "severity": "Catastrophic", "elevation_m": 1.67, "dist_to_coast_km": 10.6, "district": "Puri"}}, {"type": "Feature", "geometry": {"type": "Polygon", "coordinates": [[[85.35930136573248, 19.707797340998916], [85.36887014418522, 19.707797340998916], [85.36887014418522, 19.71678045274883], [85.35930136573248, 19.71678045274883], [85.35930136573248, 19.707797340998916]]]}, "properties": {"depth_m": 1.88, "severity": "Catastrophic", "elevation_m": 1.56, "dist_to_coast_km": 9.7, "district": "Puri"}}, {"type": "Feature", "geometry": {"type": "Polygon", "coordinates": [[[85.36887014418522, 19.707797340998916], [85.378438922638, 19.707797340998916], [85.378438922638, 19.71678045274883], [85.36887014418522, 19.71678045274883], [85.36887014418522, 19.707797340998916]]]}, "properties": {"depth_m": 2.08, "severity": "Catastrophic", "elevation_m": 1.45, "dist_to_coast_km": 8.8, "district": "Puri"}}, {"type": "Feature", "geometry": {"type": "Polygon", "coordinates": [[[85.378438922638, 19.707797340998916], [85.38800770109074, 19.707797340998916], [85.38800770109074, 19.71678045274883], [85.378438922638, 19.71678045274883], [85.378438922638, 19.707797340998916]]]}, "properties": {"depth_m": 2.28, "severity": "Catastrophic", "elevation_m": 1.34, "dist_to_coast_km": 7.9, "district": "Puri"}}, {"type": "Feature", "geometry": {"type": "Polygon", "coordinates": [[[85.38800770109074, 19.707797340998916], [85.39757647954352, 19.707797340998916], [85.39757647954352, 19.71678045274883], [85.38800770109074, 19.71678045274883], [85.38800770109074, 19.707797340998916]]]}, "properties": {"depth_m": 2.47, "severity": "Catastrophic", "elevation_m": 1.24, "dist_to_coast_km": 7.0, "district": "Puri"}}, {"type": "Feature", "geometry": {"type": "Polygon", "coordinates": [[[85.39757647954352, 19.707797340998916], [85.40714525799626, 19.707797340998916], [85.40714525799626, 19.71678045274883], [85.39757647954352, 19.71678045274883], [85.39757647954352, 19.707797340998916]]]}, "properties": {"depth_m": 2.66, "severity": "Catastrophic", "elevation_m": 1.14, "dist_to_coast_km": 6.1, "district": "Puri"}}, {"type": "Feature", "geometry": {"type": "Polygon", "coordinates": [[[85.40714525799626, 19.707797340998916], [85.41671403644904, 19.707797340998916], [85.41671403644904, 19.71678045274883], [85.40714525799626, 19.71678045274883], [85.40714525799626, 19.707797340998916]]]}, "properties": {"depth_m": 2.83, "severity": "Catastrophic", "elevation_m": 1.04, "dist_to_coast_km": 5.4, "district": "Puri"}}, {"type": "Feature", "geometry": {"type": "Polygon", "coordinates": [[[85.41671403644904, 19.707797340998916], [85.42628281490178, 19.707797340998916], [85.42628281490178, 19.71678045274883], [85.41671403644904, 19.71678045274883], [85.41671403644904, 19.707797340998916]]]}, "properties": {"depth_m": 2.98, "severity": "Catastrophic", "elevation_m": 0.96, "dist_to_coast_km": 4.7, "district": "Puri"}}, {"type": "Feature", "geometry": {"type": "Polygon", "coordinates": [[[85.42628281490178, 19.707797340998916], [85.43585159335456, 19.707797340998916], [85.43585159335456, 19.71678045274883], [85.42628281490178, 19.71678045274883], [85.42628281490178, 19.707797340998916]]]}, "properties": {"depth_m": 3.11, "severity": "Catastrophic", "elevation_m": 0.89, "dist_to_coast_km": 4.1, "district": "Puri"}}, {"type": "Feature", "geometry": {"type": "Polygon", "coordinates": [[[85.43585159335456, 19.707797340998916], [85.4454203718073, 19.707797340998916], [85.4454203718073, 19.71678045274883], [85.43585159335456, 19.71678045274883], [85.43585159335456, 19.707797340998916]]]}, "properties": {"depth_m": 3.19, "severity": "Catastrophic", "elevation_m": 0.85, "dist_to_coast_km": 3.7, "district": "Puri"}}, {"type": "Feature", "geometry": {"type": "Polygon", "coordinates": [[[85.4454203718073, 19.707797340998916], [85.45498915026008, 19.707797340998916], [85.45498915026008, 19.71678045274883], [85.4454203718073, 19.71678045274883], [85.4454203718073, 19.707797340998916]]]}, "properties": {"depth_m": 3.22, "severity": "Catastrophic", "elevation_m": 0.83, "dist_to_coast_km": 3.6, "district": "Puri"}}, {"type": "Feature", "geometry": {"type": "Polygon", "coordinates": [[[85.45498915026008, 19.707797340998916], [85.46455792871282, 19.707797340998916], [85.46455792871282, 19.71678045274883], [85.45498915026008, 19.71678045274883], [85.45498915026008, 19.707797340998916]]]}, "properties": {"depth_m": 3.19, "severity": "Catastrophic", "elevation_m": 0.85, "dist_to_coast_km": 3.7, "district": "Puri"}}, {"type": "Feature", "geometry": {"type": "Polygon", "coordinates": [[[85.46455792871282, 19.707797340998916], [85.4741267071656, 19.707797340998916], [85.4741267071656, 19.71678045274883], [85.46455792871282, 19.71678045274883], [85.46455792871282, 19.707797340998916]]]}, "properties": {"depth_m": 3.1, "severity": "Catastrophic", "elevation_m": 0.89, "dist_to_coast_km": 4.1, "district": "Puri"}}, {"type": "Feature", "geometry": {"type": "Polygon", "coordinates": [[[85.4741267071656, 19.707797340998916], [85.48369548561834, 19.707797340998916], [85.48369548561834, 19.71678045274883], [85.4741267071656, 19.71678045274883], [85.4741267071656, 19.707797340998916]]]}, "properties": {"depth_m": 2.98, "severity": "Catastrophic", "elevation_m": 0.96, "dist_to_coast_km": 4.7, "district": "Puri"}}, {"type": "Feature", "geometry": {"type": "Polygon", "coordinates": [[[85.48369548561834, 19.707797340998916], [85.49326426407112, 19.707797340998916], [85.49326426407112, 19.71678045274883], [85.48369548561834, 19.71678045274883], [85.48369548561834, 19.707797340998916]]]}, "properties": {"depth_m": 2.82, "severity": "Catastrophic", "elevation_m": 1.05, "dist_to_coast_km": 5.4, "district": "Puri"}}, {"type": "Feature", "geometry": {"type": "Polygon", "coordinates": [[[85.49326426407112, 19.707797340998916], [85.50283304252386, 19.707797340998916], [85.50283304252386, 19.71678045274883], [85.49326426407112, 19.71678045274883], [85.49326426407112, 19.707797340998916]]]}, "properties": {"depth_m": 2.65, "severity": "Catastrophic", "elevation_m": 1.14, "dist_to_coast_km": 6.2, "district": "Puri"}}, {"type": "Feature", "geometry": {"type": "Polygon", "coordinates": [[[85.50283304252386, 19.707797340998916], [85.51240182097663, 19.707797340998916], [85.51240182097663, 19.71678045274883], [85.50283304252386, 19.71678045274883], [85.50283304252386, 19.707797340998916]]]}, "properties": {"depth_m": 2.47, "severity": "Catastrophic", "elevation_m": 1.24, "dist_to_coast_km": 7.0, "district": "Puri"}}, {"type": "Feature", "geometry": {"type": "Polygon", "coordinates": [[[85.51240182097663, 19.707797340998916], [85.52197059942938, 19.707797340998916], [85.52197059942938, 19.71678045274883], [85.51240182097663, 19.71678045274883], [85.51240182097663, 19.707797340998916]]]}, "properties": {"depth_m": 2.27, "severity": "Catastrophic", "elevation_m": 1.35, "dist_to_coast_km": 7.9, "district": "Puri"}}, {"type": "Feature", "geometry": {"type": "Polygon", "coordinates": [[[85.52197059942938, 19.707797340998916], [85.53153937788215, 19.707797340998916], [85.53153937788215, 19.71678045274883], [85.52197059942938, 19.71678045274883], [85.52197059942938, 19.707797340998916]]]}, "properties": {"depth_m": 2.07, "severity": "Catastrophic", "elevation_m": 1.46, "dist_to_coast_km": 8.8, "district": "Puri"}}, {"type": "Feature", "geometry": {"type": "Polygon", "coordinates": [[[85.53153937788215, 19.707797340998916], [85.5411081563349, 19.707797340998916], [85.5411081563349, 19.71678045274883], [85.53153937788215, 19.71678045274883], [85.53153937788215, 19.707797340998916]]]}, "properties": {"depth_m": 1.87, "severity": "Catastrophic", "elevation_m": 1.57, "dist_to_coast_km": 9.7, "district": "Puri"}}, {"type": "Feature", "geometry": {"type": "Polygon", "coordinates": [[[85.5411081563349, 19.707797340998916], [85.55067693478767, 19.707797340998916], [85.55067693478767, 19.71678045274883], [85.5411081563349, 19.71678045274883], [85.5411081563349, 19.707797340998916]]]}, "properties": {"depth_m": 1.66, "severity": "Catastrophic", "elevation_m": 1.68, "dist_to_coast_km": 10.7, "district": "Puri"}}, {"type": "Feature", "geometry": {"type": "Polygon", "coordinates": [[[85.55067693478767, 19.707797340998916], [85.56024571324042, 19.707797340998916], [85.56024571324042, 19.71678045274883], [85.55067693478767, 19.71678045274883], [85.55067693478767, 19.707797340998916]]]}, "properties": {"depth_m": 1.46, "severity": "Severe", "elevation_m": 1.69, "dist_to_coast_km": 10.7, "district": "Puri"}}, {"type": "Feature", "geometry": {"type": "Polygon", "coordinates": [[[85.56024571324042, 19.707797340998916], [85.5698144916932, 19.707797340998916], [85.5698144916932, 19.71678045274883], [85.56024571324042, 19.71678045274883], [85.56024571324042, 19.707797340998916]]]}, "properties": {"depth_m": 1.66, "severity": "Catastrophic", "elevation_m": 1.58, "dist_to_coast_km": 9.8, "district": "Puri"}}, {"type": "Feature", "geometry": {"type": "Polygon", "coordinates": [[[85.5698144916932, 19.707797340998916], [85.57938327014594, 19.707797340998916], [85.57938327014594, 19.71678045274883], [85.5698144916932, 19.71678045274883], [85.5698144916932, 19.707797340998916]]]}, "properties": {"depth_m": 1.85, "severity": "Catastrophic", "elevation_m": 1.47, "dist_to_coast_km": 8.9, "district": "Puri"}}, {"type": "Feature", "geometry": {"type": "Polygon", "coordinates": [[[85.57938327014594, 19.707797340998916], [85.58895204859871, 19.707797340998916], [85.58895204859871, 19.71678045274883], [85.57938327014594, 19.71678045274883], [85.57938327014594, 19.707797340998916]]]}, "properties": {"depth_m": 2.05, "severity": "Catastrophic", "elevation_m": 1.37, "dist_to_coast_km": 8.1, "district": "Puri"}}, {"type": "Feature", "geometry": {"type": "Polygon", "coordinates": [[[85.58895204859871, 19.707797340998916], [85.59852082705146, 19.707797340998916], [85.59852082705146, 19.71678045274883], [85.58895204859871, 19.71678045274883], [85.58895204859871, 19.707797340998916]]]}, "properties": {"depth_m": 2.23, "severity": "Catastrophic", "elevation_m": 1.27, "dist_to_coast_km": 7.2, "district": "Puri"}}, {"type": "Feature", "geometry": {"type": "Polygon", "coordinates": [[[85.59852082705146, 19.707797340998916], [85.60808960550423, 19.707797340998916], [85.60808960550423, 19.71678045274883], [85.59852082705146, 19.71678045274883], [85.59852082705146, 19.707797340998916]]]}, "properties": {"depth_m": 2.4, "severity": "Catastrophic", "elevation_m": 1.17, "dist_to_coast_km": 6.4, "district": "Puri"}}, {"type": "Feature", "geometry": {"type": "Polygon", "coordinates": [[[85.60808960550423, 19.707797340998916], [85.61765838395698, 19.707797340998916], [85.61765838395698, 19.71678045274883], [85.60808960550423, 19.71678045274883], [85.60808960550423, 19.707797340998916]]]}, "properties": {"depth_m": 2.56, "severity": "Catastrophic", "elevation_m": 1.09, "dist_to_coast_km": 5.7, "district": "Puri"}}, {"type": "Feature", "geometry": {"type": "Polygon", "coordinates": [[[85.61765838395698, 19.707797340998916], [85.62722716240975, 19.707797340998916], [85.62722716240975, 19.71678045274883], [85.61765838395698, 19.71678045274883], [85.61765838395698, 19.707797340998916]]]}, "properties": {"depth_m": 2.7, "severity": "Catastrophic", "elevation_m": 1.01, "dist_to_coast_km": 5.1, "district": "Puri"}}, {"type": "Feature", "geometry": {"type": "Polygon", "coordinates": [[[85.62722716240975, 19.707797340998916], [85.6367959408625, 19.707797340998916], [85.6367959408625, 19.71678045274883], [85.62722716240975, 19.71678045274883], [85.62722716240975, 19.707797340998916]]]}, "properties": {"depth_m": 2.81, "severity": "Catastrophic", "elevation_m": 0.95, "dist_to_coast_km": 4.6, "district": "Puri"}}, {"type": "Feature", "geometry": {"type": "Polygon", "coordinates": [[[85.6367959408625, 19.707797340998916], [85.64636471931527, 19.707797340998916], [85.64636471931527, 19.71678045274883], [85.6367959408625, 19.71678045274883], [85.6367959408625, 19.707797340998916]]]}, "properties": {"depth_m": 2.88, "severity": "Catastrophic", "elevation_m": 0.91, "dist_to_coast_km": 4.3, "district": "Puri"}}, {"type": "Feature", "geometry": {"type": "Polygon", "coordinates": [[[85.64636471931527, 19.707797340998916], [85.65593349776802, 19.707797340998916], [85.65593349776802, 19.71678045274883], [85.64636471931527, 19.71678045274883], [85.64636471931527, 19.707797340998916]]]}, "properties": {"depth_m": 2.9, "severity": "Catastrophic", "elevation_m": 0.9, "dist_to_coast_km": 4.2, "district": "Puri"}}, {"type": "Feature", "geometry": {"type": "Polygon", "coordinates": [[[85.65593349776802, 19.707797340998916], [85.66550227622079, 19.707797340998916], [85.66550227622079, 19.71678045274883], [85.65593349776802, 19.71678045274883], [85.65593349776802, 19.707797340998916]]]}, "properties": {"depth_m": 2.87, "severity": "Catastrophic", "elevation_m": 0.92, "dist_to_coast_km": 4.3, "district": "Puri"}}, {"type": "Feature", "geometry": {"type": "Polygon", "coordinates": [[[85.66550227622079, 19.707797340998916], [85.67507105467354, 19.707797340998916], [85.67507105467354, 19.71678045274883], [85.66550227622079, 19.71678045274883], [85.66550227622079, 19.707797340998916]]]}, "properties": {"depth_m": 2.79, "severity": "Catastrophic", "elevation_m": 0.96, "dist_to_coast_km": 4.7, "district": "Puri"}}, {"type": "Feature", "geometry": {"type": "Polygon", "coordinates": [[[85.67507105467354, 19.707797340998916], [85.68463983312631, 19.707797340998916], [85.68463983312631, 19.71678045274883], [85.67507105467354, 19.71678045274883], [85.67507105467354, 19.707797340998916]]]}, "properties": {"depth_m": 2.67, "severity": "Catastrophic", "elevation_m": 1.03, "dist_to_coast_km": 5.2, "district": "Puri"}}, {"type": "Feature", "geometry": {"type": "Polygon", "coordinates": [[[85.68463983312631, 19.707797340998916], [85.69420861157906, 19.707797340998916], [85.69420861157906, 19.71678045274883], [85.68463983312631, 19.71678045274883], [85.68463983312631, 19.707797340998916]]]}, "properties": {"depth_m": 2.53, "severity": "Catastrophic", "elevation_m": 1.11, "dist_to_coast_km": 5.9, "district": "Puri"}}, {"type": "Feature", "geometry": {"type": "Polygon", "coordinates": [[[85.69420861157906, 19.707797340998916], [85.70377739003183, 19.707797340998916], [85.70377739003183, 19.71678045274883], [85.69420861157906, 19.71678045274883], [85.69420861157906, 19.707797340998916]]]}, "properties": {"depth_m": 2.36, "severity": "Catastrophic", "elevation_m": 1.19, "dist_to_coast_km": 6.6, "district": "Puri"}}, {"type": "Feature", "geometry": {"type": "Polygon", "coordinates": [[[85.70377739003183, 19.707797340998916], [85.71334616848458, 19.707797340998916], [85.71334616848458, 19.71678045274883], [85.70377739003183, 19.71678045274883], [85.70377739003183, 19.707797340998916]]]}, "properties": {"depth_m": 1.79, "severity": "Catastrophic", "elevation_m": 1.69, "dist_to_coast_km": 7.4, "district": "Puri"}}, {"type": "Feature", "geometry": {"type": "Polygon", "coordinates": [[[85.71334616848458, 19.707797340998916], [85.72291494693735, 19.707797340998916], [85.72291494693735, 19.71678045274883], [85.71334616848458, 19.71678045274883], [85.71334616848458, 19.707797340998916]]]}, "properties": {"depth_m": 1.6, "severity": "Catastrophic", "elevation_m": 1.79, "dist_to_coast_km": 8.3, "district": "Puri"}}, {"type": "Feature", "geometry": {"type": "Polygon", "coordinates": [[[85.72291494693735, 19.707797340998916], [85.7324837253901, 19.707797340998916], [85.7324837253901, 19.71678045274883], [85.72291494693735, 19.71678045274883], [85.72291494693735, 19.707797340998916]]]}, "properties": {"depth_m": 1.41, "severity": "Severe", "elevation_m": 1.9, "dist_to_coast_km": 9.1, "district": "Puri"}}, {"type": "Feature", "geometry": {"type": "Polygon", "coordinates": [[[85.7324837253901, 19.707797340998916], [85.74205250384287, 19.707797340998916], [85.74205250384287, 19.71678045274883], [85.7324837253901, 19.71678045274883], [85.7324837253901, 19.707797340998916]]]}, "properties": {"depth_m": 1.21, "severity": "Severe", "elevation_m": 2.01, "dist_to_coast_km": 10.1, "district": "Puri"}}, {"type": "Feature", "geometry": {"type": "Polygon", "coordinates": [[[85.74205250384287, 19.707797340998916], [85.75162128229562, 19.707797340998916], [85.75162128229562, 19.71678045274883], [85.74205250384287, 19.71678045274883], [85.74205250384287, 19.707797340998916]]]}, "properties": {"depth_m": 1.01, "severity": "Severe", "elevation_m": 2.12, "dist_to_coast_km": 11.0, "district": "Puri"}}, {"type": "Feature", "geometry": {"type": "Polygon", "coordinates": [[[85.75162128229562, 19.707797340998916], [85.76119006074839, 19.707797340998916], [85.76119006074839, 19.71678045274883], [85.75162128229562, 19.71678045274883], [85.75162128229562, 19.707797340998916]]]}, "properties": {"depth_m": 0.8, "severity": "Severe", "elevation_m": 2.23, "dist_to_coast_km": 11.9, "district": "Puri"}}, {"type": "Feature", "geometry": {"type": "Polygon", "coordinates": [[[85.2827511381104, 19.71678045274883], [85.29231991656314, 19.71678045274883], [85.29231991656314, 19.725763564498735], [85.2827511381104, 19.725763564498735], [85.2827511381104, 19.71678045274883]]]}, "properties": {"depth_m": 0.13, "severity": "Minor", "elevation_m": 2.51, "dist_to_coast_km": 17.6, "district": "Puri"}}, {"type": "Feature", "geometry": {"type": "Polygon", "coordinates": [[[85.29231991656314, 19.71678045274883], [85.30188869501592, 19.71678045274883], [85.30188869501592, 19.725763564498735], [85.29231991656314, 19.725763564498735], [85.29231991656314, 19.71678045274883]]]}, "properties": {"depth_m": 0.35, "severity": "Moderate (Impassable)", "elevation_m": 2.4, "dist_to_coast_km": 16.7, "district": "Puri"}}, {"type": "Feature", "geometry": {"type": "Polygon", "coordinates": [[[85.30188869501592, 19.71678045274883], [85.31145747346866, 19.71678045274883], [85.31145747346866, 19.725763564498735], [85.30188869501592, 19.725763564498735], [85.30188869501592, 19.71678045274883]]]}, "properties": {"depth_m": 0.56, "severity": "Moderate (Impassable)", "elevation_m": 2.28, "dist_to_coast_km": 15.7, "district": "Puri"}}, {"type": "Feature", "geometry": {"type": "Polygon", "coordinates": [[[85.31145747346866, 19.71678045274883], [85.32102625192144, 19.71678045274883], [85.32102625192144, 19.725763564498735], [85.31145747346866, 19.725763564498735], [85.31145747346866, 19.71678045274883]]]}, "properties": {"depth_m": 0.77, "severity": "Severe", "elevation_m": 2.17, "dist_to_coast_km": 14.7, "district": "Puri"}}, {"type": "Feature", "geometry": {"type": "Polygon", "coordinates": [[[85.32102625192144, 19.71678045274883], [85.33059503037418, 19.71678045274883], [85.33059503037418, 19.725763564498735], [85.32102625192144, 19.725763564498735], [85.32102625192144, 19.71678045274883]]]}, "properties": {"depth_m": 0.98, "severity": "Severe", "elevation_m": 2.05, "dist_to_coast_km": 13.8, "district": "Puri"}}, {"type": "Feature", "geometry": {"type": "Polygon", "coordinates": [[[85.33059503037418, 19.71678045274883], [85.34016380882696, 19.71678045274883], [85.34016380882696, 19.725763564498735], [85.33059503037418, 19.725763564498735], [85.33059503037418, 19.71678045274883]]]}, "properties": {"depth_m": 1.18, "severity": "Severe", "elevation_m": 1.94, "dist_to_coast_km": 12.8, "district": "Puri"}}, {"type": "Feature", "geometry": {"type": "Polygon", "coordinates": [[[85.34016380882696, 19.71678045274883], [85.3497325872797, 19.71678045274883], [85.3497325872797, 19.725763564498735], [85.34016380882696, 19.725763564498735], [85.34016380882696, 19.71678045274883]]]}, "properties": {"depth_m": 1.39, "severity": "Severe", "elevation_m": 1.83, "dist_to_coast_km": 11.9, "district": "Puri"}}, {"type": "Feature", "geometry": {"type": "Polygon", "coordinates": [[[85.3497325872797, 19.71678045274883], [85.35930136573248, 19.71678045274883], [85.35930136573248, 19.725763564498735], [85.3497325872797, 19.725763564498735], [85.3497325872797, 19.71678045274883]]]}, "properties": {"depth_m": 1.59, "severity": "Catastrophic", "elevation_m": 1.72, "dist_to_coast_km": 11.0, "district": "Puri"}}, {"type": "Feature", "geometry": {"type": "Polygon", "coordinates": [[[85.35930136573248, 19.71678045274883], [85.36887014418522, 19.71678045274883], [85.36887014418522, 19.725763564498735], [85.35930136573248, 19.725763564498735], [85.35930136573248, 19.71678045274883]]]}, "properties": {"depth_m": 1.79, "severity": "Catastrophic", "elevation_m": 1.61, "dist_to_coast_km": 10.1, "district": "Puri"}}, {"type": "Feature", "geometry": {"type": "Polygon", "coordinates": [[[85.36887014418522, 19.71678045274883], [85.378438922638, 19.71678045274883], [85.378438922638, 19.725763564498735], [85.36887014418522, 19.725763564498735], [85.36887014418522, 19.71678045274883]]]}, "properties": {"depth_m": 1.98, "severity": "Catastrophic", "elevation_m": 1.51, "dist_to_coast_km": 9.2, "district": "Puri"}}, {"type": "Feature", "geometry": {"type": "Polygon", "coordinates": [[[85.378438922638, 19.71678045274883], [85.38800770109074, 19.71678045274883], [85.38800770109074, 19.725763564498735], [85.378438922638, 19.725763564498735], [85.378438922638, 19.71678045274883]]]}, "properties": {"depth_m": 2.17, "severity": "Catastrophic", "elevation_m": 1.4, "dist_to_coast_km": 8.4, "district": "Puri"}}, {"type": "Feature", "geometry": {"type": "Polygon", "coordinates": [[[85.38800770109074, 19.71678045274883], [85.39757647954352, 19.71678045274883], [85.39757647954352, 19.725763564498735], [85.38800770109074, 19.725763564498735], [85.38800770109074, 19.71678045274883]]]}, "properties": {"depth_m": 2.35, "severity": "Catastrophic", "elevation_m": 1.31, "dist_to_coast_km": 7.5, "district": "Puri"}}, {"type": "Feature", "geometry": {"type": "Polygon", "coordinates": [[[85.39757647954352, 19.71678045274883], [85.40714525799626, 19.71678045274883], [85.40714525799626, 19.725763564498735], [85.39757647954352, 19.725763564498735], [85.39757647954352, 19.71678045274883]]]}, "properties": {"depth_m": 2.52, "severity": "Catastrophic", "elevation_m": 1.21, "dist_to_coast_km": 6.8, "district": "Puri"}}, {"type": "Feature", "geometry": {"type": "Polygon", "coordinates": [[[85.40714525799626, 19.71678045274883], [85.41671403644904, 19.71678045274883], [85.41671403644904, 19.725763564498735], [85.40714525799626, 19.725763564498735], [85.40714525799626, 19.71678045274883]]]}, "properties": {"depth_m": 2.67, "severity": "Catastrophic", "elevation_m": 1.13, "dist_to_coast_km": 6.1, "district": "Puri"}}, {"type": "Feature", "geometry": {"type": "Polygon", "coordinates": [[[85.41671403644904, 19.71678045274883], [85.42628281490178, 19.71678045274883], [85.42628281490178, 19.725763564498735], [85.41671403644904, 19.725763564498735], [85.41671403644904, 19.71678045274883]]]}, "properties": {"depth_m": 2.81, "severity": "Catastrophic", "elevation_m": 1.06, "dist_to_coast_km": 5.5, "district": "Puri"}}, {"type": "Feature", "geometry": {"type": "Polygon", "coordinates": [[[85.42628281490178, 19.71678045274883], [85.43585159335456, 19.71678045274883], [85.43585159335456, 19.725763564498735], [85.42628281490178, 19.725763564498735], [85.42628281490178, 19.71678045274883]]]}, "properties": {"depth_m": 2.91, "severity": "Catastrophic", "elevation_m": 1.0, "dist_to_coast_km": 5.0, "district": "Puri"}}, {"type": "Feature", "geometry": {"type": "Polygon", "coordinates": [[[85.43585159335456, 19.71678045274883], [85.4454203718073, 19.71678045274883], [85.4454203718073, 19.725763564498735], [85.43585159335456, 19.725763564498735], [85.43585159335456, 19.71678045274883]]]}, "properties": {"depth_m": 2.98, "severity": "Catastrophic", "elevation_m": 0.96, "dist_to_coast_km": 4.7, "district": "Puri"}}, {"type": "Feature", "geometry": {"type": "Polygon", "coordinates": [[[85.4454203718073, 19.71678045274883], [85.45498915026008, 19.71678045274883], [85.45498915026008, 19.725763564498735], [85.4454203718073, 19.725763564498735], [85.4454203718073, 19.71678045274883]]]}, "properties": {"depth_m": 3.0, "severity": "Catastrophic", "elevation_m": 0.95, "dist_to_coast_km": 4.6, "district": "Puri"}}, {"type": "Feature", "geometry": {"type": "Polygon", "coordinates": [[[85.45498915026008, 19.71678045274883], [85.46455792871282, 19.71678045274883], [85.46455792871282, 19.725763564498735], [85.45498915026008, 19.725763564498735], [85.45498915026008, 19.71678045274883]]]}, "properties": {"depth_m": 2.98, "severity": "Catastrophic", "elevation_m": 0.96, "dist_to_coast_km": 4.7, "district": "Puri"}}, {"type": "Feature", "geometry": {"type": "Polygon", "coordinates": [[[85.46455792871282, 19.71678045274883], [85.4741267071656, 19.71678045274883], [85.4741267071656, 19.725763564498735], [85.46455792871282, 19.725763564498735], [85.46455792871282, 19.71678045274883]]]}, "properties": {"depth_m": 2.91, "severity": "Catastrophic", "elevation_m": 1.0, "dist_to_coast_km": 5.0, "district": "Puri"}}, {"type": "Feature", "geometry": {"type": "Polygon", "coordinates": [[[85.4741267071656, 19.71678045274883], [85.48369548561834, 19.71678045274883], [85.48369548561834, 19.725763564498735], [85.4741267071656, 19.725763564498735], [85.4741267071656, 19.71678045274883]]]}, "properties": {"depth_m": 2.8, "severity": "Catastrophic", "elevation_m": 1.06, "dist_to_coast_km": 5.5, "district": "Puri"}}, {"type": "Feature", "geometry": {"type": "Polygon", "coordinates": [[[85.48369548561834, 19.71678045274883], [85.49326426407112, 19.71678045274883], [85.49326426407112, 19.725763564498735], [85.48369548561834, 19.725763564498735], [85.48369548561834, 19.71678045274883]]]}, "properties": {"depth_m": 2.67, "severity": "Catastrophic", "elevation_m": 1.13, "dist_to_coast_km": 6.1, "district": "Puri"}}, {"type": "Feature", "geometry": {"type": "Polygon", "coordinates": [[[85.49326426407112, 19.71678045274883], [85.50283304252386, 19.71678045274883], [85.50283304252386, 19.725763564498735], [85.49326426407112, 19.725763564498735], [85.49326426407112, 19.71678045274883]]]}, "properties": {"depth_m": 2.51, "severity": "Catastrophic", "elevation_m": 1.22, "dist_to_coast_km": 6.8, "district": "Puri"}}, {"type": "Feature", "geometry": {"type": "Polygon", "coordinates": [[[85.50283304252386, 19.71678045274883], [85.51240182097663, 19.71678045274883], [85.51240182097663, 19.725763564498735], [85.50283304252386, 19.725763564498735], [85.50283304252386, 19.71678045274883]]]}, "properties": {"depth_m": 2.34, "severity": "Catastrophic", "elevation_m": 1.31, "dist_to_coast_km": 7.6, "district": "Puri"}}, {"type": "Feature", "geometry": {"type": "Polygon", "coordinates": [[[85.51240182097663, 19.71678045274883], [85.52197059942938, 19.71678045274883], [85.52197059942938, 19.725763564498735], [85.51240182097663, 19.725763564498735], [85.51240182097663, 19.71678045274883]]]}, "properties": {"depth_m": 2.16, "severity": "Catastrophic", "elevation_m": 1.41, "dist_to_coast_km": 8.4, "district": "Puri"}}, {"type": "Feature", "geometry": {"type": "Polygon", "coordinates": [[[85.52197059942938, 19.71678045274883], [85.53153937788215, 19.71678045274883], [85.53153937788215, 19.725763564498735], [85.52197059942938, 19.725763564498735], [85.52197059942938, 19.71678045274883]]]}, "properties": {"depth_m": 1.97, "severity": "Catastrophic", "elevation_m": 1.51, "dist_to_coast_km": 9.3, "district": "Puri"}}, {"type": "Feature", "geometry": {"type": "Polygon", "coordinates": [[[85.53153937788215, 19.71678045274883], [85.5411081563349, 19.71678045274883], [85.5411081563349, 19.725763564498735], [85.53153937788215, 19.725763564498735], [85.53153937788215, 19.71678045274883]]]}, "properties": {"depth_m": 1.78, "severity": "Catastrophic", "elevation_m": 1.62, "dist_to_coast_km": 10.1, "district": "Puri"}}, {"type": "Feature", "geometry": {"type": "Polygon", "coordinates": [[[85.5411081563349, 19.71678045274883], [85.55067693478767, 19.71678045274883], [85.55067693478767, 19.725763564498735], [85.5411081563349, 19.725763564498735], [85.5411081563349, 19.71678045274883]]]}, "properties": {"depth_m": 1.58, "severity": "Catastrophic", "elevation_m": 1.72, "dist_to_coast_km": 11.0, "district": "Puri"}}, {"type": "Feature", "geometry": {"type": "Polygon", "coordinates": [[[85.55067693478767, 19.71678045274883], [85.56024571324042, 19.71678045274883], [85.56024571324042, 19.725763564498735], [85.55067693478767, 19.725763564498735], [85.55067693478767, 19.71678045274883]]]}, "properties": {"depth_m": 1.53, "severity": "Catastrophic", "elevation_m": 1.65, "dist_to_coast_km": 10.4, "district": "Puri"}}, {"type": "Feature", "geometry": {"type": "Polygon", "coordinates": [[[85.56024571324042, 19.71678045274883], [85.5698144916932, 19.71678045274883], [85.5698144916932, 19.725763564498735], [85.56024571324042, 19.725763564498735], [85.56024571324042, 19.71678045274883]]]}, "properties": {"depth_m": 1.74, "severity": "Catastrophic", "elevation_m": 1.53, "dist_to_coast_km": 9.4, "district": "Puri"}}, {"type": "Feature", "geometry": {"type": "Polygon", "coordinates": [[[85.5698144916932, 19.71678045274883], [85.57938327014594, 19.71678045274883], [85.57938327014594, 19.725763564498735], [85.5698144916932, 19.725763564498735], [85.5698144916932, 19.71678045274883]]]}, "properties": {"depth_m": 1.95, "severity": "Catastrophic", "elevation_m": 1.42, "dist_to_coast_km": 8.5, "district": "Puri"}}, {"type": "Feature", "geometry": {"type": "Polygon", "coordinates": [[[85.57938327014594, 19.71678045274883], [85.58895204859871, 19.71678045274883], [85.58895204859871, 19.725763564498735], [85.57938327014594, 19.725763564498735], [85.57938327014594, 19.71678045274883]]]}, "properties": {"depth_m": 2.15, "severity": "Catastrophic", "elevation_m": 1.31, "dist_to_coast_km": 7.6, "district": "Puri"}}, {"type": "Feature", "geometry": {"type": "Polygon", "coordinates": [[[85.58895204859871, 19.71678045274883], [85.59852082705146, 19.71678045274883], [85.59852082705146, 19.725763564498735], [85.58895204859871, 19.725763564498735], [85.58895204859871, 19.71678045274883]]]}, "properties": {"depth_m": 2.35, "severity": "Catastrophic", "elevation_m": 1.2, "dist_to_coast_km": 6.7, "district": "Puri"}}, {"type": "Feature", "geometry": {"type": "Polygon", "coordinates": [[[85.59852082705146, 19.71678045274883], [85.60808960550423, 19.71678045274883], [85.60808960550423, 19.725763564498735], [85.59852082705146, 19.725763564498735], [85.59852082705146, 19.71678045274883]]]}, "properties": {"depth_m": 2.54, "severity": "Catastrophic", "elevation_m": 1.1, "dist_to_coast_km": 5.8, "district": "Puri"}}, {"type": "Feature", "geometry": {"type": "Polygon", "coordinates": [[[85.60808960550423, 19.71678045274883], [85.61765838395698, 19.71678045274883], [85.61765838395698, 19.725763564498735], [85.60808960550423, 19.725763564498735], [85.60808960550423, 19.71678045274883]]]}, "properties": {"depth_m": 2.71, "severity": "Catastrophic", "elevation_m": 1.0, "dist_to_coast_km": 5.0, "district": "Puri"}}, {"type": "Feature", "geometry": {"type": "Polygon", "coordinates": [[[85.61765838395698, 19.71678045274883], [85.62722716240975, 19.71678045274883], [85.62722716240975, 19.725763564498735], [85.61765838395698, 19.725763564498735], [85.61765838395698, 19.71678045274883]]]}, "properties": {"depth_m": 2.87, "severity": "Catastrophic", "elevation_m": 0.92, "dist_to_coast_km": 4.3, "district": "Puri"}}, {"type": "Feature", "geometry": {"type": "Polygon", "coordinates": [[[85.62722716240975, 19.71678045274883], [85.6367959408625, 19.71678045274883], [85.6367959408625, 19.725763564498735], [85.62722716240975, 19.725763564498735], [85.62722716240975, 19.71678045274883]]]}, "properties": {"depth_m": 3.0, "severity": "Catastrophic", "elevation_m": 0.84, "dist_to_coast_km": 3.7, "district": "Puri"}}, {"type": "Feature", "geometry": {"type": "Polygon", "coordinates": [[[85.6367959408625, 19.71678045274883], [85.64636471931527, 19.71678045274883], [85.64636471931527, 19.725763564498735], [85.6367959408625, 19.725763564498735], [85.6367959408625, 19.71678045274883]]]}, "properties": {"depth_m": 3.09, "severity": "Catastrophic", "elevation_m": 0.8, "dist_to_coast_km": 3.3, "district": "Puri"}}, {"type": "Feature", "geometry": {"type": "Polygon", "coordinates": [[[85.64636471931527, 19.71678045274883], [85.65593349776802, 19.71678045274883], [85.65593349776802, 19.725763564498735], [85.64636471931527, 19.725763564498735], [85.64636471931527, 19.71678045274883]]]}, "properties": {"depth_m": 3.12, "severity": "Catastrophic", "elevation_m": 0.78, "dist_to_coast_km": 3.2, "district": "Puri"}}, {"type": "Feature", "geometry": {"type": "Polygon", "coordinates": [[[85.65593349776802, 19.71678045274883], [85.66550227622079, 19.71678045274883], [85.66550227622079, 19.725763564498735], [85.65593349776802, 19.725763564498735], [85.65593349776802, 19.71678045274883]]]}, "properties": {"depth_m": 3.08, "severity": "Catastrophic", "elevation_m": 0.81, "dist_to_coast_km": 3.4, "district": "Puri"}}, {"type": "Feature", "geometry": {"type": "Polygon", "coordinates": [[[85.66550227622079, 19.71678045274883], [85.67507105467354, 19.71678045274883], [85.67507105467354, 19.725763564498735], [85.66550227622079, 19.725763564498735], [85.66550227622079, 19.71678045274883]]]}, "properties": {"depth_m": 2.98, "severity": "Catastrophic", "elevation_m": 0.86, "dist_to_coast_km": 3.8, "district": "Puri"}}, {"type": "Feature", "geometry": {"type": "Polygon", "coordinates": [[[85.67507105467354, 19.71678045274883], [85.68463983312631, 19.71678045274883], [85.68463983312631, 19.725763564498735], [85.67507105467354, 19.725763564498735], [85.67507105467354, 19.71678045274883]]]}, "properties": {"depth_m": 2.84, "severity": "Catastrophic", "elevation_m": 0.94, "dist_to_coast_km": 4.5, "district": "Puri"}}, {"type": "Feature", "geometry": {"type": "Polygon", "coordinates": [[[85.68463983312631, 19.71678045274883], [85.69420861157906, 19.71678045274883], [85.69420861157906, 19.725763564498735], [85.68463983312631, 19.725763564498735], [85.68463983312631, 19.71678045274883]]]}, "properties": {"depth_m": 2.67, "severity": "Catastrophic", "elevation_m": 1.03, "dist_to_coast_km": 5.2, "district": "Puri"}}, {"type": "Feature", "geometry": {"type": "Polygon", "coordinates": [[[85.69420861157906, 19.71678045274883], [85.70377739003183, 19.71678045274883], [85.70377739003183, 19.725763564498735], [85.69420861157906, 19.725763564498735], [85.69420861157906, 19.71678045274883]]]}, "properties": {"depth_m": 2.49, "severity": "Catastrophic", "elevation_m": 1.12, "dist_to_coast_km": 6.0, "district": "Puri"}}, {"type": "Feature", "geometry": {"type": "Polygon", "coordinates": [[[85.70377739003183, 19.71678045274883], [85.71334616848458, 19.71678045274883], [85.71334616848458, 19.725763564498735], [85.70377739003183, 19.725763564498735], [85.70377739003183, 19.71678045274883]]]}, "properties": {"depth_m": 1.9, "severity": "Catastrophic", "elevation_m": 1.63, "dist_to_coast_km": 6.9, "district": "Puri"}}, {"type": "Feature", "geometry": {"type": "Polygon", "coordinates": [[[85.71334616848458, 19.71678045274883], [85.72291494693735, 19.71678045274883], [85.72291494693735, 19.725763564498735], [85.71334616848458, 19.725763564498735], [85.71334616848458, 19.71678045274883]]]}, "properties": {"depth_m": 1.7, "severity": "Catastrophic", "elevation_m": 1.74, "dist_to_coast_km": 7.8, "district": "Puri"}}, {"type": "Feature", "geometry": {"type": "Polygon", "coordinates": [[[85.72291494693735, 19.71678045274883], [85.7324837253901, 19.71678045274883], [85.7324837253901, 19.725763564498735], [85.72291494693735, 19.725763564498735], [85.72291494693735, 19.71678045274883]]]}, "properties": {"depth_m": 1.5, "severity": "Severe", "elevation_m": 1.85, "dist_to_coast_km": 8.7, "district": "Puri"}}, {"type": "Feature", "geometry": {"type": "Polygon", "coordinates": [[[85.7324837253901, 19.71678045274883], [85.74205250384287, 19.71678045274883], [85.74205250384287, 19.725763564498735], [85.7324837253901, 19.725763564498735], [85.7324837253901, 19.71678045274883]]]}, "properties": {"depth_m": 1.29, "severity": "Severe", "elevation_m": 1.96, "dist_to_coast_km": 9.7, "district": "Puri"}}, {"type": "Feature", "geometry": {"type": "Polygon", "coordinates": [[[85.74205250384287, 19.71678045274883], [85.75162128229562, 19.71678045274883], [85.75162128229562, 19.725763564498735], [85.74205250384287, 19.725763564498735], [85.74205250384287, 19.71678045274883]]]}, "properties": {"depth_m": 1.08, "severity": "Severe", "elevation_m": 2.08, "dist_to_coast_km": 10.6, "district": "Puri"}}, {"type": "Feature", "geometry": {"type": "Polygon", "coordinates": [[[85.75162128229562, 19.71678045274883], [85.76119006074839, 19.71678045274883], [85.76119006074839, 19.725763564498735], [85.75162128229562, 19.725763564498735], [85.75162128229562, 19.71678045274883]]]}, "properties": {"depth_m": 0.87, "severity": "Severe", "elevation_m": 2.19, "dist_to_coast_km": 11.6, "district": "Puri"}}, {"type": "Feature", "geometry": {"type": "Polygon", "coordinates": [[[85.80903395301218, 19.71678045274883], [85.81860273146495, 19.71678045274883], [85.81860273146495, 19.725763564498735], [85.80903395301218, 19.725763564498735], [85.80903395301218, 19.71678045274883]]]}, "properties": {"depth_m": 0.15, "severity": "Minor", "elevation_m": 1.87, "dist_to_coast_km": 8.9, "district": "Puri"}}, {"type": "Feature", "geometry": {"type": "Polygon", "coordinates": [[[85.81860273146495, 19.71678045274883], [85.8281715099177, 19.71678045274883], [85.8281715099177, 19.725763564498735], [85.81860273146495, 19.725763564498735], [85.81860273146495, 19.71678045274883]]]}, "properties": {"depth_m": 0.18, "severity": "Minor", "elevation_m": 1.85, "dist_to_coast_km": 8.8, "district": "Puri"}}, {"type": "Feature", "geometry": {"type": "Polygon", "coordinates": [[[85.8281715099177, 19.71678045274883], [85.83774028837047, 19.71678045274883], [85.83774028837047, 19.725763564498735], [85.8281715099177, 19.725763564498735], [85.8281715099177, 19.71678045274883]]]}, "properties": {"depth_m": 0.18, "severity": "Minor", "elevation_m": 1.85, "dist_to_coast_km": 8.8, "district": "Puri"}}, {"type": "Feature", "geometry": {"type": "Polygon", "coordinates": [[[85.83774028837047, 19.71678045274883], [85.84730906682321, 19.71678045274883], [85.84730906682321, 19.725763564498735], [85.83774028837047, 19.725763564498735], [85.83774028837047, 19.71678045274883]]]}, "properties": {"depth_m": 0.16, "severity": "Minor", "elevation_m": 1.86, "dist_to_coast_km": 8.9, "district": "Puri"}}, {"type": "Feature", "geometry": {"type": "Polygon", "coordinates": [[[85.84730906682321, 19.71678045274883], [85.85687784527599, 19.71678045274883], [85.85687784527599, 19.725763564498735], [85.84730906682321, 19.725763564498735], [85.84730906682321, 19.71678045274883]]]}, "properties": {"depth_m": 0.12, "severity": "Minor", "elevation_m": 1.89, "dist_to_coast_km": 9.1, "district": "Puri"}}, {"type": "Feature", "geometry": {"type": "Polygon", "coordinates": [[[85.29231991656314, 19.725763564498735], [85.30188869501592, 19.725763564498735], [85.30188869501592, 19.734746676248648], [85.29231991656314, 19.734746676248648], [85.29231991656314, 19.725763564498735]]]}, "properties": {"depth_m": 0.28, "severity": "Minor", "elevation_m": 2.43, "dist_to_coast_km": 17.0, "district": "Puri"}}, {"type": "Feature", "geometry": {"type": "Polygon", "coordinates": [[[85.30188869501592, 19.725763564498735], [85.31145747346866, 19.725763564498735], [85.31145747346866, 19.734746676248648], [85.30188869501592, 19.734746676248648], [85.30188869501592, 19.725763564498735]]]}, "properties": {"depth_m": 0.49, "severity": "Moderate (Impassable)", "elevation_m": 2.32, "dist_to_coast_km": 16.0, "district": "Puri"}}, {"type": "Feature", "geometry": {"type": "Polygon", "coordinates": [[[85.31145747346866, 19.725763564498735], [85.32102625192144, 19.725763564498735], [85.32102625192144, 19.734746676248648], [85.31145747346866, 19.734746676248648], [85.31145747346866, 19.725763564498735]]]}, "properties": {"depth_m": 0.69, "severity": "Severe", "elevation_m": 2.21, "dist_to_coast_km": 15.1, "district": "Puri"}}, {"type": "Feature", "geometry": {"type": "Polygon", "coordinates": [[[85.32102625192144, 19.725763564498735], [85.33059503037418, 19.725763564498735], [85.33059503037418, 19.734746676248648], [85.32102625192144, 19.734746676248648], [85.32102625192144, 19.725763564498735]]]}, "properties": {"depth_m": 0.9, "severity": "Severe", "elevation_m": 2.1, "dist_to_coast_km": 14.2, "district": "Puri"}}, {"type": "Feature", "geometry": {"type": "Polygon", "coordinates": [[[85.33059503037418, 19.725763564498735], [85.34016380882696, 19.725763564498735], [85.34016380882696, 19.734746676248648], [85.33059503037418, 19.734746676248648], [85.33059503037418, 19.725763564498735]]]}, "properties": {"depth_m": 1.1, "severity": "Severe", "elevation_m": 1.99, "dist_to_coast_km": 13.2, "district": "Puri"}}, {"type": "Feature", "geometry": {"type": "Polygon", "coordinates": [[[85.34016380882696, 19.725763564498735], [85.3497325872797, 19.725763564498735], [85.3497325872797, 19.734746676248648], [85.34016380882696, 19.734746676248648], [85.34016380882696, 19.725763564498735]]]}, "properties": {"depth_m": 1.3, "severity": "Severe", "elevation_m": 1.88, "dist_to_coast_km": 12.3, "district": "Puri"}}, {"type": "Feature", "geometry": {"type": "Polygon", "coordinates": [[[85.3497325872797, 19.725763564498735], [85.35930136573248, 19.725763564498735], [85.35930136573248, 19.734746676248648], [85.3497325872797, 19.734746676248648], [85.3497325872797, 19.725763564498735]]]}, "properties": {"depth_m": 1.49, "severity": "Severe", "elevation_m": 1.77, "dist_to_coast_km": 11.5, "district": "Puri"}}, {"type": "Feature", "geometry": {"type": "Polygon", "coordinates": [[[85.35930136573248, 19.725763564498735], [85.36887014418522, 19.725763564498735], [85.36887014418522, 19.734746676248648], [85.35930136573248, 19.734746676248648], [85.35930136573248, 19.725763564498735]]]}, "properties": {"depth_m": 1.68, "severity": "Catastrophic", "elevation_m": 1.67, "dist_to_coast_km": 10.6, "district": "Puri"}}, {"type": "Feature", "geometry": {"type": "Polygon", "coordinates": [[[85.36887014418522, 19.725763564498735], [85.378438922638, 19.725763564498735], [85.378438922638, 19.734746676248648], [85.36887014418522, 19.734746676248648], [85.36887014418522, 19.725763564498735]]]}, "properties": {"depth_m": 1.86, "severity": "Catastrophic", "elevation_m": 1.57, "dist_to_coast_km": 9.8, "district": "Puri"}}, {"type": "Feature", "geometry": {"type": "Polygon", "coordinates": [[[85.378438922638, 19.725763564498735], [85.38800770109074, 19.725763564498735], [85.38800770109074, 19.734746676248648], [85.378438922638, 19.734746676248648], [85.378438922638, 19.725763564498735]]]}, "properties": {"depth_m": 2.04, "severity": "Catastrophic", "elevation_m": 1.47, "dist_to_coast_km": 8.9, "district": "Puri"}}, {"type": "Feature", "geometry": {"type": "Polygon", "coordinates": [[[85.38800770109074, 19.725763564498735], [85.39757647954352, 19.725763564498735], [85.39757647954352, 19.734746676248648], [85.38800770109074, 19.734746676248648], [85.38800770109074, 19.725763564498735]]]}, "properties": {"depth_m": 2.21, "severity": "Catastrophic", "elevation_m": 1.38, "dist_to_coast_km": 8.2, "district": "Puri"}}, {"type": "Feature", "geometry": {"type": "Polygon", "coordinates": [[[85.39757647954352, 19.725763564498735], [85.40714525799626, 19.725763564498735], [85.40714525799626, 19.734746676248648], [85.39757647954352, 19.734746676248648], [85.39757647954352, 19.725763564498735]]]}, "properties": {"depth_m": 2.36, "severity": "Catastrophic", "elevation_m": 1.3, "dist_to_coast_km": 7.5, "district": "Puri"}}, {"type": "Feature", "geometry": {"type": "Polygon", "coordinates": [[[85.40714525799626, 19.725763564498735], [85.41671403644904, 19.725763564498735], [85.41671403644904, 19.734746676248648], [85.40714525799626, 19.734746676248648], [85.40714525799626, 19.725763564498735]]]}, "properties": {"depth_m": 2.5, "severity": "Catastrophic", "elevation_m": 1.22, "dist_to_coast_km": 6.9, "district": "Puri"}}, {"type": "Feature", "geometry": {"type": "Polygon", "coordinates": [[[85.41671403644904, 19.725763564498735], [85.42628281490178, 19.725763564498735], [85.42628281490178, 19.734746676248648], [85.41671403644904, 19.734746676248648], [85.41671403644904, 19.725763564498735]]]}, "properties": {"depth_m": 2.62, "severity": "Catastrophic", "elevation_m": 1.16, "dist_to_coast_km": 6.3, "district": "Puri"}}, {"type": "Feature", "geometry": {"type": "Polygon", "coordinates": [[[85.42628281490178, 19.725763564498735], [85.43585159335456, 19.725763564498735], [85.43585159335456, 19.734746676248648], [85.42628281490178, 19.734746676248648], [85.42628281490178, 19.725763564498735]]]}, "properties": {"depth_m": 2.71, "severity": "Catastrophic", "elevation_m": 1.11, "dist_to_coast_km": 5.9, "district": "Puri"}}, {"type": "Feature", "geometry": {"type": "Polygon", "coordinates": [[[85.43585159335456, 19.725763564498735], [85.4454203718073, 19.725763564498735], [85.4454203718073, 19.734746676248648], [85.43585159335456, 19.734746676248648], [85.43585159335456, 19.725763564498735]]]}, "properties": {"depth_m": 2.76, "severity": "Catastrophic", "elevation_m": 1.08, "dist_to_coast_km": 5.7, "district": "Puri"}}, {"type": "Feature", "geometry": {"type": "Polygon", "coordinates": [[[85.4454203718073, 19.725763564498735], [85.45498915026008, 19.725763564498735], [85.45498915026008, 19.734746676248648], [85.4454203718073, 19.734746676248648], [85.4454203718073, 19.725763564498735]]]}, "properties": {"depth_m": 2.78, "severity": "Catastrophic", "elevation_m": 1.07, "dist_to_coast_km": 5.6, "district": "Puri"}}, {"type": "Feature", "geometry": {"type": "Polygon", "coordinates": [[[85.45498915026008, 19.725763564498735], [85.46455792871282, 19.725763564498735], [85.46455792871282, 19.734746676248648], [85.45498915026008, 19.734746676248648], [85.45498915026008, 19.725763564498735]]]}, "properties": {"depth_m": 2.76, "severity": "Catastrophic", "elevation_m": 1.08, "dist_to_coast_km": 5.7, "district": "Puri"}}, {"type": "Feature", "geometry": {"type": "Polygon", "coordinates": [[[85.46455792871282, 19.725763564498735], [85.4741267071656, 19.725763564498735], [85.4741267071656, 19.734746676248648], [85.46455792871282, 19.734746676248648], [85.46455792871282, 19.725763564498735]]]}, "properties": {"depth_m": 2.7, "severity": "Catastrophic", "elevation_m": 1.11, "dist_to_coast_km": 5.9, "district": "Puri"}}, {"type": "Feature", "geometry": {"type": "Polygon", "coordinates": [[[85.4741267071656, 19.725763564498735], [85.48369548561834, 19.725763564498735], [85.48369548561834, 19.734746676248648], [85.4741267071656, 19.734746676248648], [85.4741267071656, 19.725763564498735]]]}, "properties": {"depth_m": 2.61, "severity": "Catastrophic", "elevation_m": 1.16, "dist_to_coast_km": 6.4, "district": "Puri"}}, {"type": "Feature", "geometry": {"type": "Polygon", "coordinates": [[[85.48369548561834, 19.725763564498735], [85.49326426407112, 19.725763564498735], [85.49326426407112, 19.734746676248648], [85.48369548561834, 19.734746676248648], [85.48369548561834, 19.725763564498735]]]}, "properties": {"depth_m": 2.49, "severity": "Catastrophic", "elevation_m": 1.23, "dist_to_coast_km": 6.9, "district": "Puri"}}, {"type": "Feature", "geometry": {"type": "Polygon", "coordinates": [[[85.49326426407112, 19.725763564498735], [85.50283304252386, 19.725763564498735], [85.50283304252386, 19.734746676248648], [85.49326426407112, 19.734746676248648], [85.49326426407112, 19.725763564498735]]]}, "properties": {"depth_m": 2.36, "severity": "Catastrophic", "elevation_m": 1.3, "dist_to_coast_km": 7.5, "district": "Puri"}}, {"type": "Feature", "geometry": {"type": "Polygon", "coordinates": [[[85.50283304252386, 19.725763564498735], [85.51240182097663, 19.725763564498735], [85.51240182097663, 19.734746676248648], [85.50283304252386, 19.734746676248648], [85.50283304252386, 19.725763564498735]]]}, "properties": {"depth_m": 2.2, "severity": "Catastrophic", "elevation_m": 1.39, "dist_to_coast_km": 8.2, "district": "Puri"}}, {"type": "Feature", "geometry": {"type": "Polygon", "coordinates": [[[85.51240182097663, 19.725763564498735], [85.52197059942938, 19.725763564498735], [85.52197059942938, 19.734746676248648], [85.51240182097663, 19.734746676248648], [85.51240182097663, 19.725763564498735]]]}, "properties": {"depth_m": 2.03, "severity": "Catastrophic", "elevation_m": 1.48, "dist_to_coast_km": 9.0, "district": "Puri"}}, {"type": "Feature", "geometry": {"type": "Polygon", "coordinates": [[[85.52197059942938, 19.725763564498735], [85.53153937788215, 19.725763564498735], [85.53153937788215, 19.734746676248648], [85.52197059942938, 19.734746676248648], [85.52197059942938, 19.725763564498735]]]}, "properties": {"depth_m": 1.86, "severity": "Catastrophic", "elevation_m": 1.57, "dist_to_coast_km": 9.8, "district": "Puri"}}, {"type": "Feature", "geometry": {"type": "Polygon", "coordinates": [[[85.53153937788215, 19.725763564498735], [85.5411081563349, 19.725763564498735], [85.5411081563349, 19.734746676248648], [85.53153937788215, 19.734746676248648], [85.53153937788215, 19.725763564498735]]]}, "properties": {"depth_m": 1.67, "severity": "Catastrophic", "elevation_m": 1.67, "dist_to_coast_km": 10.6, "district": "Puri"}}, {"type": "Feature", "geometry": {"type": "Polygon", "coordinates": [[[85.5411081563349, 19.725763564498735], [85.55067693478767, 19.725763564498735], [85.55067693478767, 19.734746676248648], [85.5411081563349, 19.734746676248648], [85.5411081563349, 19.725763564498735]]]}, "properties": {"depth_m": 1.37, "severity": "Severe", "elevation_m": 1.73, "dist_to_coast_km": 11.1, "district": "Puri"}}, {"type": "Feature", "geometry": {"type": "Polygon", "coordinates": [[[85.55067693478767, 19.725763564498735], [85.56024571324042, 19.725763564498735], [85.56024571324042, 19.734746676248648], [85.55067693478767, 19.734746676248648], [85.55067693478767, 19.725763564498735]]]}, "properties": {"depth_m": 1.59, "severity": "Catastrophic", "elevation_m": 1.62, "dist_to_coast_km": 10.1, "district": "Puri"}}, {"type": "Feature", "geometry": {"type": "Polygon", "coordinates": [[[85.56024571324042, 19.725763564498735], [85.5698144916932, 19.725763564498735], [85.5698144916932, 19.734746676248648], [85.56024571324042, 19.734746676248648], [85.56024571324042, 19.725763564498735]]]}, "properties": {"depth_m": 1.8, "severity": "Catastrophic", "elevation_m": 1.5, "dist_to_coast_km": 9.2, "district": "Puri"}}, {"type": "Feature", "geometry": {"type": "Polygon", "coordinates": [[[85.5698144916932, 19.725763564498735], [85.57938327014594, 19.725763564498735], [85.57938327014594, 19.734746676248648], [85.5698144916932, 19.734746676248648], [85.5698144916932, 19.725763564498735]]]}, "properties": {"depth_m": 2.02, "severity": "Catastrophic", "elevation_m": 1.38, "dist_to_coast_km": 8.2, "district": "Puri"}}, {"type": "Feature", "geometry": {"type": "Polygon", "coordinates": [[[85.57938327014594, 19.725763564498735], [85.58895204859871, 19.725763564498735], [85.58895204859871, 19.734746676248648], [85.57938327014594, 19.734746676248648], [85.57938327014594, 19.725763564498735]]]}, "properties": {"depth_m": 2.23, "severity": "Catastrophic", "elevation_m": 1.27, "dist_to_coast_km": 7.2, "district": "Puri"}}, {"type": "Feature", "geometry": {"type": "Polygon", "coordinates": [[[85.58895204859871, 19.725763564498735], [85.59852082705146, 19.725763564498735], [85.59852082705146, 19.734746676248648], [85.58895204859871, 19.734746676248648], [85.58895204859871, 19.725763564498735]]]}, "properties": {"depth_m": 2.44, "severity": "Catastrophic", "elevation_m": 1.15, "dist_to_coast_km": 6.3, "district": "Puri"}}, {"type": "Feature", "geometry": {"type": "Polygon", "coordinates": [[[85.59852082705146, 19.725763564498735], [85.60808960550423, 19.725763564498735], [85.60808960550423, 19.734746676248648], [85.59852082705146, 19.734746676248648], [85.59852082705146, 19.725763564498735]]]}, "properties": {"depth_m": 2.64, "severity": "Catastrophic", "elevation_m": 1.04, "dist_to_coast_km": 5.4, "district": "Puri"}}, {"type": "Feature", "geometry": {"type": "Polygon", "coordinates": [[[85.60808960550423, 19.725763564498735], [85.61765838395698, 19.725763564498735], [85.61765838395698, 19.734746676248648], [85.60808960550423, 19.734746676248648], [85.60808960550423, 19.725763564498735]]]}, "properties": {"depth_m": 2.84, "severity": "Catastrophic", "elevation_m": 0.94, "dist_to_coast_km": 4.5, "district": "Puri"}}, {"type": "Feature", "geometry": {"type": "Polygon", "coordinates": [[[85.61765838395698, 19.725763564498735], [85.62722716240975, 19.725763564498735], [85.62722716240975, 19.734746676248648], [85.61765838395698, 19.734746676248648], [85.61765838395698, 19.725763564498735]]]}, "properties": {"depth_m": 3.02, "severity": "Catastrophic", "elevation_m": 0.83, "dist_to_coast_km": 3.6, "district": "Puri"}}, {"type": "Feature", "geometry": {"type": "Polygon", "coordinates": [[[85.62722716240975, 19.725763564498735], [85.6367959408625, 19.725763564498735], [85.6367959408625, 19.734746676248648], [85.62722716240975, 19.734746676248648], [85.62722716240975, 19.725763564498735]]]}, "properties": {"depth_m": 3.18, "severity": "Catastrophic", "elevation_m": 0.75, "dist_to_coast_km": 2.9, "district": "Puri"}}, {"type": "Feature", "geometry": {"type": "Polygon", "coordinates": [[[85.6367959408625, 19.725763564498735], [85.64636471931527, 19.725763564498735], [85.64636471931527, 19.734746676248648], [85.6367959408625, 19.734746676248648], [85.6367959408625, 19.725763564498735]]]}, "properties": {"depth_m": 3.3, "severity": "Catastrophic", "elevation_m": 0.68, "dist_to_coast_km": 2.4, "district": "Puri"}}, {"type": "Feature", "geometry": {"type": "Polygon", "coordinates": [[[85.64636471931527, 19.725763564498735], [85.65593349776802, 19.725763564498735], [85.65593349776802, 19.734746676248648], [85.64636471931527, 19.734746676248648], [85.64636471931527, 19.725763564498735]]]}, "properties": {"depth_m": 3.34, "severity": "Catastrophic", "elevation_m": 0.66, "dist_to_coast_km": 2.2, "district": "Puri"}}, {"type": "Feature", "geometry": {"type": "Polygon", "coordinates": [[[85.65593349776802, 19.725763564498735], [85.66550227622079, 19.725763564498735], [85.66550227622079, 19.734746676248648], [85.65593349776802, 19.734746676248648], [85.65593349776802, 19.725763564498735]]]}, "properties": {"depth_m": 3.28, "severity": "Catastrophic", "elevation_m": 0.7, "dist_to_coast_km": 2.5, "district": "Puri"}}, {"type": "Feature", "geometry": {"type": "Polygon", "coordinates": [[[85.66550227622079, 19.725763564498735], [85.67507105467354, 19.725763564498735], [85.67507105467354, 19.734746676248648], [85.66550227622079, 19.734746676248648], [85.66550227622079, 19.725763564498735]]]}, "properties": {"depth_m": 3.15, "severity": "Catastrophic", "elevation_m": 0.77, "dist_to_coast_km": 3.1, "district": "Puri"}}, {"type": "Feature", "geometry": {"type": "Polygon", "coordinates": [[[85.67507105467354, 19.725763564498735], [85.68463983312631, 19.725763564498735], [85.68463983312631, 19.734746676248648], [85.67507105467354, 19.734746676248648], [85.67507105467354, 19.725763564498735]]]}, "properties": {"depth_m": 2.98, "severity": "Catastrophic", "elevation_m": 0.86, "dist_to_coast_km": 3.8, "district": "Puri"}}, {"type": "Feature", "geometry": {"type": "Polygon", "coordinates": [[[85.68463983312631, 19.725763564498735], [85.69420861157906, 19.725763564498735], [85.69420861157906, 19.734746676248648], [85.68463983312631, 19.734746676248648], [85.68463983312631, 19.725763564498735]]]}, "properties": {"depth_m": 2.79, "severity": "Catastrophic", "elevation_m": 0.96, "dist_to_coast_km": 4.7, "district": "Puri"}}, {"type": "Feature", "geometry": {"type": "Polygon", "coordinates": [[[85.69420861157906, 19.725763564498735], [85.70377739003183, 19.725763564498735], [85.70377739003183, 19.734746676248648], [85.69420861157906, 19.734746676248648], [85.69420861157906, 19.725763564498735]]]}, "properties": {"depth_m": 2.59, "severity": "Catastrophic", "elevation_m": 1.07, "dist_to_coast_km": 5.6, "district": "Puri"}}, {"type": "Feature", "geometry": {"type": "Polygon", "coordinates": [[[85.70377739003183, 19.725763564498735], [85.71334616848458, 19.725763564498735], [85.71334616848458, 19.734746676248648], [85.70377739003183, 19.734746676248648], [85.70377739003183, 19.725763564498735]]]}, "properties": {"depth_m": 1.99, "severity": "Catastrophic", "elevation_m": 1.58, "dist_to_coast_km": 6.5, "district": "Puri"}}, {"type": "Feature", "geometry": {"type": "Polygon", "coordinates": [[[85.71334616848458, 19.725763564498735], [85.72291494693735, 19.725763564498735], [85.72291494693735, 19.734746676248648], [85.71334616848458, 19.734746676248648], [85.71334616848458, 19.725763564498735]]]}, "properties": {"depth_m": 1.78, "severity": "Catastrophic", "elevation_m": 1.7, "dist_to_coast_km": 7.5, "district": "Puri"}}, {"type": "Feature", "geometry": {"type": "Polygon", "coordinates": [[[85.72291494693735, 19.725763564498735], [85.7324837253901, 19.725763564498735], [85.7324837253901, 19.734746676248648], [85.72291494693735, 19.734746676248648], [85.72291494693735, 19.725763564498735]]]}, "properties": {"depth_m": 1.57, "severity": "Catastrophic", "elevation_m": 1.81, "dist_to_coast_km": 8.4, "district": "Puri"}}, {"type": "Feature", "geometry": {"type": "Polygon", "coordinates": [[[85.7324837253901, 19.725763564498735], [85.74205250384287, 19.725763564498735], [85.74205250384287, 19.734746676248648], [85.7324837253901, 19.734746676248648], [85.7324837253901, 19.725763564498735]]]}, "properties": {"depth_m": 1.35, "severity": "Severe", "elevation_m": 1.93, "dist_to_coast_km": 9.4, "district": "Puri"}}, {"type": "Feature", "geometry": {"type": "Polygon", "coordinates": [[[85.74205250384287, 19.725763564498735], [85.75162128229562, 19.725763564498735], [85.75162128229562, 19.734746676248648], [85.74205250384287, 19.734746676248648], [85.74205250384287, 19.725763564498735]]]}, "properties": {"depth_m": 1.14, "severity": "Severe", "elevation_m": 2.04, "dist_to_coast_km": 10.4, "district": "Puri"}}, {"type": "Feature", "geometry": {"type": "Polygon", "coordinates": [[[85.78032761765391, 19.725763564498735], [85.78989639610666, 19.725763564498735], [85.78989639610666, 19.734746676248648], [85.78032761765391, 19.734746676248648], [85.78032761765391, 19.725763564498735]]]}, "properties": {"depth_m": 0.12, "severity": "Minor", "elevation_m": 1.89, "dist_to_coast_km": 9.1, "district": "Puri"}}, {"type": "Feature", "geometry": {"type": "Polygon", "coordinates": [[[85.78989639610666, 19.725763564498735], [85.79946517455943, 19.725763564498735], [85.79946517455943, 19.734746676248648], [85.78989639610666, 19.734746676248648], [85.78989639610666, 19.725763564498735]]]}, "properties": {"depth_m": 0.22, "severity": "Minor", "elevation_m": 1.83, "dist_to_coast_km": 8.6, "district": "Puri"}}, {"type": "Feature", "geometry": {"type": "Polygon", "coordinates": [[[85.79946517455943, 19.725763564498735], [85.80903395301218, 19.725763564498735], [85.80903395301218, 19.734746676248648], [85.79946517455943, 19.734746676248648], [85.79946517455943, 19.725763564498735]]]}, "properties": {"depth_m": 0.3, "severity": "Moderate (Impassable)", "elevation_m": 1.79, "dist_to_coast_km": 8.2, "district": "Puri"}}, {"type": "Feature", "geometry": {"type": "Polygon", "coordinates": [[[85.80903395301218, 19.725763564498735], [85.81860273146495, 19.725763564498735], [85.81860273146495, 19.734746676248648], [85.80903395301218, 19.734746676248648], [85.80903395301218, 19.725763564498735]]]}, "properties": {"depth_m": 0.36, "severity": "Moderate (Impassable)", "elevation_m": 1.75, "dist_to_coast_km": 7.9, "district": "Puri"}}, {"type": "Feature", "geometry": {"type": "Polygon", "coordinates": [[[85.81860273146495, 19.725763564498735], [85.8281715099177, 19.725763564498735], [85.8281715099177, 19.734746676248648], [85.81860273146495, 19.734746676248648], [85.81860273146495, 19.725763564498735]]]}, "properties": {"depth_m": 0.4, "severity": "Moderate (Impassable)", "elevation_m": 1.73, "dist_to_coast_km": 7.8, "district": "Puri"}}, {"type": "Feature", "geometry": {"type": "Polygon", "coordinates": [[[85.8281715099177, 19.725763564498735], [85.83774028837047, 19.725763564498735], [85.83774028837047, 19.734746676248648], [85.8281715099177, 19.734746676248648], [85.8281715099177, 19.725763564498735]]]}, "properties": {"depth_m": 0.4, "severity": "Moderate (Impassable)", "elevation_m": 1.73, "dist_to_coast_km": 7.8, "district": "Puri"}}, {"type": "Feature", "geometry": {"type": "Polygon", "coordinates": [[[85.83774028837047, 19.725763564498735], [85.84730906682321, 19.725763564498735], [85.84730906682321, 19.734746676248648], [85.83774028837047, 19.734746676248648], [85.83774028837047, 19.725763564498735]]]}, "properties": {"depth_m": 0.38, "severity": "Moderate (Impassable)", "elevation_m": 1.74, "dist_to_coast_km": 7.9, "district": "Puri"}}, {"type": "Feature", "geometry": {"type": "Polygon", "coordinates": [[[85.84730906682321, 19.725763564498735], [85.85687784527599, 19.725763564498735], [85.85687784527599, 19.734746676248648], [85.84730906682321, 19.734746676248648], [85.84730906682321, 19.725763564498735]]]}, "properties": {"depth_m": 0.33, "severity": "Moderate (Impassable)", "elevation_m": 1.77, "dist_to_coast_km": 8.1, "district": "Puri"}}, {"type": "Feature", "geometry": {"type": "Polygon", "coordinates": [[[85.85687784527599, 19.725763564498735], [85.86644662372873, 19.725763564498735], [85.86644662372873, 19.734746676248648], [85.85687784527599, 19.734746676248648], [85.85687784527599, 19.725763564498735]]]}, "properties": {"depth_m": 0.25, "severity": "Minor", "elevation_m": 1.81, "dist_to_coast_km": 8.4, "district": "Puri"}}, {"type": "Feature", "geometry": {"type": "Polygon", "coordinates": [[[85.86644662372873, 19.725763564498735], [85.87601540218151, 19.725763564498735], [85.87601540218151, 19.734746676248648], [85.86644662372873, 19.734746676248648], [85.86644662372873, 19.725763564498735]]]}, "properties": {"depth_m": 0.16, "severity": "Minor", "elevation_m": 1.86, "dist_to_coast_km": 8.9, "district": "Puri"}}, {"type": "Feature", "geometry": {"type": "Polygon", "coordinates": [[[85.29231991656314, 19.734746676248648], [85.30188869501592, 19.734746676248648], [85.30188869501592, 19.743729787998554], [85.29231991656314, 19.743729787998554], [85.29231991656314, 19.734746676248648]]]}, "properties": {"depth_m": 0.2, "severity": "Minor", "elevation_m": 2.48, "dist_to_coast_km": 17.3, "district": "Puri"}}, {"type": "Feature", "geometry": {"type": "Polygon", "coordinates": [[[85.30188869501592, 19.734746676248648], [85.31145747346866, 19.734746676248648], [85.31145747346866, 19.743729787998554], [85.30188869501592, 19.743729787998554], [85.30188869501592, 19.734746676248648]]]}, "properties": {"depth_m": 0.41, "severity": "Moderate (Impassable)", "elevation_m": 2.37, "dist_to_coast_km": 16.4, "district": "Puri"}}, {"type": "Feature", "geometry": {"type": "Polygon", "coordinates": [[[85.31145747346866, 19.734746676248648], [85.32102625192144, 19.734746676248648], [85.32102625192144, 19.743729787998554], [85.31145747346866, 19.743729787998554], [85.31145747346866, 19.734746676248648]]]}, "properties": {"depth_m": 0.61, "severity": "Severe", "elevation_m": 2.26, "dist_to_coast_km": 15.5, "district": "Puri"}}, {"type": "Feature", "geometry": {"type": "Polygon", "coordinates": [[[85.32102625192144, 19.734746676248648], [85.33059503037418, 19.734746676248648], [85.33059503037418, 19.743729787998554], [85.32102625192144, 19.743729787998554], [85.32102625192144, 19.734746676248648]]]}, "properties": {"depth_m": 0.8, "severity": "Severe", "elevation_m": 2.15, "dist_to_coast_km": 14.6, "district": "Puri"}}, {"type": "Feature", "geometry": {"type": "Polygon", "coordinates": [[[85.33059503037418, 19.734746676248648], [85.34016380882696, 19.734746676248648], [85.34016380882696, 19.743729787998554], [85.33059503037418, 19.743729787998554], [85.33059503037418, 19.734746676248648]]]}, "properties": {"depth_m": 1.0, "severity": "Severe", "elevation_m": 2.04, "dist_to_coast_km": 13.7, "district": "Puri"}}, {"type": "Feature", "geometry": {"type": "Polygon", "coordinates": [[[85.34016380882696, 19.734746676248648], [85.3497325872797, 19.734746676248648], [85.3497325872797, 19.743729787998554], [85.34016380882696, 19.743729787998554], [85.34016380882696, 19.734746676248648]]]}, "properties": {"depth_m": 1.19, "severity": "Severe", "elevation_m": 1.94, "dist_to_coast_km": 12.8, "district": "Puri"}}, {"type": "Feature", "geometry": {"type": "Polygon", "coordinates": [[[85.3497325872797, 19.734746676248648], [85.35930136573248, 19.734746676248648], [85.35930136573248, 19.743729787998554], [85.3497325872797, 19.743729787998554], [85.3497325872797, 19.734746676248648]]]}, "properties": {"depth_m": 1.38, "severity": "Severe", "elevation_m": 1.84, "dist_to_coast_km": 12.0, "district": "Puri"}}, {"type": "Feature", "geometry": {"type": "Polygon", "coordinates": [[[85.35930136573248, 19.734746676248648], [85.36887014418522, 19.734746676248648], [85.36887014418522, 19.743729787998554], [85.35930136573248, 19.743729787998554], [85.35930136573248, 19.734746676248648]]]}, "properties": {"depth_m": 1.56, "severity": "Catastrophic", "elevation_m": 1.74, "dist_to_coast_km": 11.1, "district": "Puri"}}, {"type": "Feature", "geometry": {"type": "Polygon", "coordinates": [[[85.36887014418522, 19.734746676248648], [85.378438922638, 19.734746676248648], [85.378438922638, 19.743729787998554], [85.36887014418522, 19.743729787998554], [85.36887014418522, 19.734746676248648]]]}, "properties": {"depth_m": 1.73, "severity": "Catastrophic", "elevation_m": 1.64, "dist_to_coast_km": 10.4, "district": "Puri"}}, {"type": "Feature", "geometry": {"type": "Polygon", "coordinates": [[[85.378438922638, 19.734746676248648], [85.38800770109074, 19.734746676248648], [85.38800770109074, 19.743729787998554], [85.378438922638, 19.743729787998554], [85.378438922638, 19.734746676248648]]]}, "properties": {"depth_m": 1.9, "severity": "Catastrophic", "elevation_m": 1.55, "dist_to_coast_km": 9.6, "district": "Puri"}}, {"type": "Feature", "geometry": {"type": "Polygon", "coordinates": [[[85.38800770109074, 19.734746676248648], [85.39757647954352, 19.734746676248648], [85.39757647954352, 19.743729787998554], [85.38800770109074, 19.743729787998554], [85.38800770109074, 19.734746676248648]]]}, "properties": {"depth_m": 2.05, "severity": "Catastrophic", "elevation_m": 1.47, "dist_to_coast_km": 8.9, "district": "Puri"}}, {"type": "Feature", "geometry": {"type": "Polygon", "coordinates": [[[85.39757647954352, 19.734746676248648], [85.40714525799626, 19.734746676248648], [85.40714525799626, 19.743729787998554], [85.39757647954352, 19.743729787998554], [85.39757647954352, 19.734746676248648]]]}, "properties": {"depth_m": 2.19, "severity": "Catastrophic", "elevation_m": 1.39, "dist_to_coast_km": 8.3, "district": "Puri"}}, {"type": "Feature", "geometry": {"type": "Polygon", "coordinates": [[[85.40714525799626, 19.734746676248648], [85.41671403644904, 19.734746676248648], [85.41671403644904, 19.743729787998554], [85.40714525799626, 19.743729787998554], [85.40714525799626, 19.734746676248648]]]}, "properties": {"depth_m": 2.32, "severity": "Catastrophic", "elevation_m": 1.32, "dist_to_coast_km": 7.7, "district": "Puri"}}, {"type": "Feature", "geometry": {"type": "Polygon", "coordinates": [[[85.41671403644904, 19.734746676248648], [85.42628281490178, 19.734746676248648], [85.42628281490178, 19.743729787998554], [85.41671403644904, 19.743729787998554], [85.41671403644904, 19.734746676248648]]]}, "properties": {"depth_m": 2.42, "severity": "Catastrophic", "elevation_m": 1.27, "dist_to_coast_km": 7.2, "district": "Puri"}}, {"type": "Feature", "geometry": {"type": "Polygon", "coordinates": [[[85.42628281490178, 19.734746676248648], [85.43585159335456, 19.734746676248648], [85.43585159335456, 19.743729787998554], [85.42628281490178, 19.743729787998554], [85.42628281490178, 19.734746676248648]]]}, "properties": {"depth_m": 2.5, "severity": "Catastrophic", "elevation_m": 1.23, "dist_to_coast_km": 6.9, "district": "Puri"}}, {"type": "Feature", "geometry": {"type": "Polygon", "coordinates": [[[85.43585159335456, 19.734746676248648], [85.4454203718073, 19.734746676248648], [85.4454203718073, 19.743729787998554], [85.43585159335456, 19.743729787998554], [85.43585159335456, 19.734746676248648]]]}, "properties": {"depth_m": 2.54, "severity": "Catastrophic", "elevation_m": 1.2, "dist_to_coast_km": 6.7, "district": "Puri"}}, {"type": "Feature", "geometry": {"type": "Polygon", "coordinates": [[[85.4454203718073, 19.734746676248648], [85.45498915026008, 19.734746676248648], [85.45498915026008, 19.743729787998554], [85.4454203718073, 19.743729787998554], [85.4454203718073, 19.734746676248648]]]}, "properties": {"depth_m": 2.56, "severity": "Catastrophic", "elevation_m": 1.19, "dist_to_coast_km": 6.6, "district": "Puri"}}, {"type": "Feature", "geometry": {"type": "Polygon", "coordinates": [[[85.45498915026008, 19.734746676248648], [85.46455792871282, 19.734746676248648], [85.46455792871282, 19.743729787998554], [85.45498915026008, 19.743729787998554], [85.45498915026008, 19.734746676248648]]]}, "properties": {"depth_m": 2.54, "severity": "Catastrophic", "elevation_m": 1.2, "dist_to_coast_km": 6.7, "district": "Puri"}}, {"type": "Feature", "geometry": {"type": "Polygon", "coordinates": [[[85.46455792871282, 19.734746676248648], [85.4741267071656, 19.734746676248648], [85.4741267071656, 19.743729787998554], [85.46455792871282, 19.743729787998554], [85.46455792871282, 19.734746676248648]]]}, "properties": {"depth_m": 2.49, "severity": "Catastrophic", "elevation_m": 1.23, "dist_to_coast_km": 6.9, "district": "Puri"}}, {"type": "Feature", "geometry": {"type": "Polygon", "coordinates": [[[85.4741267071656, 19.734746676248648], [85.48369548561834, 19.734746676248648], [85.48369548561834, 19.743729787998554], [85.4741267071656, 19.743729787998554], [85.4741267071656, 19.734746676248648]]]}, "properties": {"depth_m": 2.42, "severity": "Catastrophic", "elevation_m": 1.27, "dist_to_coast_km": 7.2, "district": "Puri"}}, {"type": "Feature", "geometry": {"type": "Polygon", "coordinates": [[[85.48369548561834, 19.734746676248648], [85.49326426407112, 19.734746676248648], [85.49326426407112, 19.743729787998554], [85.48369548561834, 19.743729787998554], [85.48369548561834, 19.734746676248648]]]}, "properties": {"depth_m": 2.31, "severity": "Catastrophic", "elevation_m": 1.33, "dist_to_coast_km": 7.7, "district": "Puri"}}, {"type": "Feature", "geometry": {"type": "Polygon", "coordinates": [[[85.49326426407112, 19.734746676248648], [85.50283304252386, 19.734746676248648], [85.50283304252386, 19.743729787998554], [85.49326426407112, 19.743729787998554], [85.49326426407112, 19.734746676248648]]]}, "properties": {"depth_m": 2.19, "severity": "Catastrophic", "elevation_m": 1.39, "dist_to_coast_km": 8.3, "district": "Puri"}}, {"type": "Feature", "geometry": {"type": "Polygon", "coordinates": [[[85.50283304252386, 19.734746676248648], [85.51240182097663, 19.734746676248648], [85.51240182097663, 19.743729787998554], [85.50283304252386, 19.743729787998554], [85.50283304252386, 19.734746676248648]]]}, "properties": {"depth_m": 2.05, "severity": "Catastrophic", "elevation_m": 1.47, "dist_to_coast_km": 8.9, "district": "Puri"}}, {"type": "Feature", "geometry": {"type": "Polygon", "coordinates": [[[85.51240182097663, 19.734746676248648], [85.52197059942938, 19.734746676248648], [85.52197059942938, 19.743729787998554], [85.51240182097663, 19.743729787998554], [85.51240182097663, 19.734746676248648]]]}, "properties": {"depth_m": 1.89, "severity": "Catastrophic", "elevation_m": 1.56, "dist_to_coast_km": 9.6, "district": "Puri"}}, {"type": "Feature", "geometry": {"type": "Polygon", "coordinates": [[[85.52197059942938, 19.734746676248648], [85.53153937788215, 19.734746676248648], [85.53153937788215, 19.743729787998554], [85.52197059942938, 19.743729787998554], [85.52197059942938, 19.734746676248648]]]}, "properties": {"depth_m": 1.72, "severity": "Catastrophic", "elevation_m": 1.65, "dist_to_coast_km": 10.4, "district": "Puri"}}, {"type": "Feature", "geometry": {"type": "Polygon", "coordinates": [[[85.53153937788215, 19.734746676248648], [85.5411081563349, 19.734746676248648], [85.5411081563349, 19.743729787998554], [85.53153937788215, 19.743729787998554], [85.53153937788215, 19.734746676248648]]]}, "properties": {"depth_m": 1.55, "severity": "Catastrophic", "elevation_m": 1.74, "dist_to_coast_km": 11.2, "district": "Puri"}}, {"type": "Feature", "geometry": {"type": "Polygon", "coordinates": [[[85.5411081563349, 19.734746676248648], [85.55067693478767, 19.734746676248648], [85.55067693478767, 19.743729787998554], [85.5411081563349, 19.743729787998554], [85.5411081563349, 19.734746676248648]]]}, "properties": {"depth_m": 1.41, "severity": "Severe", "elevation_m": 1.72, "dist_to_coast_km": 11.0, "district": "Puri"}}, {"type": "Feature", "geometry": {"type": "Polygon", "coordinates": [[[85.55067693478767, 19.734746676248648], [85.56024571324042, 19.734746676248648], [85.56024571324042, 19.743729787998554], [85.55067693478767, 19.743729787998554], [85.55067693478767, 19.734746676248648]]]}, "properties": {"depth_m": 1.63, "severity": "Catastrophic", "elevation_m": 1.6, "dist_to_coast_km": 10.0, "district": "Puri"}}, {"type": "Feature", "geometry": {"type": "Polygon", "coordinates": [[[85.56024571324042, 19.734746676248648], [85.5698144916932, 19.734746676248648], [85.5698144916932, 19.743729787998554], [85.56024571324042, 19.743729787998554], [85.56024571324042, 19.734746676248648]]]}, "properties": {"depth_m": 1.85, "severity": "Catastrophic", "elevation_m": 1.48, "dist_to_coast_km": 9.0, "district": "Puri"}}, {"type": "Feature", "geometry": {"type": "Polygon", "coordinates": [[[85.5698144916932, 19.734746676248648], [85.57938327014594, 19.734746676248648], [85.57938327014594, 19.743729787998554], [85.5698144916932, 19.743729787998554], [85.5698144916932, 19.734746676248648]]]}, "properties": {"depth_m": 2.06, "severity": "Catastrophic", "elevation_m": 1.36, "dist_to_coast_km": 8.0, "district": "Puri"}}, {"type": "Feature", "geometry": {"type": "Polygon", "coordinates": [[[85.57938327014594, 19.734746676248648], [85.58895204859871, 19.734746676248648], [85.58895204859871, 19.743729787998554], [85.57938327014594, 19.743729787998554], [85.57938327014594, 19.734746676248648]]]}, "properties": {"depth_m": 2.28, "severity": "Catastrophic", "elevation_m": 1.24, "dist_to_coast_km": 7.0, "district": "Puri"}}, {"type": "Feature", "geometry": {"type": "Polygon", "coordinates": [[[85.58895204859871, 19.734746676248648], [85.59852082705146, 19.734746676248648], [85.59852082705146, 19.743729787998554], [85.58895204859871, 19.743729787998554], [85.58895204859871, 19.734746676248648]]]}, "properties": {"depth_m": 2.5, "severity": "Catastrophic", "elevation_m": 1.12, "dist_to_coast_km": 6.0, "district": "Puri"}}, {"type": "Feature", "geometry": {"type": "Polygon", "coordinates": [[[85.59852082705146, 19.734746676248648], [85.60808960550423, 19.734746676248648], [85.60808960550423, 19.743729787998554], [85.59852082705146, 19.743729787998554], [85.59852082705146, 19.734746676248648]]]}, "properties": {"depth_m": 2.71, "severity": "Catastrophic", "elevation_m": 1.0, "dist_to_coast_km": 5.0, "district": "Puri"}}, {"type": "Feature", "geometry": {"type": "Polygon", "coordinates": [[[85.60808960550423, 19.734746676248648], [85.61765838395698, 19.734746676248648], [85.61765838395698, 19.743729787998554], [85.60808960550423, 19.743729787998554], [85.60808960550423, 19.734746676248648]]]}, "properties": {"depth_m": 2.93, "severity": "Catastrophic", "elevation_m": 0.89, "dist_to_coast_km": 4.1, "district": "Puri"}}, {"type": "Feature", "geometry": {"type": "Polygon", "coordinates": [[[85.61765838395698, 19.734746676248648], [85.62722716240975, 19.734746676248648], [85.62722716240975, 19.743729787998554], [85.61765838395698, 19.743729787998554], [85.61765838395698, 19.734746676248648]]]}, "properties": {"depth_m": 3.13, "severity": "Catastrophic", "elevation_m": 0.77, "dist_to_coast_km": 3.1, "district": "Puri"}}, {"type": "Feature", "geometry": {"type": "Polygon", "coordinates": [[[85.62722716240975, 19.734746676248648], [85.6367959408625, 19.734746676248648], [85.6367959408625, 19.743729787998554], [85.62722716240975, 19.743729787998554], [85.62722716240975, 19.734746676248648]]]}, "properties": {"depth_m": 3.33, "severity": "Catastrophic", "elevation_m": 0.67, "dist_to_coast_km": 2.2, "district": "Puri"}}, {"type": "Feature", "geometry": {"type": "Polygon", "coordinates": [[[85.6367959408625, 19.734746676248648], [85.64636471931527, 19.734746676248648], [85.64636471931527, 19.743729787998554], [85.6367959408625, 19.743729787998554], [85.6367959408625, 19.734746676248648]]]}, "properties": {"depth_m": 3.49, "severity": "Catastrophic", "elevation_m": 0.58, "dist_to_coast_km": 1.5, "district": "Puri"}}, {"type": "Feature", "geometry": {"type": "Polygon", "coordinates": [[[85.64636471931527, 19.734746676248648], [85.65593349776802, 19.734746676248648], [85.65593349776802, 19.743729787998554], [85.64636471931527, 19.743729787998554], [85.64636471931527, 19.734746676248648]]]}, "properties": {"depth_m": 3.56, "severity": "Catastrophic", "elevation_m": 0.54, "dist_to_coast_km": 1.2, "district": "Puri"}}, {"type": "Feature", "geometry": {"type": "Polygon", "coordinates": [[[85.65593349776802, 19.734746676248648], [85.66550227622079, 19.734746676248648], [85.66550227622079, 19.743729787998554], [85.65593349776802, 19.743729787998554], [85.65593349776802, 19.734746676248648]]]}, "properties": {"depth_m": 3.46, "severity": "Catastrophic", "elevation_m": 0.6, "dist_to_coast_km": 1.6, "district": "Puri"}}, {"type": "Feature", "geometry": {"type": "Polygon", "coordinates": [[[85.66550227622079, 19.734746676248648], [85.67507105467354, 19.734746676248648], [85.67507105467354, 19.743729787998554], [85.66550227622079, 19.743729787998554], [85.66550227622079, 19.734746676248648]]]}, "properties": {"depth_m": 3.28, "severity": "Catastrophic", "elevation_m": 0.69, "dist_to_coast_km": 2.4, "district": "Puri"}}, {"type": "Feature", "geometry": {"type": "Polygon", "coordinates": [[[85.67507105467354, 19.734746676248648], [85.68463983312631, 19.734746676248648], [85.68463983312631, 19.743729787998554], [85.67507105467354, 19.743729787998554], [85.67507105467354, 19.734746676248648]]]}, "properties": {"depth_m": 3.08, "severity": "Catastrophic", "elevation_m": 0.8, "dist_to_coast_km": 3.3, "district": "Puri"}}, {"type": "Feature", "geometry": {"type": "Polygon", "coordinates": [[[85.68463983312631, 19.734746676248648], [85.69420861157906, 19.734746676248648], [85.69420861157906, 19.743729787998554], [85.68463983312631, 19.743729787998554], [85.68463983312631, 19.734746676248648]]]}, "properties": {"depth_m": 2.87, "severity": "Catastrophic", "elevation_m": 0.92, "dist_to_coast_km": 4.3, "district": "Puri"}}, {"type": "Feature", "geometry": {"type": "Polygon", "coordinates": [[[85.69420861157906, 19.734746676248648], [85.70377739003183, 19.734746676248648], [85.70377739003183, 19.743729787998554], [85.69420861157906, 19.743729787998554], [85.69420861157906, 19.734746676248648]]]}, "properties": {"depth_m": 2.66, "severity": "Catastrophic", "elevation_m": 1.03, "dist_to_coast_km": 5.3, "district": "Puri"}}, {"type": "Feature", "geometry": {"type": "Polygon", "coordinates": [[[85.70377739003183, 19.734746676248648], [85.71334616848458, 19.734746676248648], [85.71334616848458, 19.743729787998554], [85.70377739003183, 19.743729787998554], [85.70377739003183, 19.734746676248648]]]}, "properties": {"depth_m": 2.05, "severity": "Catastrophic", "elevation_m": 1.55, "dist_to_coast_km": 6.2, "district": "Puri"}}, {"type": "Feature", "geometry": {"type": "Polygon", "coordinates": [[[85.71334616848458, 19.734746676248648], [85.72291494693735, 19.734746676248648], [85.72291494693735, 19.743729787998554], [85.71334616848458, 19.743729787998554], [85.71334616848458, 19.734746676248648]]]}, "properties": {"depth_m": 1.83, "severity": "Catastrophic", "elevation_m": 1.67, "dist_to_coast_km": 7.2, "district": "Puri"}}, {"type": "Feature", "geometry": {"type": "Polygon", "coordinates": [[[85.72291494693735, 19.734746676248648], [85.7324837253901, 19.734746676248648], [85.7324837253901, 19.743729787998554], [85.72291494693735, 19.743729787998554], [85.72291494693735, 19.734746676248648]]]}, "properties": {"depth_m": 1.61, "severity": "Catastrophic", "elevation_m": 1.79, "dist_to_coast_km": 8.2, "district": "Puri"}}, {"type": "Feature", "geometry": {"type": "Polygon", "coordinates": [[[85.7324837253901, 19.734746676248648], [85.74205250384287, 19.734746676248648], [85.74205250384287, 19.743729787998554], [85.7324837253901, 19.743729787998554], [85.7324837253901, 19.734746676248648]]]}, "properties": {"depth_m": 1.39, "severity": "Severe", "elevation_m": 1.91, "dist_to_coast_km": 9.2, "district": "Puri"}}, {"type": "Feature", "geometry": {"type": "Polygon", "coordinates": [[[85.74205250384287, 19.734746676248648], [85.75162128229562, 19.734746676248648], [85.75162128229562, 19.743729787998554], [85.74205250384287, 19.743729787998554], [85.74205250384287, 19.734746676248648]]]}, "properties": {"depth_m": 1.17, "severity": "Severe", "elevation_m": 2.02, "dist_to_coast_km": 10.2, "district": "Puri"}}, {"type": "Feature", "geometry": {"type": "Polygon", "coordinates": [[[85.77075883920114, 19.734746676248648], [85.78032761765391, 19.734746676248648], [85.78032761765391, 19.743729787998554], [85.77075883920114, 19.743729787998554], [85.77075883920114, 19.734746676248648]]]}, "properties": {"depth_m": 0.17, "severity": "Minor", "elevation_m": 1.86, "dist_to_coast_km": 8.8, "district": "Puri"}}, {"type": "Feature", "geometry": {"type": "Polygon", "coordinates": [[[85.78032761765391, 19.734746676248648], [85.78989639610666, 19.734746676248648], [85.78989639610666, 19.743729787998554], [85.78032761765391, 19.743729787998554], [85.78032761765391, 19.734746676248648]]]}, "properties": {"depth_m": 0.3, "severity": "Minor", "elevation_m": 1.79, "dist_to_coast_km": 8.2, "district": "Puri"}}, {"type": "Feature", "geometry": {"type": "Polygon", "coordinates": [[[85.78989639610666, 19.734746676248648], [85.79946517455943, 19.734746676248648], [85.79946517455943, 19.743729787998554], [85.78989639610666, 19.743729787998554], [85.78989639610666, 19.734746676248648]]]}, "properties": {"depth_m": 0.42, "severity": "Moderate (Impassable)", "elevation_m": 1.72, "dist_to_coast_km": 7.7, "district": "Puri"}}, {"type": "Feature", "geometry": {"type": "Polygon", "coordinates": [[[85.79946517455943, 19.734746676248648], [85.80903395301218, 19.734746676248648], [85.80903395301218, 19.743729787998554], [85.79946517455943, 19.743729787998554], [85.79946517455943, 19.734746676248648]]]}, "properties": {"depth_m": 0.51, "severity": "Moderate (Impassable)", "elevation_m": 1.67, "dist_to_coast_km": 7.3, "district": "Puri"}}, {"type": "Feature", "geometry": {"type": "Polygon", "coordinates": [[[85.80903395301218, 19.734746676248648], [85.81860273146495, 19.734746676248648], [85.81860273146495, 19.743729787998554], [85.80903395301218, 19.743729787998554], [85.80903395301218, 19.734746676248648]]]}, "properties": {"depth_m": 0.58, "severity": "Moderate (Impassable)", "elevation_m": 1.64, "dist_to_coast_km": 7.0, "district": "Puri"}}, {"type": "Feature", "geometry": {"type": "Polygon", "coordinates": [[[85.81860273146495, 19.734746676248648], [85.8281715099177, 19.734746676248648], [85.8281715099177, 19.743729787998554], [85.81860273146495, 19.743729787998554], [85.81860273146495, 19.734746676248648]]]}, "properties": {"depth_m": 0.62, "severity": "Severe", "elevation_m": 1.62, "dist_to_coast_km": 6.8, "district": "Puri"}}, {"type": "Feature", "geometry": {"type": "Polygon", "coordinates": [[[85.8281715099177, 19.734746676248648], [85.83774028837047, 19.734746676248648], [85.83774028837047, 19.743729787998554], [85.8281715099177, 19.743729787998554], [85.8281715099177, 19.734746676248648]]]}, "properties": {"depth_m": 0.62, "severity": "Severe", "elevation_m": 1.61, "dist_to_coast_km": 6.8, "district": "Puri"}}, {"type": "Feature", "geometry": {"type": "Polygon", "coordinates": [[[85.83774028837047, 19.734746676248648], [85.84730906682321, 19.734746676248648], [85.84730906682321, 19.743729787998554], [85.83774028837047, 19.743729787998554], [85.83774028837047, 19.734746676248648]]]}, "properties": {"depth_m": 0.6, "severity": "Moderate (Impassable)", "elevation_m": 1.63, "dist_to_coast_km": 6.9, "district": "Puri"}}, {"type": "Feature", "geometry": {"type": "Polygon", "coordinates": [[[85.84730906682321, 19.734746676248648], [85.85687784527599, 19.734746676248648], [85.85687784527599, 19.743729787998554], [85.84730906682321, 19.743729787998554], [85.84730906682321, 19.734746676248648]]]}, "properties": {"depth_m": 0.54, "severity": "Moderate (Impassable)", "elevation_m": 1.66, "dist_to_coast_km": 7.1, "district": "Puri"}}, {"type": "Feature", "geometry": {"type": "Polygon", "coordinates": [[[85.85687784527599, 19.734746676248648], [85.86644662372873, 19.734746676248648], [85.86644662372873, 19.743729787998554], [85.85687784527599, 19.743729787998554], [85.85687784527599, 19.734746676248648]]]}, "properties": {"depth_m": 0.45, "severity": "Moderate (Impassable)", "elevation_m": 1.7, "dist_to_coast_km": 7.5, "district": "Puri"}}, {"type": "Feature", "geometry": {"type": "Polygon", "coordinates": [[[85.86644662372873, 19.734746676248648], [85.87601540218151, 19.734746676248648], [85.87601540218151, 19.743729787998554], [85.86644662372873, 19.743729787998554], [85.86644662372873, 19.734746676248648]]]}, "properties": {"depth_m": 0.35, "severity": "Moderate (Impassable)", "elevation_m": 1.76, "dist_to_coast_km": 8.0, "district": "Puri"}}, {"type": "Feature", "geometry": {"type": "Polygon", "coordinates": [[[85.87601540218151, 19.734746676248648], [85.88558418063425, 19.734746676248648], [85.88558418063425, 19.743729787998554], [85.87601540218151, 19.743729787998554], [85.87601540218151, 19.734746676248648]]]}, "properties": {"depth_m": 0.22, "severity": "Minor", "elevation_m": 1.83, "dist_to_coast_km": 8.6, "district": "Puri"}}, {"type": "Feature", "geometry": {"type": "Polygon", "coordinates": [[[85.29231991656314, 19.743729787998554], [85.30188869501592, 19.743729787998554], [85.30188869501592, 19.752712899748467], [85.29231991656314, 19.752712899748467], [85.29231991656314, 19.743729787998554]]]}, "properties": {"depth_m": 0.11, "severity": "Minor", "elevation_m": 2.53, "dist_to_coast_km": 17.7, "district": "Puri"}}, {"type": "Feature", "geometry": {"type": "Polygon", "coordinates": [[[85.30188869501592, 19.743729787998554], [85.31145747346866, 19.743729787998554], [85.31145747346866, 19.752712899748467], [85.30188869501592, 19.752712899748467], [85.30188869501592, 19.743729787998554]]]}, "properties": {"depth_m": 0.31, "severity": "Moderate (Impassable)", "elevation_m": 2.42, "dist_to_coast_km": 16.8, "district": "Puri"}}, {"type": "Feature", "geometry": {"type": "Polygon", "coordinates": [[[85.31145747346866, 19.743729787998554], [85.32102625192144, 19.743729787998554], [85.32102625192144, 19.752712899748467], [85.31145747346866, 19.752712899748467], [85.31145747346866, 19.743729787998554]]]}, "properties": {"depth_m": 0.51, "severity": "Moderate (Impassable)", "elevation_m": 2.31, "dist_to_coast_km": 15.9, "district": "Puri"}}, {"type": "Feature", "geometry": {"type": "Polygon", "coordinates": [[[85.32102625192144, 19.743729787998554], [85.33059503037418, 19.743729787998554], [85.33059503037418, 19.752712899748467], [85.32102625192144, 19.752712899748467], [85.32102625192144, 19.743729787998554]]]}, "properties": {"depth_m": 0.7, "severity": "Severe", "elevation_m": 2.21, "dist_to_coast_km": 15.1, "district": "Puri"}}, {"type": "Feature", "geometry": {"type": "Polygon", "coordinates": [[[85.33059503037418, 19.743729787998554], [85.34016380882696, 19.743729787998554], [85.34016380882696, 19.752712899748467], [85.33059503037418, 19.752712899748467], [85.33059503037418, 19.743729787998554]]]}, "properties": {"depth_m": 0.89, "severity": "Severe", "elevation_m": 2.1, "dist_to_coast_km": 14.2, "district": "Puri"}}, {"type": "Feature", "geometry": {"type": "Polygon", "coordinates": [[[85.34016380882696, 19.743729787998554], [85.3497325872797, 19.743729787998554], [85.3497325872797, 19.752712899748467], [85.34016380882696, 19.752712899748467], [85.34016380882696, 19.743729787998554]]]}, "properties": {"depth_m": 1.07, "severity": "Severe", "elevation_m": 2.0, "dist_to_coast_km": 13.4, "district": "Puri"}}, {"type": "Feature", "geometry": {"type": "Polygon", "coordinates": [[[85.3497325872797, 19.743729787998554], [85.35930136573248, 19.743729787998554], [85.35930136573248, 19.752712899748467], [85.3497325872797, 19.752712899748467], [85.3497325872797, 19.743729787998554]]]}, "properties": {"depth_m": 1.25, "severity": "Severe", "elevation_m": 1.91, "dist_to_coast_km": 12.5, "district": "Puri"}}, {"type": "Feature", "geometry": {"type": "Polygon", "coordinates": [[[85.35930136573248, 19.743729787998554], [85.36887014418522, 19.743729787998554], [85.36887014418522, 19.752712899748467], [85.35930136573248, 19.752712899748467], [85.35930136573248, 19.743729787998554]]]}, "properties": {"depth_m": 1.42, "severity": "Severe", "elevation_m": 1.81, "dist_to_coast_km": 11.8, "district": "Puri"}}, {"type": "Feature", "geometry": {"type": "Polygon", "coordinates": [[[85.36887014418522, 19.743729787998554], [85.378438922638, 19.743729787998554], [85.378438922638, 19.752712899748467], [85.36887014418522, 19.752712899748467], [85.36887014418522, 19.743729787998554]]]}, "properties": {"depth_m": 1.59, "severity": "Catastrophic", "elevation_m": 1.72, "dist_to_coast_km": 11.0, "district": "Puri"}}, {"type": "Feature", "geometry": {"type": "Polygon", "coordinates": [[[85.378438922638, 19.743729787998554], [85.38800770109074, 19.743729787998554], [85.38800770109074, 19.752712899748467], [85.378438922638, 19.752712899748467], [85.378438922638, 19.743729787998554]]]}, "properties": {"depth_m": 1.74, "severity": "Catastrophic", "elevation_m": 1.64, "dist_to_coast_km": 10.3, "district": "Puri"}}, {"type": "Feature", "geometry": {"type": "Polygon", "coordinates": [[[85.38800770109074, 19.743729787998554], [85.39757647954352, 19.743729787998554], [85.39757647954352, 19.752712899748467], [85.38800770109074, 19.752712899748467], [85.38800770109074, 19.743729787998554]]]}, "properties": {"depth_m": 1.88, "severity": "Catastrophic", "elevation_m": 1.56, "dist_to_coast_km": 9.7, "district": "Puri"}}, {"type": "Feature", "geometry": {"type": "Polygon", "coordinates": [[[85.39757647954352, 19.743729787998554], [85.40714525799626, 19.743729787998554], [85.40714525799626, 19.752712899748467], [85.39757647954352, 19.752712899748467], [85.39757647954352, 19.743729787998554]]]}, "properties": {"depth_m": 2.01, "severity": "Catastrophic", "elevation_m": 1.49, "dist_to_coast_km": 9.1, "district": "Puri"}}, {"type": "Feature", "geometry": {"type": "Polygon", "coordinates": [[[85.40714525799626, 19.743729787998554], [85.41671403644904, 19.743729787998554], [85.41671403644904, 19.752712899748467], [85.40714525799626, 19.752712899748467], [85.40714525799626, 19.743729787998554]]]}, "properties": {"depth_m": 2.12, "severity": "Catastrophic", "elevation_m": 1.43, "dist_to_coast_km": 8.6, "district": "Puri"}}, {"type": "Feature", "geometry": {"type": "Polygon", "coordinates": [[[85.41671403644904, 19.743729787998554], [85.42628281490178, 19.743729787998554], [85.42628281490178, 19.752712899748467], [85.41671403644904, 19.752712899748467], [85.41671403644904, 19.743729787998554]]]}, "properties": {"depth_m": 2.22, "severity": "Catastrophic", "elevation_m": 1.38, "dist_to_coast_km": 8.2, "district": "Puri"}}, {"type": "Feature", "geometry": {"type": "Polygon", "coordinates": [[[85.42628281490178, 19.743729787998554], [85.43585159335456, 19.743729787998554], [85.43585159335456, 19.752712899748467], [85.42628281490178, 19.752712899748467], [85.42628281490178, 19.743729787998554]]]}, "properties": {"depth_m": 2.29, "severity": "Catastrophic", "elevation_m": 1.34, "dist_to_coast_km": 7.8, "district": "Puri"}}, {"type": "Feature", "geometry": {"type": "Polygon", "coordinates": [[[85.43585159335456, 19.743729787998554], [85.4454203718073, 19.743729787998554], [85.4454203718073, 19.752712899748467], [85.43585159335456, 19.752712899748467], [85.43585159335456, 19.743729787998554]]]}, "properties": {"depth_m": 2.33, "severity": "Catastrophic", "elevation_m": 1.32, "dist_to_coast_km": 7.6, "district": "Puri"}}, {"type": "Feature", "geometry": {"type": "Polygon", "coordinates": [[[85.4454203718073, 19.743729787998554], [85.45498915026008, 19.743729787998554], [85.45498915026008, 19.752712899748467], [85.4454203718073, 19.752712899748467], [85.4454203718073, 19.743729787998554]]]}, "properties": {"depth_m": 2.34, "severity": "Catastrophic", "elevation_m": 1.31, "dist_to_coast_km": 7.6, "district": "Puri"}}, {"type": "Feature", "geometry": {"type": "Polygon", "coordinates": [[[85.45498915026008, 19.743729787998554], [85.46455792871282, 19.743729787998554], [85.46455792871282, 19.752712899748467], [85.45498915026008, 19.752712899748467], [85.45498915026008, 19.743729787998554]]]}, "properties": {"depth_m": 2.33, "severity": "Catastrophic", "elevation_m": 1.32, "dist_to_coast_km": 7.7, "district": "Puri"}}, {"type": "Feature", "geometry": {"type": "Polygon", "coordinates": [[[85.46455792871282, 19.743729787998554], [85.4741267071656, 19.743729787998554], [85.4741267071656, 19.752712899748467], [85.46455792871282, 19.752712899748467], [85.46455792871282, 19.743729787998554]]]}, "properties": {"depth_m": 2.28, "severity": "Catastrophic", "elevation_m": 1.34, "dist_to_coast_km": 7.9, "district": "Puri"}}, {"type": "Feature", "geometry": {"type": "Polygon", "coordinates": [[[85.4741267071656, 19.743729787998554], [85.48369548561834, 19.743729787998554], [85.48369548561834, 19.752712899748467], [85.4741267071656, 19.752712899748467], [85.4741267071656, 19.743729787998554]]]}, "properties": {"depth_m": 2.21, "severity": "Catastrophic", "elevation_m": 1.38, "dist_to_coast_km": 8.2, "district": "Puri"}}, {"type": "Feature", "geometry": {"type": "Polygon", "coordinates": [[[85.48369548561834, 19.743729787998554], [85.49326426407112, 19.743729787998554], [85.49326426407112, 19.752712899748467], [85.48369548561834, 19.752712899748467], [85.48369548561834, 19.743729787998554]]]}, "properties": {"depth_m": 2.12, "severity": "Catastrophic", "elevation_m": 1.43, "dist_to_coast_km": 8.6, "district": "Puri"}}, {"type": "Feature", "geometry": {"type": "Polygon", "coordinates": [[[85.49326426407112, 19.743729787998554], [85.50283304252386, 19.743729787998554], [85.50283304252386, 19.752712899748467], [85.49326426407112, 19.752712899748467], [85.49326426407112, 19.743729787998554]]]}, "properties": {"depth_m": 2.01, "severity": "Catastrophic", "elevation_m": 1.49, "dist_to_coast_km": 9.1, "district": "Puri"}}, {"type": "Feature", "geometry": {"type": "Polygon", "coordinates": [[[85.50283304252386, 19.743729787998554], [85.51240182097663, 19.743729787998554], [85.51240182097663, 19.752712899748467], [85.50283304252386, 19.752712899748467], [85.50283304252386, 19.743729787998554]]]}, "properties": {"depth_m": 1.88, "severity": "Catastrophic", "elevation_m": 1.56, "dist_to_coast_km": 9.7, "district": "Puri"}}, {"type": "Feature", "geometry": {"type": "Polygon", "coordinates": [[[85.51240182097663, 19.743729787998554], [85.52197059942938, 19.743729787998554], [85.52197059942938, 19.752712899748467], [85.51240182097663, 19.752712899748467], [85.51240182097663, 19.743729787998554]]]}, "properties": {"depth_m": 1.73, "severity": "Catastrophic", "elevation_m": 1.64, "dist_to_coast_km": 10.3, "district": "Puri"}}, {"type": "Feature", "geometry": {"type": "Polygon", "coordinates": [[[85.52197059942938, 19.743729787998554], [85.53153937788215, 19.743729787998554], [85.53153937788215, 19.752712899748467], [85.52197059942938, 19.752712899748467], [85.52197059942938, 19.743729787998554]]]}, "properties": {"depth_m": 1.58, "severity": "Catastrophic", "elevation_m": 1.73, "dist_to_coast_km": 11.0, "district": "Puri"}}, {"type": "Feature", "geometry": {"type": "Polygon", "coordinates": [[[85.53153937788215, 19.743729787998554], [85.5411081563349, 19.743729787998554], [85.5411081563349, 19.752712899748467], [85.53153937788215, 19.752712899748467], [85.53153937788215, 19.743729787998554]]]}, "properties": {"depth_m": 1.41, "severity": "Severe", "elevation_m": 1.82, "dist_to_coast_km": 11.8, "district": "Puri"}}, {"type": "Feature", "geometry": {"type": "Polygon", "coordinates": [[[85.5411081563349, 19.743729787998554], [85.55067693478767, 19.743729787998554], [85.55067693478767, 19.752712899748467], [85.5411081563349, 19.752712899748467], [85.5411081563349, 19.743729787998554]]]}, "properties": {"depth_m": 1.42, "severity": "Severe", "elevation_m": 1.71, "dist_to_coast_km": 10.9, "district": "Puri"}}, {"type": "Feature", "geometry": {"type": "Polygon", "coordinates": [[[85.55067693478767, 19.743729787998554], [85.56024571324042, 19.743729787998554], [85.56024571324042, 19.752712899748467], [85.55067693478767, 19.752712899748467], [85.55067693478767, 19.743729787998554]]]}, "properties": {"depth_m": 1.64, "severity": "Catastrophic", "elevation_m": 1.59, "dist_to_coast_km": 9.9, "district": "Puri"}}, {"type": "Feature", "geometry": {"type": "Polygon", "coordinates": [[[85.56024571324042, 19.743729787998554], [85.5698144916932, 19.743729787998554], [85.5698144916932, 19.752712899748467], [85.56024571324042, 19.752712899748467], [85.56024571324042, 19.743729787998554]]]}, "properties": {"depth_m": 1.86, "severity": "Catastrophic", "elevation_m": 1.47, "dist_to_coast_km": 8.9, "district": "Puri"}}, {"type": "Feature", "geometry": {"type": "Polygon", "coordinates": [[[85.5698144916932, 19.743729787998554], [85.57938327014594, 19.743729787998554], [85.57938327014594, 19.752712899748467], [85.5698144916932, 19.752712899748467], [85.5698144916932, 19.743729787998554]]]}, "properties": {"depth_m": 2.08, "severity": "Catastrophic", "elevation_m": 1.35, "dist_to_coast_km": 7.9, "district": "Puri"}}, {"type": "Feature", "geometry": {"type": "Polygon", "coordinates": [[[85.57938327014594, 19.743729787998554], [85.58895204859871, 19.743729787998554], [85.58895204859871, 19.752712899748467], [85.57938327014594, 19.752712899748467], [85.57938327014594, 19.743729787998554]]]}, "properties": {"depth_m": 2.3, "severity": "Catastrophic", "elevation_m": 1.23, "dist_to_coast_km": 6.9, "district": "Puri"}}, {"type": "Feature", "geometry": {"type": "Polygon", "coordinates": [[[85.58895204859871, 19.743729787998554], [85.59852082705146, 19.743729787998554], [85.59852082705146, 19.752712899748467], [85.58895204859871, 19.752712899748467], [85.58895204859871, 19.743729787998554]]]}, "properties": {"depth_m": 2.52, "severity": "Catastrophic", "elevation_m": 1.11, "dist_to_coast_km": 5.9, "district": "Puri"}}, {"type": "Feature", "geometry": {"type": "Polygon", "coordinates": [[[85.59852082705146, 19.743729787998554], [85.60808960550423, 19.743729787998554], [85.60808960550423, 19.752712899748467], [85.59852082705146, 19.752712899748467], [85.59852082705146, 19.743729787998554]]]}, "properties": {"depth_m": 2.74, "severity": "Catastrophic", "elevation_m": 0.99, "dist_to_coast_km": 4.9, "district": "Puri"}}, {"type": "Feature", "geometry": {"type": "Polygon", "coordinates": [[[85.60808960550423, 19.743729787998554], [85.61765838395698, 19.743729787998554], [85.61765838395698, 19.752712899748467], [85.60808960550423, 19.752712899748467], [85.60808960550423, 19.743729787998554]]]}, "properties": {"depth_m": 2.96, "severity": "Catastrophic", "elevation_m": 0.87, "dist_to_coast_km": 3.9, "district": "Puri"}}, {"type": "Feature", "geometry": {"type": "Polygon", "coordinates": [[[85.61765838395698, 19.743729787998554], [85.62722716240975, 19.743729787998554], [85.62722716240975, 19.752712899748467], [85.61765838395698, 19.752712899748467], [85.61765838395698, 19.743729787998554]]]}, "properties": {"depth_m": 3.18, "severity": "Catastrophic", "elevation_m": 0.75, "dist_to_coast_km": 2.9, "district": "Puri"}}, {"type": "Feature", "geometry": {"type": "Polygon", "coordinates": [[[85.62722716240975, 19.743729787998554], [85.6367959408625, 19.743729787998554], [85.6367959408625, 19.752712899748467], [85.62722716240975, 19.752712899748467], [85.62722716240975, 19.743729787998554]]]}, "properties": {"depth_m": 3.4, "severity": "Catastrophic", "elevation_m": 0.63, "dist_to_coast_km": 1.9, "district": "Puri"}}, {"type": "Feature", "geometry": {"type": "Polygon", "coordinates": [[[85.6367959408625, 19.743729787998554], [85.64636471931527, 19.743729787998554], [85.64636471931527, 19.752712899748467], [85.6367959408625, 19.752712899748467], [85.6367959408625, 19.743729787998554]]]}, "properties": {"depth_m": 3.62, "severity": "Catastrophic", "elevation_m": 0.51, "dist_to_coast_km": 0.9, "district": "Puri"}}, {"type": "Feature", "geometry": {"type": "Polygon", "coordinates": [[[85.64636471931527, 19.743729787998554], [85.65593349776802, 19.743729787998554], [85.65593349776802, 19.752712899748467], [85.64636471931527, 19.752712899748467], [85.64636471931527, 19.743729787998554]]]}, "properties": {"depth_m": 3.77, "severity": "Catastrophic", "elevation_m": 0.43, "dist_to_coast_km": 0.2, "district": "Puri"}}, {"type": "Feature", "geometry": {"type": "Polygon", "coordinates": [[[85.65593349776802, 19.743729787998554], [85.66550227622079, 19.743729787998554], [85.66550227622079, 19.752712899748467], [85.65593349776802, 19.752712899748467], [85.65593349776802, 19.743729787998554]]]}, "properties": {"depth_m": 3.57, "severity": "Catastrophic", "elevation_m": 0.54, "dist_to_coast_km": 1.1, "district": "Puri"}}, {"type": "Feature", "geometry": {"type": "Polygon", "coordinates": [[[85.66550227622079, 19.743729787998554], [85.67507105467354, 19.743729787998554], [85.67507105467354, 19.752712899748467], [85.66550227622079, 19.752712899748467], [85.66550227622079, 19.743729787998554]]]}, "properties": {"depth_m": 3.35, "severity": "Catastrophic", "elevation_m": 0.66, "dist_to_coast_km": 2.1, "district": "Puri"}}, {"type": "Feature", "geometry": {"type": "Polygon", "coordinates": [[[85.67507105467354, 19.743729787998554], [85.68463983312631, 19.743729787998554], [85.68463983312631, 19.752712899748467], [85.67507105467354, 19.752712899748467], [85.67507105467354, 19.743729787998554]]]}, "properties": {"depth_m": 3.13, "severity": "Catastrophic", "elevation_m": 0.78, "dist_to_coast_km": 3.1, "district": "Puri"}}, {"type": "Feature", "geometry": {"type": "Polygon", "coordinates": [[[85.68463983312631, 19.743729787998554], [85.69420861157906, 19.743729787998554], [85.69420861157906, 19.752712899748467], [85.68463983312631, 19.752712899748467], [85.68463983312631, 19.743729787998554]]]}, "properties": {"depth_m": 2.91, "severity": "Catastrophic", "elevation_m": 0.9, "dist_to_coast_km": 4.1, "district": "Puri"}}, {"type": "Feature", "geometry": {"type": "Polygon", "coordinates": [[[85.69420861157906, 19.743729787998554], [85.70377739003183, 19.743729787998554], [85.70377739003183, 19.752712899748467], [85.69420861157906, 19.752712899748467], [85.69420861157906, 19.743729787998554]]]}, "properties": {"depth_m": 2.69, "severity": "Catastrophic", "elevation_m": 1.02, "dist_to_coast_km": 5.1, "district": "Puri"}}, {"type": "Feature", "geometry": {"type": "Polygon", "coordinates": [[[85.70377739003183, 19.743729787998554], [85.71334616848458, 19.743729787998554], [85.71334616848458, 19.752712899748467], [85.70377739003183, 19.752712899748467], [85.70377739003183, 19.743729787998554]]]}, "properties": {"depth_m": 2.07, "severity": "Catastrophic", "elevation_m": 1.54, "dist_to_coast_km": 6.1, "district": "Puri"}}, {"type": "Feature", "geometry": {"type": "Polygon", "coordinates": [[[85.71334616848458, 19.743729787998554], [85.72291494693735, 19.743729787998554], [85.72291494693735, 19.752712899748467], [85.71334616848458, 19.752712899748467], [85.71334616848458, 19.743729787998554]]]}, "properties": {"depth_m": 1.85, "severity": "Catastrophic", "elevation_m": 1.66, "dist_to_coast_km": 7.1, "district": "Puri"}}, {"type": "Feature", "geometry": {"type": "Polygon", "coordinates": [[[85.72291494693735, 19.743729787998554], [85.7324837253901, 19.743729787998554], [85.7324837253901, 19.752712899748467], [85.72291494693735, 19.752712899748467], [85.72291494693735, 19.743729787998554]]]}, "properties": {"depth_m": 1.63, "severity": "Catastrophic", "elevation_m": 1.78, "dist_to_coast_km": 8.1, "district": "Puri"}}, {"type": "Feature", "geometry": {"type": "Polygon", "coordinates": [[[85.7324837253901, 19.743729787998554], [85.74205250384287, 19.743729787998554], [85.74205250384287, 19.752712899748467], [85.7324837253901, 19.752712899748467], [85.7324837253901, 19.743729787998554]]]}, "properties": {"depth_m": 1.41, "severity": "Severe", "elevation_m": 1.9, "dist_to_coast_km": 9.1, "district": "Puri"}}, {"type": "Feature", "geometry": {"type": "Polygon", "coordinates": [[[85.74205250384287, 19.743729787998554], [85.75162128229562, 19.743729787998554], [85.75162128229562, 19.752712899748467], [85.74205250384287, 19.752712899748467], [85.74205250384287, 19.743729787998554]]]}, "properties": {"depth_m": 1.19, "severity": "Severe", "elevation_m": 2.02, "dist_to_coast_km": 10.1, "district": "Puri"}}, {"type": "Feature", "geometry": {"type": "Polygon", "coordinates": [[[85.76119006074839, 19.743729787998554], [85.77075883920114, 19.743729787998554], [85.77075883920114, 19.752712899748467], [85.76119006074839, 19.752712899748467], [85.76119006074839, 19.743729787998554]]]}, "properties": {"depth_m": 0.17, "severity": "Minor", "elevation_m": 1.86, "dist_to_coast_km": 8.8, "district": "Puri"}}, {"type": "Feature", "geometry": {"type": "Polygon", "coordinates": [[[85.77075883920114, 19.743729787998554], [85.78032761765391, 19.743729787998554], [85.78032761765391, 19.752712899748467], [85.77075883920114, 19.752712899748467], [85.77075883920114, 19.743729787998554]]]}, "properties": {"depth_m": 0.33, "severity": "Moderate (Impassable)", "elevation_m": 1.77, "dist_to_coast_km": 8.1, "district": "Puri"}}, {"type": "Feature", "geometry": {"type": "Polygon", "coordinates": [[[85.78032761765391, 19.743729787998554], [85.78989639610666, 19.743729787998554], [85.78989639610666, 19.752712899748467], [85.78032761765391, 19.752712899748467], [85.78032761765391, 19.743729787998554]]]}, "properties": {"depth_m": 0.48, "severity": "Moderate (Impassable)", "elevation_m": 1.69, "dist_to_coast_km": 7.4, "district": "Puri"}}, {"type": "Feature", "geometry": {"type": "Polygon", "coordinates": [[[85.78989639610666, 19.743729787998554], [85.79946517455943, 19.743729787998554], [85.79946517455943, 19.752712899748467], [85.78989639610666, 19.752712899748467], [85.78989639610666, 19.743729787998554]]]}, "properties": {"depth_m": 0.6, "severity": "Severe", "elevation_m": 1.62, "dist_to_coast_km": 6.8, "district": "Puri"}}, {"type": "Feature", "geometry": {"type": "Polygon", "coordinates": [[[85.79946517455943, 19.743729787998554], [85.80903395301218, 19.743729787998554], [85.80903395301218, 19.752712899748467], [85.79946517455943, 19.752712899748467], [85.79946517455943, 19.743729787998554]]]}, "properties": {"depth_m": 0.71, "severity": "Severe", "elevation_m": 1.56, "dist_to_coast_km": 6.4, "district": "Puri"}}, {"type": "Feature", "geometry": {"type": "Polygon", "coordinates": [[[85.80903395301218, 19.743729787998554], [85.81860273146495, 19.743729787998554], [85.81860273146495, 19.752712899748467], [85.80903395301218, 19.752712899748467], [85.80903395301218, 19.743729787998554]]]}, "properties": {"depth_m": 0.79, "severity": "Severe", "elevation_m": 1.52, "dist_to_coast_km": 6.0, "district": "Puri"}}, {"type": "Feature", "geometry": {"type": "Polygon", "coordinates": [[[85.81860273146495, 19.743729787998554], [85.8281715099177, 19.743729787998554], [85.8281715099177, 19.752712899748467], [85.81860273146495, 19.752712899748467], [85.81860273146495, 19.743729787998554]]]}, "properties": {"depth_m": 0.83, "severity": "Severe", "elevation_m": 1.5, "dist_to_coast_km": 5.8, "district": "Puri"}}, {"type": "Feature", "geometry": {"type": "Polygon", "coordinates": [[[85.8281715099177, 19.743729787998554], [85.83774028837047, 19.743729787998554], [85.83774028837047, 19.752712899748467], [85.8281715099177, 19.752712899748467], [85.8281715099177, 19.743729787998554]]]}, "properties": {"depth_m": 0.84, "severity": "Severe", "elevation_m": 1.49, "dist_to_coast_km": 5.8, "district": "Puri"}}, {"type": "Feature", "geometry": {"type": "Polygon", "coordinates": [[[85.83774028837047, 19.743729787998554], [85.84730906682321, 19.743729787998554], [85.84730906682321, 19.752712899748467], [85.83774028837047, 19.752712899748467], [85.83774028837047, 19.743729787998554]]]}, "properties": {"depth_m": 0.81, "severity": "Severe", "elevation_m": 1.51, "dist_to_coast_km": 5.9, "district": "Puri"}}, {"type": "Feature", "geometry": {"type": "Polygon", "coordinates": [[[85.84730906682321, 19.743729787998554], [85.85687784527599, 19.743729787998554], [85.85687784527599, 19.752712899748467], [85.84730906682321, 19.752712899748467], [85.84730906682321, 19.743729787998554]]]}, "properties": {"depth_m": 0.75, "severity": "Severe", "elevation_m": 1.54, "dist_to_coast_km": 6.2, "district": "Puri"}}, {"type": "Feature", "geometry": {"type": "Polygon", "coordinates": [[[85.85687784527599, 19.743729787998554], [85.86644662372873, 19.743729787998554], [85.86644662372873, 19.752712899748467], [85.85687784527599, 19.752712899748467], [85.85687784527599, 19.743729787998554]]]}, "properties": {"depth_m": 0.65, "severity": "Severe", "elevation_m": 1.6, "dist_to_coast_km": 6.6, "district": "Puri"}}, {"type": "Feature", "geometry": {"type": "Polygon", "coordinates": [[[85.86644662372873, 19.743729787998554], [85.87601540218151, 19.743729787998554], [85.87601540218151, 19.752712899748467], [85.86644662372873, 19.752712899748467], [85.86644662372873, 19.743729787998554]]]}, "properties": {"depth_m": 0.53, "severity": "Moderate (Impassable)", "elevation_m": 1.66, "dist_to_coast_km": 7.2, "district": "Puri"}}, {"type": "Feature", "geometry": {"type": "Polygon", "coordinates": [[[85.87601540218151, 19.743729787998554], [85.88558418063425, 19.743729787998554], [85.88558418063425, 19.752712899748467], [85.87601540218151, 19.752712899748467], [85.87601540218151, 19.743729787998554]]]}, "properties": {"depth_m": 0.39, "severity": "Moderate (Impassable)", "elevation_m": 1.74, "dist_to_coast_km": 7.8, "district": "Puri"}}, {"type": "Feature", "geometry": {"type": "Polygon", "coordinates": [[[85.88558418063425, 19.743729787998554], [85.89515295908703, 19.743729787998554], [85.89515295908703, 19.752712899748467], [85.88558418063425, 19.752712899748467], [85.88558418063425, 19.743729787998554]]]}, "properties": {"depth_m": 0.23, "severity": "Minor", "elevation_m": 1.83, "dist_to_coast_km": 8.5, "district": "Puri"}}, {"type": "Feature", "geometry": {"type": "Polygon", "coordinates": [[[85.30188869501592, 19.752712899748467], [85.31145747346866, 19.752712899748467], [85.31145747346866, 19.761696011498373], [85.30188869501592, 19.761696011498373], [85.30188869501592, 19.752712899748467]]]}, "properties": {"depth_m": 0.21, "severity": "Minor", "elevation_m": 2.47, "dist_to_coast_km": 17.3, "district": "Puri"}}, {"type": "Feature", "geometry": {"type": "Polygon", "coordinates": [[[85.31145747346866, 19.752712899748467], [85.32102625192144, 19.752712899748467], [85.32102625192144, 19.761696011498373], [85.31145747346866, 19.761696011498373], [85.31145747346866, 19.752712899748467]]]}, "properties": {"depth_m": 0.4, "severity": "Moderate (Impassable)", "elevation_m": 2.37, "dist_to_coast_km": 16.4, "district": "Puri"}}, {"type": "Feature", "geometry": {"type": "Polygon", "coordinates": [[[85.32102625192144, 19.752712899748467], [85.33059503037418, 19.752712899748467], [85.33059503037418, 19.761696011498373], [85.32102625192144, 19.761696011498373], [85.32102625192144, 19.752712899748467]]]}, "properties": {"depth_m": 0.58, "severity": "Moderate (Impassable)", "elevation_m": 2.27, "dist_to_coast_km": 15.6, "district": "Puri"}}, {"type": "Feature", "geometry": {"type": "Polygon", "coordinates": [[[85.33059503037418, 19.752712899748467], [85.34016380882696, 19.752712899748467], [85.34016380882696, 19.761696011498373], [85.33059503037418, 19.761696011498373], [85.33059503037418, 19.752712899748467]]]}, "properties": {"depth_m": 0.76, "severity": "Severe", "elevation_m": 2.17, "dist_to_coast_km": 14.8, "district": "Puri"}}, {"type": "Feature", "geometry": {"type": "Polygon", "coordinates": [[[85.34016380882696, 19.752712899748467], [85.3497325872797, 19.752712899748467], [85.3497325872797, 19.761696011498373], [85.34016380882696, 19.761696011498373], [85.34016380882696, 19.752712899748467]]]}, "properties": {"depth_m": 0.94, "severity": "Severe", "elevation_m": 2.07, "dist_to_coast_km": 14.0, "district": "Puri"}}, {"type": "Feature", "geometry": {"type": "Polygon", "coordinates": [[[85.3497325872797, 19.752712899748467], [85.35930136573248, 19.752712899748467], [85.35930136573248, 19.761696011498373], [85.3497325872797, 19.761696011498373], [85.3497325872797, 19.752712899748467]]]}, "properties": {"depth_m": 1.11, "severity": "Severe", "elevation_m": 1.98, "dist_to_coast_km": 13.2, "district": "Puri"}}, {"type": "Feature", "geometry": {"type": "Polygon", "coordinates": [[[85.35930136573248, 19.752712899748467], [85.36887014418522, 19.752712899748467], [85.36887014418522, 19.761696011498373], [85.35930136573248, 19.761696011498373], [85.35930136573248, 19.752712899748467]]]}, "properties": {"depth_m": 1.27, "severity": "Severe", "elevation_m": 1.89, "dist_to_coast_km": 12.4, "district": "Puri"}}, {"type": "Feature", "geometry": {"type": "Polygon", "coordinates": [[[85.36887014418522, 19.752712899748467], [85.378438922638, 19.752712899748467], [85.378438922638, 19.761696011498373], [85.36887014418522, 19.761696011498373], [85.36887014418522, 19.752712899748467]]]}, "properties": {"depth_m": 1.43, "severity": "Severe", "elevation_m": 1.81, "dist_to_coast_km": 11.7, "district": "Puri"}}, {"type": "Feature", "geometry": {"type": "Polygon", "coordinates": [[[85.378438922638, 19.752712899748467], [85.38800770109074, 19.752712899748467], [85.38800770109074, 19.761696011498373], [85.378438922638, 19.761696011498373], [85.378438922638, 19.752712899748467]]]}, "properties": {"depth_m": 1.57, "severity": "Catastrophic", "elevation_m": 1.73, "dist_to_coast_km": 11.1, "district": "Puri"}}, {"type": "Feature", "geometry": {"type": "Polygon", "coordinates": [[[85.38800770109074, 19.752712899748467], [85.39757647954352, 19.752712899748467], [85.39757647954352, 19.761696011498373], [85.38800770109074, 19.761696011498373], [85.38800770109074, 19.752712899748467]]]}, "properties": {"depth_m": 1.71, "severity": "Catastrophic", "elevation_m": 1.66, "dist_to_coast_km": 10.5, "district": "Puri"}}, {"type": "Feature", "geometry": {"type": "Polygon", "coordinates": [[[85.39757647954352, 19.752712899748467], [85.40714525799626, 19.752712899748467], [85.40714525799626, 19.761696011498373], [85.39757647954352, 19.761696011498373], [85.39757647954352, 19.752712899748467]]]}, "properties": {"depth_m": 1.83, "severity": "Catastrophic", "elevation_m": 1.59, "dist_to_coast_km": 9.9, "district": "Puri"}}, {"type": "Feature", "geometry": {"type": "Polygon", "coordinates": [[[85.40714525799626, 19.752712899748467], [85.41671403644904, 19.752712899748467], [85.41671403644904, 19.761696011498373], [85.40714525799626, 19.761696011498373], [85.40714525799626, 19.752712899748467]]]}, "properties": {"depth_m": 1.93, "severity": "Catastrophic", "elevation_m": 1.54, "dist_to_coast_km": 9.5, "district": "Puri"}}, {"type": "Feature", "geometry": {"type": "Polygon", "coordinates": [[[85.41671403644904, 19.752712899748467], [85.42628281490178, 19.752712899748467], [85.42628281490178, 19.761696011498373], [85.41671403644904, 19.761696011498373], [85.41671403644904, 19.752712899748467]]]}, "properties": {"depth_m": 2.01, "severity": "Catastrophic", "elevation_m": 1.49, "dist_to_coast_km": 9.1, "district": "Puri"}}, {"type": "Feature", "geometry": {"type": "Polygon", "coordinates": [[[85.42628281490178, 19.752712899748467], [85.43585159335456, 19.752712899748467], [85.43585159335456, 19.761696011498373], [85.42628281490178, 19.761696011498373], [85.42628281490178, 19.752712899748467]]]}, "properties": {"depth_m": 2.07, "severity": "Catastrophic", "elevation_m": 1.46, "dist_to_coast_km": 8.8, "district": "Puri"}}, {"type": "Feature", "geometry": {"type": "Polygon", "coordinates": [[[85.43585159335456, 19.752712899748467], [85.4454203718073, 19.752712899748467], [85.4454203718073, 19.761696011498373], [85.43585159335456, 19.761696011498373], [85.43585159335456, 19.752712899748467]]]}, "properties": {"depth_m": 2.11, "severity": "Catastrophic", "elevation_m": 1.44, "dist_to_coast_km": 8.6, "district": "Puri"}}, {"type": "Feature", "geometry": {"type": "Polygon", "coordinates": [[[85.4454203718073, 19.752712899748467], [85.45498915026008, 19.752712899748467], [85.45498915026008, 19.761696011498373], [85.4454203718073, 19.761696011498373], [85.4454203718073, 19.752712899748467]]]}, "properties": {"depth_m": 2.12, "severity": "Catastrophic", "elevation_m": 1.43, "dist_to_coast_km": 8.6, "district": "Puri"}}, {"type": "Feature", "geometry": {"type": "Polygon", "coordinates": [[[85.45498915026008, 19.752712899748467], [85.46455792871282, 19.752712899748467], [85.46455792871282, 19.761696011498373], [85.45498915026008, 19.761696011498373], [85.45498915026008, 19.752712899748467]]]}, "properties": {"depth_m": 2.11, "severity": "Catastrophic", "elevation_m": 1.44, "dist_to_coast_km": 8.6, "district": "Puri"}}, {"type": "Feature", "geometry": {"type": "Polygon", "coordinates": [[[85.46455792871282, 19.752712899748467], [85.4741267071656, 19.752712899748467], [85.4741267071656, 19.761696011498373], [85.46455792871282, 19.761696011498373], [85.46455792871282, 19.752712899748467]]]}, "properties": {"depth_m": 2.07, "severity": "Catastrophic", "elevation_m": 1.46, "dist_to_coast_km": 8.8, "district": "Puri"}}, {"type": "Feature", "geometry": {"type": "Polygon", "coordinates": [[[85.4741267071656, 19.752712899748467], [85.48369548561834, 19.752712899748467], [85.48369548561834, 19.761696011498373], [85.4741267071656, 19.761696011498373], [85.4741267071656, 19.752712899748467]]]}, "properties": {"depth_m": 2.01, "severity": "Catastrophic", "elevation_m": 1.49, "dist_to_coast_km": 9.1, "district": "Puri"}}, {"type": "Feature", "geometry": {"type": "Polygon", "coordinates": [[[85.48369548561834, 19.752712899748467], [85.49326426407112, 19.752712899748467], [85.49326426407112, 19.761696011498373], [85.48369548561834, 19.761696011498373], [85.48369548561834, 19.752712899748467]]]}, "properties": {"depth_m": 1.92, "severity": "Catastrophic", "elevation_m": 1.54, "dist_to_coast_km": 9.5, "district": "Puri"}}, {"type": "Feature", "geometry": {"type": "Polygon", "coordinates": [[[85.49326426407112, 19.752712899748467], [85.50283304252386, 19.752712899748467], [85.50283304252386, 19.761696011498373], [85.49326426407112, 19.761696011498373], [85.49326426407112, 19.752712899748467]]]}, "properties": {"depth_m": 1.82, "severity": "Catastrophic", "elevation_m": 1.59, "dist_to_coast_km": 9.9, "district": "Puri"}}, {"type": "Feature", "geometry": {"type": "Polygon", "coordinates": [[[85.50283304252386, 19.752712899748467], [85.51240182097663, 19.752712899748467], [85.51240182097663, 19.761696011498373], [85.50283304252386, 19.761696011498373], [85.50283304252386, 19.752712899748467]]]}, "properties": {"depth_m": 1.7, "severity": "Catastrophic", "elevation_m": 1.66, "dist_to_coast_km": 10.5, "district": "Puri"}}, {"type": "Feature", "geometry": {"type": "Polygon", "coordinates": [[[85.51240182097663, 19.752712899748467], [85.52197059942938, 19.752712899748467], [85.52197059942938, 19.761696011498373], [85.51240182097663, 19.761696011498373], [85.51240182097663, 19.752712899748467]]]}, "properties": {"depth_m": 1.57, "severity": "Catastrophic", "elevation_m": 1.73, "dist_to_coast_km": 11.1, "district": "Puri"}}, {"type": "Feature", "geometry": {"type": "Polygon", "coordinates": [[[85.52197059942938, 19.752712899748467], [85.53153937788215, 19.752712899748467], [85.53153937788215, 19.761696011498373], [85.52197059942938, 19.761696011498373], [85.52197059942938, 19.752712899748467]]]}, "properties": {"depth_m": 1.42, "severity": "Severe", "elevation_m": 1.81, "dist_to_coast_km": 11.8, "district": "Puri"}}, {"type": "Feature", "geometry": {"type": "Polygon", "coordinates": [[[85.53153937788215, 19.752712899748467], [85.5411081563349, 19.752712899748467], [85.5411081563349, 19.761696011498373], [85.53153937788215, 19.761696011498373], [85.53153937788215, 19.752712899748467]]]}, "properties": {"depth_m": 1.2, "severity": "Severe", "elevation_m": 1.83, "dist_to_coast_km": 11.9, "district": "Puri"}}, {"type": "Feature", "geometry": {"type": "Polygon", "coordinates": [[[85.5411081563349, 19.752712899748467], [85.55067693478767, 19.752712899748467], [85.55067693478767, 19.761696011498373], [85.5411081563349, 19.761696011498373], [85.5411081563349, 19.752712899748467]]]}, "properties": {"depth_m": 1.42, "severity": "Severe", "elevation_m": 1.71, "dist_to_coast_km": 10.9, "district": "Puri"}}, {"type": "Feature", "geometry": {"type": "Polygon", "coordinates": [[[85.55067693478767, 19.752712899748467], [85.56024571324042, 19.752712899748467], [85.56024571324042, 19.761696011498373], [85.55067693478767, 19.761696011498373], [85.55067693478767, 19.752712899748467]]]}, "properties": {"depth_m": 1.64, "severity": "Catastrophic", "elevation_m": 1.59, "dist_to_coast_km": 9.9, "district": "Puri"}}, {"type": "Feature", "geometry": {"type": "Polygon", "coordinates": [[[85.56024571324042, 19.752712899748467], [85.5698144916932, 19.752712899748467], [85.5698144916932, 19.761696011498373], [85.56024571324042, 19.761696011498373], [85.56024571324042, 19.752712899748467]]]}, "properties": {"depth_m": 1.86, "severity": "Catastrophic", "elevation_m": 1.47, "dist_to_coast_km": 8.9, "district": "Puri"}}, {"type": "Feature", "geometry": {"type": "Polygon", "coordinates": [[[85.5698144916932, 19.752712899748467], [85.57938327014594, 19.752712899748467], [85.57938327014594, 19.761696011498373], [85.5698144916932, 19.761696011498373], [85.5698144916932, 19.752712899748467]]]}, "properties": {"depth_m": 2.08, "severity": "Catastrophic", "elevation_m": 1.35, "dist_to_coast_km": 7.9, "district": "Puri"}}, {"type": "Feature", "geometry": {"type": "Polygon", "coordinates": [[[85.57938327014594, 19.752712899748467], [85.58895204859871, 19.752712899748467], [85.58895204859871, 19.761696011498373], [85.57938327014594, 19.761696011498373], [85.57938327014594, 19.752712899748467]]]}, "properties": {"depth_m": 2.29, "severity": "Catastrophic", "elevation_m": 1.23, "dist_to_coast_km": 6.9, "district": "Puri"}}, {"type": "Feature", "geometry": {"type": "Polygon", "coordinates": [[[85.58895204859871, 19.752712899748467], [85.59852082705146, 19.752712899748467], [85.59852082705146, 19.761696011498373], [85.58895204859871, 19.761696011498373], [85.58895204859871, 19.752712899748467]]]}, "properties": {"depth_m": 2.51, "severity": "Catastrophic", "elevation_m": 1.11, "dist_to_coast_km": 5.9, "district": "Puri"}}, {"type": "Feature", "geometry": {"type": "Polygon", "coordinates": [[[85.59852082705146, 19.752712899748467], [85.60808960550423, 19.752712899748467], [85.60808960550423, 19.761696011498373], [85.59852082705146, 19.761696011498373], [85.59852082705146, 19.752712899748467]]]}, "properties": {"depth_m": 2.73, "severity": "Catastrophic", "elevation_m": 0.99, "dist_to_coast_km": 5.0, "district": "Puri"}}, {"type": "Feature", "geometry": {"type": "Polygon", "coordinates": [[[85.60808960550423, 19.752712899748467], [85.61765838395698, 19.752712899748467], [85.61765838395698, 19.761696011498373], [85.60808960550423, 19.761696011498373], [85.60808960550423, 19.752712899748467]]]}, "properties": {"depth_m": 2.95, "severity": "Catastrophic", "elevation_m": 0.88, "dist_to_coast_km": 4.0, "district": "Puri"}}, {"type": "Feature", "geometry": {"type": "Polygon", "coordinates": [[[85.61765838395698, 19.752712899748467], [85.62722716240975, 19.752712899748467], [85.62722716240975, 19.761696011498373], [85.61765838395698, 19.761696011498373], [85.61765838395698, 19.752712899748467]]]}, "properties": {"depth_m": 3.16, "severity": "Catastrophic", "elevation_m": 0.76, "dist_to_coast_km": 3.0, "district": "Puri"}}, {"type": "Feature", "geometry": {"type": "Polygon", "coordinates": [[[85.62722716240975, 19.752712899748467], [85.6367959408625, 19.752712899748467], [85.6367959408625, 19.761696011498373], [85.62722716240975, 19.761696011498373], [85.62722716240975, 19.752712899748467]]]}, "properties": {"depth_m": 3.37, "severity": "Catastrophic", "elevation_m": 0.65, "dist_to_coast_km": 2.0, "district": "Puri"}}, {"type": "Feature", "geometry": {"type": "Polygon", "coordinates": [[[85.6367959408625, 19.752712899748467], [85.64636471931527, 19.752712899748467], [85.64636471931527, 19.761696011498373], [85.6367959408625, 19.761696011498373], [85.6367959408625, 19.752712899748467]]]}, "properties": {"depth_m": 3.56, "severity": "Catastrophic", "elevation_m": 0.54, "dist_to_coast_km": 1.2, "district": "Puri"}}, {"type": "Feature", "geometry": {"type": "Polygon", "coordinates": [[[85.64636471931527, 19.752712899748467], [85.65593349776802, 19.752712899748467], [85.65593349776802, 19.761696011498373], [85.64636471931527, 19.761696011498373], [85.64636471931527, 19.752712899748467]]]}, "properties": {"depth_m": 3.64, "severity": "Catastrophic", "elevation_m": 0.5, "dist_to_coast_km": 0.8, "district": "Puri"}}, {"type": "Feature", "geometry": {"type": "Polygon", "coordinates": [[[85.65593349776802, 19.752712899748467], [85.66550227622079, 19.752712899748467], [85.66550227622079, 19.761696011498373], [85.65593349776802, 19.761696011498373], [85.65593349776802, 19.752712899748467]]]}, "properties": {"depth_m": 3.52, "severity": "Catastrophic", "elevation_m": 0.57, "dist_to_coast_km": 1.4, "district": "Puri"}}, {"type": "Feature", "geometry": {"type": "Polygon", "coordinates": [[[85.66550227622079, 19.752712899748467], [85.67507105467354, 19.752712899748467], [85.67507105467354, 19.761696011498373], [85.66550227622079, 19.761696011498373], [85.66550227622079, 19.752712899748467]]]}, "properties": {"depth_m": 3.32, "severity": "Catastrophic", "elevation_m": 0.67, "dist_to_coast_km": 2.3, "district": "Puri"}}, {"type": "Feature", "geometry": {"type": "Polygon", "coordinates": [[[85.67507105467354, 19.752712899748467], [85.68463983312631, 19.752712899748467], [85.68463983312631, 19.761696011498373], [85.67507105467354, 19.761696011498373], [85.67507105467354, 19.752712899748467]]]}, "properties": {"depth_m": 3.11, "severity": "Catastrophic", "elevation_m": 0.79, "dist_to_coast_km": 3.2, "district": "Puri"}}, {"type": "Feature", "geometry": {"type": "Polygon", "coordinates": [[[85.68463983312631, 19.752712899748467], [85.69420861157906, 19.752712899748467], [85.69420861157906, 19.761696011498373], [85.68463983312631, 19.761696011498373], [85.68463983312631, 19.752712899748467]]]}, "properties": {"depth_m": 2.9, "severity": "Catastrophic", "elevation_m": 0.9, "dist_to_coast_km": 4.2, "district": "Puri"}}, {"type": "Feature", "geometry": {"type": "Polygon", "coordinates": [[[85.69420861157906, 19.752712899748467], [85.70377739003183, 19.752712899748467], [85.70377739003183, 19.761696011498373], [85.69420861157906, 19.761696011498373], [85.69420861157906, 19.752712899748467]]]}, "properties": {"depth_m": 2.68, "severity": "Catastrophic", "elevation_m": 1.02, "dist_to_coast_km": 5.2, "district": "Puri"}}, {"type": "Feature", "geometry": {"type": "Polygon", "coordinates": [[[85.70377739003183, 19.752712899748467], [85.71334616848458, 19.752712899748467], [85.71334616848458, 19.761696011498373], [85.70377739003183, 19.761696011498373], [85.70377739003183, 19.752712899748467]]]}, "properties": {"depth_m": 2.06, "severity": "Catastrophic", "elevation_m": 1.54, "dist_to_coast_km": 6.2, "district": "Puri"}}, {"type": "Feature", "geometry": {"type": "Polygon", "coordinates": [[[85.71334616848458, 19.752712899748467], [85.72291494693735, 19.752712899748467], [85.72291494693735, 19.761696011498373], [85.71334616848458, 19.761696011498373], [85.71334616848458, 19.752712899748467]]]}, "properties": {"depth_m": 1.84, "severity": "Catastrophic", "elevation_m": 1.66, "dist_to_coast_km": 7.2, "district": "Puri"}}, {"type": "Feature", "geometry": {"type": "Polygon", "coordinates": [[[85.72291494693735, 19.752712899748467], [85.7324837253901, 19.752712899748467], [85.7324837253901, 19.761696011498373], [85.72291494693735, 19.761696011498373], [85.72291494693735, 19.752712899748467]]]}, "properties": {"depth_m": 1.62, "severity": "Catastrophic", "elevation_m": 1.78, "dist_to_coast_km": 8.2, "district": "Puri"}}, {"type": "Feature", "geometry": {"type": "Polygon", "coordinates": [[[85.7324837253901, 19.752712899748467], [85.74205250384287, 19.752712899748467], [85.74205250384287, 19.761696011498373], [85.7324837253901, 19.761696011498373], [85.7324837253901, 19.752712899748467]]]}, "properties": {"depth_m": 1.4, "severity": "Severe", "elevation_m": 1.9, "dist_to_coast_km": 9.2, "district": "Puri"}}, {"type": "Feature", "geometry": {"type": "Polygon", "coordinates": [[[85.75162128229562, 19.752712899748467], [85.76119006074839, 19.752712899748467], [85.76119006074839, 19.761696011498373], [85.75162128229562, 19.761696011498373], [85.75162128229562, 19.752712899748467]]]}, "properties": {"depth_m": 0.12, "severity": "Minor", "elevation_m": 1.89, "dist_to_coast_km": 9.1, "district": "Puri"}}, {"type": "Feature", "geometry": {"type": "Polygon", "coordinates": [[[85.76119006074839, 19.752712899748467], [85.77075883920114, 19.752712899748467], [85.77075883920114, 19.761696011498373], [85.76119006074839, 19.761696011498373], [85.76119006074839, 19.752712899748467]]]}, "properties": {"depth_m": 0.3, "severity": "Moderate (Impassable)", "elevation_m": 1.79, "dist_to_coast_km": 8.2, "district": "Puri"}}, {"type": "Feature", "geometry": {"type": "Polygon", "coordinates": [[[85.77075883920114, 19.752712899748467], [85.78032761765391, 19.752712899748467], [85.78032761765391, 19.761696011498373], [85.77075883920114, 19.761696011498373], [85.77075883920114, 19.752712899748467]]]}, "properties": {"depth_m": 0.48, "severity": "Moderate (Impassable)", "elevation_m": 1.69, "dist_to_coast_km": 7.4, "district": "Puri"}}, {"type": "Feature", "geometry": {"type": "Polygon", "coordinates": [[[85.78032761765391, 19.752712899748467], [85.78989639610666, 19.752712899748467], [85.78989639610666, 19.761696011498373], [85.78032761765391, 19.761696011498373], [85.78032761765391, 19.752712899748467]]]}, "properties": {"depth_m": 0.64, "severity": "Severe", "elevation_m": 1.6, "dist_to_coast_km": 6.7, "district": "Puri"}}, {"type": "Feature", "geometry": {"type": "Polygon", "coordinates": [[[85.78989639610666, 19.752712899748467], [85.79946517455943, 19.752712899748467], [85.79946517455943, 19.761696011498373], [85.78989639610666, 19.761696011498373], [85.78989639610666, 19.752712899748467]]]}, "properties": {"depth_m": 0.78, "severity": "Severe", "elevation_m": 1.52, "dist_to_coast_km": 6.0, "district": "Puri"}}, {"type": "Feature", "geometry": {"type": "Polygon", "coordinates": [[[85.79946517455943, 19.752712899748467], [85.80903395301218, 19.752712899748467], [85.80903395301218, 19.761696011498373], [85.79946517455943, 19.761696011498373], [85.79946517455943, 19.752712899748467]]]}, "properties": {"depth_m": 0.91, "severity": "Severe", "elevation_m": 1.46, "dist_to_coast_km": 5.5, "district": "Puri"}}, {"type": "Feature", "geometry": {"type": "Polygon", "coordinates": [[[85.80903395301218, 19.752712899748467], [85.81860273146495, 19.752712899748467], [85.81860273146495, 19.761696011498373], [85.80903395301218, 19.761696011498373], [85.80903395301218, 19.752712899748467]]]}, "properties": {"depth_m": 1.0, "severity": "Severe", "elevation_m": 1.41, "dist_to_coast_km": 5.1, "district": "Puri"}}, {"type": "Feature", "geometry": {"type": "Polygon", "coordinates": [[[85.81860273146495, 19.752712899748467], [85.8281715099177, 19.752712899748467], [85.8281715099177, 19.761696011498373], [85.81860273146495, 19.761696011498373], [85.81860273146495, 19.752712899748467]]]}, "properties": {"depth_m": 1.05, "severity": "Severe", "elevation_m": 1.38, "dist_to_coast_km": 4.8, "district": "Puri"}}, {"type": "Feature", "geometry": {"type": "Polygon", "coordinates": [[[85.8281715099177, 19.752712899748467], [85.83774028837047, 19.752712899748467], [85.83774028837047, 19.761696011498373], [85.8281715099177, 19.761696011498373], [85.8281715099177, 19.752712899748467]]]}, "properties": {"depth_m": 1.06, "severity": "Severe", "elevation_m": 1.37, "dist_to_coast_km": 4.8, "district": "Puri"}}, {"type": "Feature", "geometry": {"type": "Polygon", "coordinates": [[[85.83774028837047, 19.752712899748467], [85.84730906682321, 19.752712899748467], [85.84730906682321, 19.761696011498373], [85.83774028837047, 19.761696011498373], [85.83774028837047, 19.752712899748467]]]}, "properties": {"depth_m": 1.02, "severity": "Severe", "elevation_m": 1.39, "dist_to_coast_km": 4.9, "district": "Puri"}}, {"type": "Feature", "geometry": {"type": "Polygon", "coordinates": [[[85.84730906682321, 19.752712899748467], [85.85687784527599, 19.752712899748467], [85.85687784527599, 19.761696011498373], [85.84730906682321, 19.761696011498373], [85.84730906682321, 19.752712899748467]]]}, "properties": {"depth_m": 0.95, "severity": "Severe", "elevation_m": 1.43, "dist_to_coast_km": 5.3, "district": "Puri"}}, {"type": "Feature", "geometry": {"type": "Polygon", "coordinates": [[[85.85687784527599, 19.752712899748467], [85.86644662372873, 19.752712899748467], [85.86644662372873, 19.761696011498373], [85.85687784527599, 19.761696011498373], [85.85687784527599, 19.752712899748467]]]}, "properties": {"depth_m": 0.83, "severity": "Severe", "elevation_m": 1.5, "dist_to_coast_km": 5.8, "district": "Puri"}}, {"type": "Feature", "geometry": {"type": "Polygon", "coordinates": [[[85.86644662372873, 19.752712899748467], [85.87601540218151, 19.752712899748467], [85.87601540218151, 19.761696011498373], [85.86644662372873, 19.761696011498373], [85.86644662372873, 19.752712899748467]]]}, "properties": {"depth_m": 0.7, "severity": "Severe", "elevation_m": 1.57, "dist_to_coast_km": 6.4, "district": "Puri"}}, {"type": "Feature", "geometry": {"type": "Polygon", "coordinates": [[[85.87601540218151, 19.752712899748467], [85.88558418063425, 19.752712899748467], [85.88558418063425, 19.761696011498373], [85.87601540218151, 19.761696011498373], [85.87601540218151, 19.752712899748467]]]}, "properties": {"depth_m": 0.54, "severity": "Moderate (Impassable)", "elevation_m": 1.66, "dist_to_coast_km": 7.1, "district": "Puri"}}, {"type": "Feature", "geometry": {"type": "Polygon", "coordinates": [[[85.88558418063425, 19.752712899748467], [85.89515295908703, 19.752712899748467], [85.89515295908703, 19.761696011498373], [85.88558418063425, 19.761696011498373], [85.88558418063425, 19.752712899748467]]]}, "properties": {"depth_m": 0.37, "severity": "Moderate (Impassable)", "elevation_m": 1.75, "dist_to_coast_km": 7.9, "district": "Puri"}}, {"type": "Feature", "geometry": {"type": "Polygon", "coordinates": [[[85.89515295908703, 19.752712899748467], [85.90472173753977, 19.752712899748467], [85.90472173753977, 19.761696011498373], [85.89515295908703, 19.761696011498373], [85.89515295908703, 19.752712899748467]]]}, "properties": {"depth_m": 0.19, "severity": "Minor", "elevation_m": 1.85, "dist_to_coast_km": 8.7, "district": "Puri"}}, {"type": "Feature", "geometry": {"type": "Polygon", "coordinates": [[[85.31145747346866, 19.761696011498373], [85.32102625192144, 19.761696011498373], [85.32102625192144, 19.770679123248286], [85.31145747346866, 19.770679123248286], [85.31145747346866, 19.761696011498373]]]}, "properties": {"depth_m": 0.28, "severity": "Minor", "elevation_m": 2.44, "dist_to_coast_km": 17.0, "district": "Puri"}}, {"type": "Feature", "geometry": {"type": "Polygon", "coordinates": [[[85.32102625192144, 19.761696011498373], [85.33059503037418, 19.761696011498373], [85.33059503037418, 19.770679123248286], [85.32102625192144, 19.770679123248286], [85.32102625192144, 19.761696011498373]]]}, "properties": {"depth_m": 0.46, "severity": "Moderate (Impassable)", "elevation_m": 2.34, "dist_to_coast_km": 16.1, "district": "Puri"}}, {"type": "Feature", "geometry": {"type": "Polygon", "coordinates": [[[85.33059503037418, 19.761696011498373], [85.34016380882696, 19.761696011498373], [85.34016380882696, 19.770679123248286], [85.33059503037418, 19.770679123248286], [85.33059503037418, 19.761696011498373]]]}, "properties": {"depth_m": 0.63, "severity": "Severe", "elevation_m": 2.24, "dist_to_coast_km": 15.4, "district": "Puri"}}, {"type": "Feature", "geometry": {"type": "Polygon", "coordinates": [[[85.34016380882696, 19.761696011498373], [85.3497325872797, 19.761696011498373], [85.3497325872797, 19.770679123248286], [85.34016380882696, 19.770679123248286], [85.34016380882696, 19.761696011498373]]]}, "properties": {"depth_m": 0.8, "severity": "Severe", "elevation_m": 2.15, "dist_to_coast_km": 14.6, "district": "Puri"}}, {"type": "Feature", "geometry": {"type": "Polygon", "coordinates": [[[85.3497325872797, 19.761696011498373], [85.35930136573248, 19.761696011498373], [85.35930136573248, 19.770679123248286], [85.3497325872797, 19.770679123248286], [85.3497325872797, 19.761696011498373]]]}, "properties": {"depth_m": 0.96, "severity": "Severe", "elevation_m": 2.06, "dist_to_coast_km": 13.8, "district": "Puri"}}, {"type": "Feature", "geometry": {"type": "Polygon", "coordinates": [[[85.35930136573248, 19.761696011498373], [85.36887014418522, 19.761696011498373], [85.36887014418522, 19.770679123248286], [85.35930136573248, 19.770679123248286], [85.35930136573248, 19.761696011498373]]]}, "properties": {"depth_m": 1.12, "severity": "Severe", "elevation_m": 1.98, "dist_to_coast_km": 13.1, "district": "Puri"}}, {"type": "Feature", "geometry": {"type": "Polygon", "coordinates": [[[85.36887014418522, 19.761696011498373], [85.378438922638, 19.761696011498373], [85.378438922638, 19.770679123248286], [85.36887014418522, 19.770679123248286], [85.36887014418522, 19.761696011498373]]]}, "properties": {"depth_m": 1.26, "severity": "Severe", "elevation_m": 1.9, "dist_to_coast_km": 12.5, "district": "Puri"}}, {"type": "Feature", "geometry": {"type": "Polygon", "coordinates": [[[85.378438922638, 19.761696011498373], [85.38800770109074, 19.761696011498373], [85.38800770109074, 19.770679123248286], [85.378438922638, 19.770679123248286], [85.378438922638, 19.761696011498373]]]}, "properties": {"depth_m": 1.4, "severity": "Severe", "elevation_m": 1.82, "dist_to_coast_km": 11.9, "district": "Puri"}}, {"type": "Feature", "geometry": {"type": "Polygon", "coordinates": [[[85.38800770109074, 19.761696011498373], [85.39757647954352, 19.761696011498373], [85.39757647954352, 19.770679123248286], [85.38800770109074, 19.770679123248286], [85.38800770109074, 19.761696011498373]]]}, "properties": {"depth_m": 1.52, "severity": "Catastrophic", "elevation_m": 1.76, "dist_to_coast_km": 11.3, "district": "Puri"}}, {"type": "Feature", "geometry": {"type": "Polygon", "coordinates": [[[85.39757647954352, 19.761696011498373], [85.40714525799626, 19.761696011498373], [85.40714525799626, 19.770679123248286], [85.39757647954352, 19.770679123248286], [85.39757647954352, 19.761696011498373]]]}, "properties": {"depth_m": 1.63, "severity": "Catastrophic", "elevation_m": 1.7, "dist_to_coast_km": 10.8, "district": "Puri"}}, {"type": "Feature", "geometry": {"type": "Polygon", "coordinates": [[[85.40714525799626, 19.761696011498373], [85.41671403644904, 19.761696011498373], [85.41671403644904, 19.770679123248286], [85.40714525799626, 19.770679123248286], [85.40714525799626, 19.761696011498373]]]}, "properties": {"depth_m": 1.73, "severity": "Catastrophic", "elevation_m": 1.65, "dist_to_coast_km": 10.4, "district": "Puri"}}, {"type": "Feature", "geometry": {"type": "Polygon", "coordinates": [[[85.41671403644904, 19.761696011498373], [85.42628281490178, 19.761696011498373], [85.42628281490178, 19.770679123248286], [85.41671403644904, 19.770679123248286], [85.41671403644904, 19.761696011498373]]]}, "properties": {"depth_m": 1.8, "severity": "Catastrophic", "elevation_m": 1.6, "dist_to_coast_km": 10.0, "district": "Puri"}}, {"type": "Feature", "geometry": {"type": "Polygon", "coordinates": [[[85.42628281490178, 19.761696011498373], [85.43585159335456, 19.761696011498373], [85.43585159335456, 19.770679123248286], [85.42628281490178, 19.770679123248286], [85.42628281490178, 19.761696011498373]]]}, "properties": {"depth_m": 1.86, "severity": "Catastrophic", "elevation_m": 1.57, "dist_to_coast_km": 9.8, "district": "Puri"}}, {"type": "Feature", "geometry": {"type": "Polygon", "coordinates": [[[85.43585159335456, 19.761696011498373], [85.4454203718073, 19.761696011498373], [85.4454203718073, 19.770679123248286], [85.43585159335456, 19.770679123248286], [85.43585159335456, 19.761696011498373]]]}, "properties": {"depth_m": 1.89, "severity": "Catastrophic", "elevation_m": 1.56, "dist_to_coast_km": 9.6, "district": "Puri"}}, {"type": "Feature", "geometry": {"type": "Polygon", "coordinates": [[[85.4454203718073, 19.761696011498373], [85.45498915026008, 19.761696011498373], [85.45498915026008, 19.770679123248286], [85.4454203718073, 19.770679123248286], [85.4454203718073, 19.761696011498373]]]}, "properties": {"depth_m": 1.9, "severity": "Catastrophic", "elevation_m": 1.55, "dist_to_coast_km": 9.6, "district": "Puri"}}, {"type": "Feature", "geometry": {"type": "Polygon", "coordinates": [[[85.45498915026008, 19.761696011498373], [85.46455792871282, 19.761696011498373], [85.46455792871282, 19.770679123248286], [85.45498915026008, 19.770679123248286], [85.45498915026008, 19.761696011498373]]]}, "properties": {"depth_m": 1.89, "severity": "Catastrophic", "elevation_m": 1.56, "dist_to_coast_km": 9.6, "district": "Puri"}}, {"type": "Feature", "geometry": {"type": "Polygon", "coordinates": [[[85.46455792871282, 19.761696011498373], [85.4741267071656, 19.761696011498373], [85.4741267071656, 19.770679123248286], [85.46455792871282, 19.770679123248286], [85.46455792871282, 19.761696011498373]]]}, "properties": {"depth_m": 1.86, "severity": "Catastrophic", "elevation_m": 1.58, "dist_to_coast_km": 9.8, "district": "Puri"}}, {"type": "Feature", "geometry": {"type": "Polygon", "coordinates": [[[85.4741267071656, 19.761696011498373], [85.48369548561834, 19.761696011498373], [85.48369548561834, 19.770679123248286], [85.4741267071656, 19.770679123248286], [85.4741267071656, 19.761696011498373]]]}, "properties": {"depth_m": 1.8, "severity": "Catastrophic", "elevation_m": 1.61, "dist_to_coast_km": 10.1, "district": "Puri"}}, {"type": "Feature", "geometry": {"type": "Polygon", "coordinates": [[[85.48369548561834, 19.761696011498373], [85.49326426407112, 19.761696011498373], [85.49326426407112, 19.770679123248286], [85.48369548561834, 19.770679123248286], [85.48369548561834, 19.761696011498373]]]}, "properties": {"depth_m": 1.72, "severity": "Catastrophic", "elevation_m": 1.65, "dist_to_coast_km": 10.4, "district": "Puri"}}, {"type": "Feature", "geometry": {"type": "Polygon", "coordinates": [[[85.49326426407112, 19.761696011498373], [85.50283304252386, 19.761696011498373], [85.50283304252386, 19.770679123248286], [85.49326426407112, 19.770679123248286], [85.49326426407112, 19.761696011498373]]]}, "properties": {"depth_m": 1.63, "severity": "Catastrophic", "elevation_m": 1.7, "dist_to_coast_km": 10.8, "district": "Puri"}}, {"type": "Feature", "geometry": {"type": "Polygon", "coordinates": [[[85.50283304252386, 19.761696011498373], [85.51240182097663, 19.761696011498373], [85.51240182097663, 19.770679123248286], [85.50283304252386, 19.770679123248286], [85.50283304252386, 19.761696011498373]]]}, "properties": {"depth_m": 1.52, "severity": "Catastrophic", "elevation_m": 1.76, "dist_to_coast_km": 11.3, "district": "Puri"}}, {"type": "Feature", "geometry": {"type": "Polygon", "coordinates": [[[85.51240182097663, 19.761696011498373], [85.52197059942938, 19.761696011498373], [85.52197059942938, 19.770679123248286], [85.51240182097663, 19.770679123248286], [85.51240182097663, 19.761696011498373]]]}, "properties": {"depth_m": 1.39, "severity": "Severe", "elevation_m": 1.83, "dist_to_coast_km": 11.9, "district": "Puri"}}, {"type": "Feature", "geometry": {"type": "Polygon", "coordinates": [[[85.52197059942938, 19.761696011498373], [85.53153937788215, 19.761696011498373], [85.53153937788215, 19.770679123248286], [85.52197059942938, 19.770679123248286], [85.52197059942938, 19.761696011498373]]]}, "properties": {"depth_m": 1.26, "severity": "Severe", "elevation_m": 1.9, "dist_to_coast_km": 12.5, "district": "Puri"}}, {"type": "Feature", "geometry": {"type": "Polygon", "coordinates": [[[85.53153937788215, 19.761696011498373], [85.5411081563349, 19.761696011498373], [85.5411081563349, 19.770679123248286], [85.53153937788215, 19.770679123248286], [85.53153937788215, 19.761696011498373]]]}, "properties": {"depth_m": 1.17, "severity": "Severe", "elevation_m": 1.84, "dist_to_coast_km": 12.0, "district": "Puri"}}, {"type": "Feature", "geometry": {"type": "Polygon", "coordinates": [[[85.5411081563349, 19.761696011498373], [85.55067693478767, 19.761696011498373], [85.55067693478767, 19.770679123248286], [85.5411081563349, 19.770679123248286], [85.5411081563349, 19.761696011498373]]]}, "properties": {"depth_m": 1.39, "severity": "Severe", "elevation_m": 1.73, "dist_to_coast_km": 11.0, "district": "Puri"}}, {"type": "Feature", "geometry": {"type": "Polygon", "coordinates": [[[85.55067693478767, 19.761696011498373], [85.56024571324042, 19.761696011498373], [85.56024571324042, 19.770679123248286], [85.55067693478767, 19.770679123248286], [85.55067693478767, 19.761696011498373]]]}, "properties": {"depth_m": 1.61, "severity": "Catastrophic", "elevation_m": 1.61, "dist_to_coast_km": 10.1, "district": "Puri"}}, {"type": "Feature", "geometry": {"type": "Polygon", "coordinates": [[[85.56024571324042, 19.761696011498373], [85.5698144916932, 19.761696011498373], [85.5698144916932, 19.770679123248286], [85.56024571324042, 19.770679123248286], [85.56024571324042, 19.761696011498373]]]}, "properties": {"depth_m": 1.82, "severity": "Catastrophic", "elevation_m": 1.49, "dist_to_coast_km": 9.1, "district": "Puri"}}, {"type": "Feature", "geometry": {"type": "Polygon", "coordinates": [[[85.5698144916932, 19.761696011498373], [85.57938327014594, 19.761696011498373], [85.57938327014594, 19.770679123248286], [85.5698144916932, 19.770679123248286], [85.5698144916932, 19.761696011498373]]]}, "properties": {"depth_m": 2.04, "severity": "Catastrophic", "elevation_m": 1.37, "dist_to_coast_km": 8.1, "district": "Puri"}}, {"type": "Feature", "geometry": {"type": "Polygon", "coordinates": [[[85.57938327014594, 19.761696011498373], [85.58895204859871, 19.761696011498373], [85.58895204859871, 19.770679123248286], [85.57938327014594, 19.770679123248286], [85.57938327014594, 19.761696011498373]]]}, "properties": {"depth_m": 2.25, "severity": "Catastrophic", "elevation_m": 1.25, "dist_to_coast_km": 7.1, "district": "Puri"}}, {"type": "Feature", "geometry": {"type": "Polygon", "coordinates": [[[85.58895204859871, 19.761696011498373], [85.59852082705146, 19.761696011498373], [85.59852082705146, 19.770679123248286], [85.58895204859871, 19.770679123248286], [85.58895204859871, 19.761696011498373]]]}, "properties": {"depth_m": 2.47, "severity": "Catastrophic", "elevation_m": 1.14, "dist_to_coast_km": 6.2, "district": "Puri"}}, {"type": "Feature", "geometry": {"type": "Polygon", "coordinates": [[[85.59852082705146, 19.761696011498373], [85.60808960550423, 19.761696011498373], [85.60808960550423, 19.770679123248286], [85.59852082705146, 19.770679123248286], [85.59852082705146, 19.761696011498373]]]}, "properties": {"depth_m": 2.67, "severity": "Catastrophic", "elevation_m": 1.02, "dist_to_coast_km": 5.2, "district": "Puri"}}, {"type": "Feature", "geometry": {"type": "Polygon", "coordinates": [[[85.60808960550423, 19.761696011498373], [85.61765838395698, 19.761696011498373], [85.61765838395698, 19.770679123248286], [85.60808960550423, 19.770679123248286], [85.60808960550423, 19.761696011498373]]]}, "properties": {"depth_m": 2.88, "severity": "Catastrophic", "elevation_m": 0.91, "dist_to_coast_km": 4.3, "district": "Puri"}}, {"type": "Feature", "geometry": {"type": "Polygon", "coordinates": [[[85.61765838395698, 19.761696011498373], [85.62722716240975, 19.761696011498373], [85.62722716240975, 19.770679123248286], [85.61765838395698, 19.770679123248286], [85.61765838395698, 19.761696011498373]]]}, "properties": {"depth_m": 3.07, "severity": "Catastrophic", "elevation_m": 0.81, "dist_to_coast_km": 3.4, "district": "Puri"}}, {"type": "Feature", "geometry": {"type": "Polygon", "coordinates": [[[85.62722716240975, 19.761696011498373], [85.6367959408625, 19.761696011498373], [85.6367959408625, 19.770679123248286], [85.62722716240975, 19.770679123248286], [85.62722716240975, 19.761696011498373]]]}, "properties": {"depth_m": 3.25, "severity": "Catastrophic", "elevation_m": 0.71, "dist_to_coast_km": 2.6, "district": "Puri"}}, {"type": "Feature", "geometry": {"type": "Polygon", "coordinates": [[[85.6367959408625, 19.761696011498373], [85.64636471931527, 19.761696011498373], [85.64636471931527, 19.770679123248286], [85.6367959408625, 19.770679123248286], [85.6367959408625, 19.761696011498373]]]}, "properties": {"depth_m": 3.38, "severity": "Catastrophic", "elevation_m": 0.64, "dist_to_coast_km": 2.0, "district": "Puri"}}, {"type": "Feature", "geometry": {"type": "Polygon", "coordinates": [[[85.64636471931527, 19.761696011498373], [85.65593349776802, 19.761696011498373], [85.65593349776802, 19.770679123248286], [85.64636471931527, 19.770679123248286], [85.64636471931527, 19.761696011498373]]]}, "properties": {"depth_m": 3.42, "severity": "Catastrophic", "elevation_m": 0.62, "dist_to_coast_km": 1.8, "district": "Puri"}}, {"type": "Feature", "geometry": {"type": "Polygon", "coordinates": [[[85.65593349776802, 19.761696011498373], [85.66550227622079, 19.761696011498373], [85.66550227622079, 19.770679123248286], [85.65593349776802, 19.770679123248286], [85.65593349776802, 19.761696011498373]]]}, "properties": {"depth_m": 3.35, "severity": "Catastrophic", "elevation_m": 0.65, "dist_to_coast_km": 2.1, "district": "Puri"}}, {"type": "Feature", "geometry": {"type": "Polygon", "coordinates": [[[85.66550227622079, 19.761696011498373], [85.67507105467354, 19.761696011498373], [85.67507105467354, 19.770679123248286], [85.66550227622079, 19.770679123248286], [85.66550227622079, 19.761696011498373]]]}, "properties": {"depth_m": 3.21, "severity": "Catastrophic", "elevation_m": 0.73, "dist_to_coast_km": 2.8, "district": "Puri"}}, {"type": "Feature", "geometry": {"type": "Polygon", "coordinates": [[[85.67507105467354, 19.761696011498373], [85.68463983312631, 19.761696011498373], [85.68463983312631, 19.770679123248286], [85.67507105467354, 19.770679123248286], [85.67507105467354, 19.761696011498373]]]}, "properties": {"depth_m": 3.03, "severity": "Catastrophic", "elevation_m": 0.83, "dist_to_coast_km": 3.6, "district": "Puri"}}, {"type": "Feature", "geometry": {"type": "Polygon", "coordinates": [[[85.68463983312631, 19.761696011498373], [85.69420861157906, 19.761696011498373], [85.69420861157906, 19.770679123248286], [85.68463983312631, 19.770679123248286], [85.68463983312631, 19.761696011498373]]]}, "properties": {"depth_m": 2.83, "severity": "Catastrophic", "elevation_m": 0.94, "dist_to_coast_km": 4.5, "district": "Puri"}}, {"type": "Feature", "geometry": {"type": "Polygon", "coordinates": [[[85.69420861157906, 19.761696011498373], [85.70377739003183, 19.761696011498373], [85.70377739003183, 19.770679123248286], [85.69420861157906, 19.770679123248286], [85.69420861157906, 19.761696011498373]]]}, "properties": {"depth_m": 2.62, "severity": "Catastrophic", "elevation_m": 1.05, "dist_to_coast_km": 5.4, "district": "Puri"}}, {"type": "Feature", "geometry": {"type": "Polygon", "coordinates": [[[85.70377739003183, 19.761696011498373], [85.71334616848458, 19.761696011498373], [85.71334616848458, 19.770679123248286], [85.70377739003183, 19.770679123248286], [85.70377739003183, 19.761696011498373]]]}, "properties": {"depth_m": 2.01, "severity": "Catastrophic", "elevation_m": 1.57, "dist_to_coast_km": 6.4, "district": "Puri"}}, {"type": "Feature", "geometry": {"type": "Polygon", "coordinates": [[[85.71334616848458, 19.761696011498373], [85.72291494693735, 19.761696011498373], [85.72291494693735, 19.770679123248286], [85.71334616848458, 19.770679123248286], [85.71334616848458, 19.761696011498373]]]}, "properties": {"depth_m": 1.8, "severity": "Catastrophic", "elevation_m": 1.68, "dist_to_coast_km": 7.4, "district": "Puri"}}, {"type": "Feature", "geometry": {"type": "Polygon", "coordinates": [[[85.72291494693735, 19.761696011498373], [85.7324837253901, 19.761696011498373], [85.7324837253901, 19.770679123248286], [85.72291494693735, 19.770679123248286], [85.72291494693735, 19.761696011498373]]]}, "properties": {"depth_m": 1.59, "severity": "Catastrophic", "elevation_m": 1.8, "dist_to_coast_km": 8.3, "district": "Puri"}}, {"type": "Feature", "geometry": {"type": "Polygon", "coordinates": [[[85.7324837253901, 19.761696011498373], [85.74205250384287, 19.761696011498373], [85.74205250384287, 19.770679123248286], [85.7324837253901, 19.770679123248286], [85.7324837253901, 19.761696011498373]]]}, "properties": {"depth_m": 1.37, "severity": "Severe", "elevation_m": 1.92, "dist_to_coast_km": 9.3, "district": "Puri"}}, {"type": "Feature", "geometry": {"type": "Polygon", "coordinates": [[[85.75162128229562, 19.761696011498373], [85.76119006074839, 19.761696011498373], [85.76119006074839, 19.770679123248286], [85.75162128229562, 19.770679123248286], [85.75162128229562, 19.761696011498373]]]}, "properties": {"depth_m": 0.22, "severity": "Minor", "elevation_m": 1.83, "dist_to_coast_km": 8.6, "district": "Puri"}}, {"type": "Feature", "geometry": {"type": "Polygon", "coordinates": [[[85.76119006074839, 19.761696011498373], [85.77075883920114, 19.761696011498373], [85.77075883920114, 19.770679123248286], [85.76119006074839, 19.770679123248286], [85.76119006074839, 19.761696011498373]]]}, "properties": {"depth_m": 0.42, "severity": "Moderate (Impassable)", "elevation_m": 1.72, "dist_to_coast_km": 7.7, "district": "Puri"}}, {"type": "Feature", "geometry": {"type": "Polygon", "coordinates": [[[85.77075883920114, 19.761696011498373], [85.78032761765391, 19.761696011498373], [85.78032761765391, 19.770679123248286], [85.77075883920114, 19.770679123248286], [85.77075883920114, 19.761696011498373]]]}, "properties": {"depth_m": 0.61, "severity": "Severe", "elevation_m": 1.62, "dist_to_coast_km": 6.8, "district": "Puri"}}, {"type": "Feature", "geometry": {"type": "Polygon", "coordinates": [[[85.78032761765391, 19.761696011498373], [85.78989639610666, 19.761696011498373], [85.78989639610666, 19.770679123248286], [85.78032761765391, 19.770679123248286], [85.78032761765391, 19.761696011498373]]]}, "properties": {"depth_m": 0.79, "severity": "Severe", "elevation_m": 1.52, "dist_to_coast_km": 6.0, "district": "Puri"}}, {"type": "Feature", "geometry": {"type": "Polygon", "coordinates": [[[85.78989639610666, 19.761696011498373], [85.79946517455943, 19.761696011498373], [85.79946517455943, 19.770679123248286], [85.78989639610666, 19.770679123248286], [85.78989639610666, 19.761696011498373]]]}, "properties": {"depth_m": 0.95, "severity": "Severe", "elevation_m": 1.43, "dist_to_coast_km": 5.3, "district": "Puri"}}, {"type": "Feature", "geometry": {"type": "Polygon", "coordinates": [[[85.79946517455943, 19.761696011498373], [85.80903395301218, 19.761696011498373], [85.80903395301218, 19.770679123248286], [85.79946517455943, 19.770679123248286], [85.79946517455943, 19.761696011498373]]]}, "properties": {"depth_m": 1.09, "severity": "Severe", "elevation_m": 1.36, "dist_to_coast_km": 4.6, "district": "Puri"}}, {"type": "Feature", "geometry": {"type": "Polygon", "coordinates": [[[85.80903395301218, 19.761696011498373], [85.81860273146495, 19.761696011498373], [85.81860273146495, 19.770679123248286], [85.80903395301218, 19.770679123248286], [85.80903395301218, 19.761696011498373]]]}, "properties": {"depth_m": 1.2, "severity": "Severe", "elevation_m": 1.29, "dist_to_coast_km": 4.1, "district": "Puri"}}, {"type": "Feature", "geometry": {"type": "Polygon", "coordinates": [[[85.81860273146495, 19.761696011498373], [85.8281715099177, 19.761696011498373], [85.8281715099177, 19.770679123248286], [85.81860273146495, 19.770679123248286], [85.81860273146495, 19.761696011498373]]]}, "properties": {"depth_m": 1.27, "severity": "Severe", "elevation_m": 1.26, "dist_to_coast_km": 3.8, "district": "Puri"}}, {"type": "Feature", "geometry": {"type": "Polygon", "coordinates": [[[85.8281715099177, 19.761696011498373], [85.83774028837047, 19.761696011498373], [85.83774028837047, 19.770679123248286], [85.8281715099177, 19.770679123248286], [85.8281715099177, 19.761696011498373]]]}, "properties": {"depth_m": 1.28, "severity": "Severe", "elevation_m": 1.25, "dist_to_coast_km": 3.8, "district": "Puri"}}, {"type": "Feature", "geometry": {"type": "Polygon", "coordinates": [[[85.83774028837047, 19.761696011498373], [85.84730906682321, 19.761696011498373], [85.84730906682321, 19.770679123248286], [85.83774028837047, 19.770679123248286], [85.83774028837047, 19.761696011498373]]]}, "properties": {"depth_m": 1.23, "severity": "Severe", "elevation_m": 1.28, "dist_to_coast_km": 4.0, "district": "Puri"}}, {"type": "Feature", "geometry": {"type": "Polygon", "coordinates": [[[85.84730906682321, 19.761696011498373], [85.85687784527599, 19.761696011498373], [85.85687784527599, 19.770679123248286], [85.84730906682321, 19.770679123248286], [85.84730906682321, 19.761696011498373]]]}, "properties": {"depth_m": 1.14, "severity": "Severe", "elevation_m": 1.33, "dist_to_coast_km": 4.4, "district": "Puri"}}, {"type": "Feature", "geometry": {"type": "Polygon", "coordinates": [[[85.85687784527599, 19.761696011498373], [85.86644662372873, 19.761696011498373], [85.86644662372873, 19.770679123248286], [85.85687784527599, 19.770679123248286], [85.85687784527599, 19.761696011498373]]]}, "properties": {"depth_m": 1.01, "severity": "Severe", "elevation_m": 1.4, "dist_to_coast_km": 5.0, "district": "Puri"}}, {"type": "Feature", "geometry": {"type": "Polygon", "coordinates": [[[85.86644662372873, 19.761696011498373], [85.87601540218151, 19.761696011498373], [85.87601540218151, 19.770679123248286], [85.86644662372873, 19.770679123248286], [85.86644662372873, 19.761696011498373]]]}, "properties": {"depth_m": 0.85, "severity": "Severe", "elevation_m": 1.49, "dist_to_coast_km": 5.7, "district": "Puri"}}, {"type": "Feature", "geometry": {"type": "Polygon", "coordinates": [[[85.87601540218151, 19.761696011498373], [85.88558418063425, 19.761696011498373], [85.88558418063425, 19.770679123248286], [85.87601540218151, 19.770679123248286], [85.87601540218151, 19.761696011498373]]]}, "properties": {"depth_m": 0.68, "severity": "Severe", "elevation_m": 1.58, "dist_to_coast_km": 6.5, "district": "Puri"}}, {"type": "Feature", "geometry": {"type": "Polygon", "coordinates": [[[85.88558418063425, 19.761696011498373], [85.89515295908703, 19.761696011498373], [85.89515295908703, 19.770679123248286], [85.88558418063425, 19.770679123248286], [85.88558418063425, 19.761696011498373]]]}, "properties": {"depth_m": 0.49, "severity": "Moderate (Impassable)", "elevation_m": 1.68, "dist_to_coast_km": 7.4, "district": "Puri"}}, {"type": "Feature", "geometry": {"type": "Polygon", "coordinates": [[[85.89515295908703, 19.761696011498373], [85.90472173753977, 19.761696011498373], [85.90472173753977, 19.770679123248286], [85.89515295908703, 19.770679123248286], [85.89515295908703, 19.761696011498373]]]}, "properties": {"depth_m": 0.3, "severity": "Moderate (Impassable)", "elevation_m": 1.79, "dist_to_coast_km": 8.2, "district": "Puri"}}, {"type": "Feature", "geometry": {"type": "Polygon", "coordinates": [[[85.90472173753977, 19.761696011498373], [85.91429051599255, 19.761696011498373], [85.91429051599255, 19.770679123248286], [85.90472173753977, 19.770679123248286], [85.90472173753977, 19.761696011498373]]]}, "properties": {"depth_m": 0.1, "severity": "Minor", "elevation_m": 1.9, "dist_to_coast_km": 9.1, "district": "Puri"}}, {"type": "Feature", "geometry": {"type": "Polygon", "coordinates": [[[85.31145747346866, 19.770679123248286], [85.32102625192144, 19.770679123248286], [85.32102625192144, 19.77966223499819], [85.31145747346866, 19.77966223499819], [85.31145747346866, 19.770679123248286]]]}, "properties": {"depth_m": 0.15, "severity": "Minor", "elevation_m": 2.51, "dist_to_coast_km": 17.5, "district": "Puri"}}, {"type": "Feature", "geometry": {"type": "Polygon", "coordinates": [[[85.32102625192144, 19.770679123248286], [85.33059503037418, 19.770679123248286], [85.33059503037418, 19.77966223499819], [85.32102625192144, 19.77966223499819], [85.32102625192144, 19.770679123248286]]]}, "properties": {"depth_m": 0.32, "severity": "Moderate (Impassable)", "elevation_m": 2.41, "dist_to_coast_km": 16.8, "district": "Puri"}}, {"type": "Feature", "geometry": {"type": "Polygon", "coordinates": [[[85.33059503037418, 19.770679123248286], [85.34016380882696, 19.770679123248286], [85.34016380882696, 19.77966223499819], [85.33059503037418, 19.77966223499819], [85.33059503037418, 19.770679123248286]]]}, "properties": {"depth_m": 0.49, "severity": "Moderate (Impassable)", "elevation_m": 2.32, "dist_to_coast_km": 16.0, "district": "Puri"}}, {"type": "Feature", "geometry": {"type": "Polygon", "coordinates": [[[85.34016380882696, 19.770679123248286], [85.3497325872797, 19.770679123248286], [85.3497325872797, 19.77966223499819], [85.34016380882696, 19.77966223499819], [85.34016380882696, 19.770679123248286]]]}, "properties": {"depth_m": 0.65, "severity": "Severe", "elevation_m": 2.23, "dist_to_coast_km": 15.3, "district": "Puri"}}, {"type": "Feature", "geometry": {"type": "Polygon", "coordinates": [[[85.3497325872797, 19.770679123248286], [85.35930136573248, 19.770679123248286], [85.35930136573248, 19.77966223499819], [85.3497325872797, 19.77966223499819], [85.3497325872797, 19.770679123248286]]]}, "properties": {"depth_m": 0.81, "severity": "Severe", "elevation_m": 2.15, "dist_to_coast_km": 14.6, "district": "Puri"}}, {"type": "Feature", "geometry": {"type": "Polygon", "coordinates": [[[85.35930136573248, 19.770679123248286], [85.36887014418522, 19.770679123248286], [85.36887014418522, 19.77966223499819], [85.35930136573248, 19.77966223499819], [85.35930136573248, 19.770679123248286]]]}, "properties": {"depth_m": 0.95, "severity": "Severe", "elevation_m": 2.07, "dist_to_coast_km": 13.9, "district": "Puri"}}, {"type": "Feature", "geometry": {"type": "Polygon", "coordinates": [[[85.36887014418522, 19.770679123248286], [85.378438922638, 19.770679123248286], [85.378438922638, 19.77966223499819], [85.36887014418522, 19.77966223499819], [85.36887014418522, 19.770679123248286]]]}, "properties": {"depth_m": 1.09, "severity": "Severe", "elevation_m": 1.99, "dist_to_coast_km": 13.3, "district": "Puri"}}, {"type": "Feature", "geometry": {"type": "Polygon", "coordinates": [[[85.378438922638, 19.770679123248286], [85.38800770109074, 19.770679123248286], [85.38800770109074, 19.77966223499819], [85.378438922638, 19.77966223499819], [85.378438922638, 19.770679123248286]]]}, "properties": {"depth_m": 1.22, "severity": "Severe", "elevation_m": 1.92, "dist_to_coast_km": 12.7, "district": "Puri"}}, {"type": "Feature", "geometry": {"type": "Polygon", "coordinates": [[[85.38800770109074, 19.770679123248286], [85.39757647954352, 19.770679123248286], [85.39757647954352, 19.77966223499819], [85.38800770109074, 19.77966223499819], [85.38800770109074, 19.770679123248286]]]}, "properties": {"depth_m": 1.33, "severity": "Severe", "elevation_m": 1.86, "dist_to_coast_km": 12.2, "district": "Puri"}}, {"type": "Feature", "geometry": {"type": "Polygon", "coordinates": [[[85.39757647954352, 19.770679123248286], [85.40714525799626, 19.770679123248286], [85.40714525799626, 19.77966223499819], [85.39757647954352, 19.77966223499819], [85.39757647954352, 19.770679123248286]]]}, "properties": {"depth_m": 1.44, "severity": "Severe", "elevation_m": 1.8, "dist_to_coast_km": 11.7, "district": "Puri"}}, {"type": "Feature", "geometry": {"type": "Polygon", "coordinates": [[[85.40714525799626, 19.770679123248286], [85.41671403644904, 19.770679123248286], [85.41671403644904, 19.77966223499819], [85.40714525799626, 19.77966223499819], [85.40714525799626, 19.770679123248286]]]}, "properties": {"depth_m": 1.52, "severity": "Catastrophic", "elevation_m": 1.76, "dist_to_coast_km": 11.3, "district": "Puri"}}, {"type": "Feature", "geometry": {"type": "Polygon", "coordinates": [[[85.41671403644904, 19.770679123248286], [85.42628281490178, 19.770679123248286], [85.42628281490178, 19.77966223499819], [85.41671403644904, 19.77966223499819], [85.41671403644904, 19.770679123248286]]]}, "properties": {"depth_m": 1.59, "severity": "Catastrophic", "elevation_m": 1.72, "dist_to_coast_km": 11.0, "district": "Puri"}}, {"type": "Feature", "geometry": {"type": "Polygon", "coordinates": [[[85.42628281490178, 19.770679123248286], [85.43585159335456, 19.770679123248286], [85.43585159335456, 19.77966223499819], [85.42628281490178, 19.77966223499819], [85.42628281490178, 19.770679123248286]]]}, "properties": {"depth_m": 1.64, "severity": "Catastrophic", "elevation_m": 1.69, "dist_to_coast_km": 10.8, "district": "Puri"}}, {"type": "Feature", "geometry": {"type": "Polygon", "coordinates": [[[85.43585159335456, 19.770679123248286], [85.4454203718073, 19.770679123248286], [85.4454203718073, 19.77966223499819], [85.43585159335456, 19.77966223499819], [85.43585159335456, 19.770679123248286]]]}, "properties": {"depth_m": 1.67, "severity": "Catastrophic", "elevation_m": 1.68, "dist_to_coast_km": 10.6, "district": "Puri"}}, {"type": "Feature", "geometry": {"type": "Polygon", "coordinates": [[[85.4454203718073, 19.770679123248286], [85.45498915026008, 19.770679123248286], [85.45498915026008, 19.77966223499819], [85.4454203718073, 19.77966223499819], [85.4454203718073, 19.770679123248286]]]}, "properties": {"depth_m": 1.68, "severity": "Catastrophic", "elevation_m": 1.67, "dist_to_coast_km": 10.6, "district": "Puri"}}, {"type": "Feature", "geometry": {"type": "Polygon", "coordinates": [[[85.45498915026008, 19.770679123248286], [85.46455792871282, 19.770679123248286], [85.46455792871282, 19.77966223499819], [85.45498915026008, 19.77966223499819], [85.45498915026008, 19.770679123248286]]]}, "properties": {"depth_m": 1.67, "severity": "Catastrophic", "elevation_m": 1.68, "dist_to_coast_km": 10.6, "district": "Puri"}}, {"type": "Feature", "geometry": {"type": "Polygon", "coordinates": [[[85.46455792871282, 19.770679123248286], [85.4741267071656, 19.770679123248286], [85.4741267071656, 19.77966223499819], [85.46455792871282, 19.77966223499819], [85.46455792871282, 19.770679123248286]]]}, "properties": {"depth_m": 1.64, "severity": "Catastrophic", "elevation_m": 1.69, "dist_to_coast_km": 10.8, "district": "Puri"}}, {"type": "Feature", "geometry": {"type": "Polygon", "coordinates": [[[85.4741267071656, 19.770679123248286], [85.48369548561834, 19.770679123248286], [85.48369548561834, 19.77966223499819], [85.4741267071656, 19.77966223499819], [85.4741267071656, 19.770679123248286]]]}, "properties": {"depth_m": 1.59, "severity": "Catastrophic", "elevation_m": 1.72, "dist_to_coast_km": 11.0, "district": "Puri"}}, {"type": "Feature", "geometry": {"type": "Polygon", "coordinates": [[[85.48369548561834, 19.770679123248286], [85.49326426407112, 19.770679123248286], [85.49326426407112, 19.77966223499819], [85.48369548561834, 19.77966223499819], [85.48369548561834, 19.770679123248286]]]}, "properties": {"depth_m": 1.52, "severity": "Catastrophic", "elevation_m": 1.76, "dist_to_coast_km": 11.3, "district": "Puri"}}, {"type": "Feature", "geometry": {"type": "Polygon", "coordinates": [[[85.49326426407112, 19.770679123248286], [85.50283304252386, 19.770679123248286], [85.50283304252386, 19.77966223499819], [85.49326426407112, 19.77966223499819], [85.49326426407112, 19.770679123248286]]]}, "properties": {"depth_m": 1.43, "severity": "Severe", "elevation_m": 1.81, "dist_to_coast_km": 11.7, "district": "Puri"}}, {"type": "Feature", "geometry": {"type": "Polygon", "coordinates": [[[85.50283304252386, 19.770679123248286], [85.51240182097663, 19.770679123248286], [85.51240182097663, 19.77966223499819], [85.50283304252386, 19.77966223499819], [85.50283304252386, 19.770679123248286]]]}, "properties": {"depth_m": 1.33, "severity": "Severe", "elevation_m": 1.86, "dist_to_coast_km": 12.2, "district": "Puri"}}, {"type": "Feature", "geometry": {"type": "Polygon", "coordinates": [[[85.51240182097663, 19.770679123248286], [85.52197059942938, 19.770679123248286], [85.52197059942938, 19.77966223499819], [85.51240182097663, 19.77966223499819], [85.51240182097663, 19.770679123248286]]]}, "properties": {"depth_m": 1.21, "severity": "Severe", "elevation_m": 1.92, "dist_to_coast_km": 12.7, "district": "Puri"}}, {"type": "Feature", "geometry": {"type": "Polygon", "coordinates": [[[85.52197059942938, 19.770679123248286], [85.53153937788215, 19.770679123248286], [85.53153937788215, 19.77966223499819], [85.52197059942938, 19.77966223499819], [85.52197059942938, 19.770679123248286]]]}, "properties": {"depth_m": 0.92, "severity": "Severe", "elevation_m": 1.98, "dist_to_coast_km": 13.2, "district": "Puri"}}, {"type": "Feature", "geometry": {"type": "Polygon", "coordinates": [[[85.53153937788215, 19.770679123248286], [85.5411081563349, 19.770679123248286], [85.5411081563349, 19.77966223499819], [85.53153937788215, 19.77966223499819], [85.53153937788215, 19.770679123248286]]]}, "properties": {"depth_m": 1.13, "severity": "Severe", "elevation_m": 1.87, "dist_to_coast_km": 12.2, "district": "Puri"}}, {"type": "Feature", "geometry": {"type": "Polygon", "coordinates": [[[85.5411081563349, 19.770679123248286], [85.55067693478767, 19.770679123248286], [85.55067693478767, 19.77966223499819], [85.5411081563349, 19.77966223499819], [85.5411081563349, 19.770679123248286]]]}, "properties": {"depth_m": 1.35, "severity": "Severe", "elevation_m": 1.75, "dist_to_coast_km": 11.2, "district": "Puri"}}, {"type": "Feature", "geometry": {"type": "Polygon", "coordinates": [[[85.55067693478767, 19.770679123248286], [85.56024571324042, 19.770679123248286], [85.56024571324042, 19.77966223499819], [85.55067693478767, 19.77966223499819], [85.55067693478767, 19.770679123248286]]]}, "properties": {"depth_m": 1.56, "severity": "Catastrophic", "elevation_m": 1.63, "dist_to_coast_km": 10.3, "district": "Puri"}}, {"type": "Feature", "geometry": {"type": "Polygon", "coordinates": [[[85.56024571324042, 19.770679123248286], [85.5698144916932, 19.770679123248286], [85.5698144916932, 19.77966223499819], [85.56024571324042, 19.77966223499819], [85.56024571324042, 19.770679123248286]]]}, "properties": {"depth_m": 1.77, "severity": "Catastrophic", "elevation_m": 1.52, "dist_to_coast_km": 9.3, "district": "Puri"}}, {"type": "Feature", "geometry": {"type": "Polygon", "coordinates": [[[85.5698144916932, 19.770679123248286], [85.57938327014594, 19.770679123248286], [85.57938327014594, 19.77966223499819], [85.5698144916932, 19.77966223499819], [85.5698144916932, 19.770679123248286]]]}, "properties": {"depth_m": 1.98, "severity": "Catastrophic", "elevation_m": 1.4, "dist_to_coast_km": 8.4, "district": "Puri"}}, {"type": "Feature", "geometry": {"type": "Polygon", "coordinates": [[[85.57938327014594, 19.770679123248286], [85.58895204859871, 19.770679123248286], [85.58895204859871, 19.77966223499819], [85.57938327014594, 19.77966223499819], [85.57938327014594, 19.770679123248286]]]}, "properties": {"depth_m": 2.18, "severity": "Catastrophic", "elevation_m": 1.29, "dist_to_coast_km": 7.4, "district": "Puri"}}, {"type": "Feature", "geometry": {"type": "Polygon", "coordinates": [[[85.58895204859871, 19.770679123248286], [85.59852082705146, 19.770679123248286], [85.59852082705146, 19.77966223499819], [85.58895204859871, 19.77966223499819], [85.58895204859871, 19.770679123248286]]]}, "properties": {"depth_m": 2.39, "severity": "Catastrophic", "elevation_m": 1.18, "dist_to_coast_km": 6.5, "district": "Puri"}}, {"type": "Feature", "geometry": {"type": "Polygon", "coordinates": [[[85.59852082705146, 19.770679123248286], [85.60808960550423, 19.770679123248286], [85.60808960550423, 19.77966223499819], [85.59852082705146, 19.77966223499819], [85.59852082705146, 19.770679123248286]]]}, "properties": {"depth_m": 2.58, "severity": "Catastrophic", "elevation_m": 1.08, "dist_to_coast_km": 5.6, "district": "Puri"}}, {"type": "Feature", "geometry": {"type": "Polygon", "coordinates": [[[85.60808960550423, 19.770679123248286], [85.61765838395698, 19.770679123248286], [85.61765838395698, 19.77966223499819], [85.60808960550423, 19.77966223499819], [85.60808960550423, 19.770679123248286]]]}, "properties": {"depth_m": 2.77, "severity": "Catastrophic", "elevation_m": 0.97, "dist_to_coast_km": 4.8, "district": "Puri"}}, {"type": "Feature", "geometry": {"type": "Polygon", "coordinates": [[[85.61765838395698, 19.770679123248286], [85.62722716240975, 19.770679123248286], [85.62722716240975, 19.77966223499819], [85.61765838395698, 19.77966223499819], [85.61765838395698, 19.770679123248286]]]}, "properties": {"depth_m": 2.94, "severity": "Catastrophic", "elevation_m": 0.88, "dist_to_coast_km": 4.0, "district": "Puri"}}, {"type": "Feature", "geometry": {"type": "Polygon", "coordinates": [[[85.62722716240975, 19.770679123248286], [85.6367959408625, 19.770679123248286], [85.6367959408625, 19.77966223499819], [85.62722716240975, 19.77966223499819], [85.62722716240975, 19.770679123248286]]]}, "properties": {"depth_m": 3.08, "severity": "Catastrophic", "elevation_m": 0.8, "dist_to_coast_km": 3.4, "district": "Puri"}}, {"type": "Feature", "geometry": {"type": "Polygon", "coordinates": [[[85.6367959408625, 19.770679123248286], [85.64636471931527, 19.770679123248286], [85.64636471931527, 19.77966223499819], [85.6367959408625, 19.77966223499819], [85.6367959408625, 19.770679123248286]]]}, "properties": {"depth_m": 3.17, "severity": "Catastrophic", "elevation_m": 0.75, "dist_to_coast_km": 2.9, "district": "Puri"}}, {"type": "Feature", "geometry": {"type": "Polygon", "coordinates": [[[85.64636471931527, 19.770679123248286], [85.65593349776802, 19.770679123248286], [85.65593349776802, 19.77966223499819], [85.64636471931527, 19.77966223499819], [85.64636471931527, 19.770679123248286]]]}, "properties": {"depth_m": 3.2, "severity": "Catastrophic", "elevation_m": 0.74, "dist_to_coast_km": 2.8, "district": "Puri"}}, {"type": "Feature", "geometry": {"type": "Polygon", "coordinates": [[[85.65593349776802, 19.770679123248286], [85.66550227622079, 19.770679123248286], [85.66550227622079, 19.77966223499819], [85.65593349776802, 19.77966223499819], [85.65593349776802, 19.770679123248286]]]}, "properties": {"depth_m": 3.16, "severity": "Catastrophic", "elevation_m": 0.76, "dist_to_coast_km": 3.0, "district": "Puri"}}, {"type": "Feature", "geometry": {"type": "Polygon", "coordinates": [[[85.66550227622079, 19.770679123248286], [85.67507105467354, 19.770679123248286], [85.67507105467354, 19.77966223499819], [85.66550227622079, 19.77966223499819], [85.66550227622079, 19.770679123248286]]]}, "properties": {"depth_m": 3.05, "severity": "Catastrophic", "elevation_m": 0.82, "dist_to_coast_km": 3.5, "district": "Puri"}}, {"type": "Feature", "geometry": {"type": "Polygon", "coordinates": [[[85.67507105467354, 19.770679123248286], [85.68463983312631, 19.770679123248286], [85.68463983312631, 19.77966223499819], [85.67507105467354, 19.77966223499819], [85.67507105467354, 19.770679123248286]]]}, "properties": {"depth_m": 2.9, "severity": "Catastrophic", "elevation_m": 0.9, "dist_to_coast_km": 4.2, "district": "Puri"}}, {"type": "Feature", "geometry": {"type": "Polygon", "coordinates": [[[85.68463983312631, 19.770679123248286], [85.69420861157906, 19.770679123248286], [85.69420861157906, 19.77966223499819], [85.68463983312631, 19.77966223499819], [85.68463983312631, 19.770679123248286]]]}, "properties": {"depth_m": 2.72, "severity": "Catastrophic", "elevation_m": 1.0, "dist_to_coast_km": 5.0, "district": "Puri"}}, {"type": "Feature", "geometry": {"type": "Polygon", "coordinates": [[[85.69420861157906, 19.770679123248286], [85.70377739003183, 19.770679123248286], [85.70377739003183, 19.77966223499819], [85.69420861157906, 19.77966223499819], [85.69420861157906, 19.770679123248286]]]}, "properties": {"depth_m": 2.53, "severity": "Catastrophic", "elevation_m": 1.1, "dist_to_coast_km": 5.8, "district": "Puri"}}, {"type": "Feature", "geometry": {"type": "Polygon", "coordinates": [[[85.70377739003183, 19.770679123248286], [85.71334616848458, 19.770679123248286], [85.71334616848458, 19.77966223499819], [85.70377739003183, 19.77966223499819], [85.70377739003183, 19.770679123248286]]]}, "properties": {"depth_m": 1.94, "severity": "Catastrophic", "elevation_m": 1.61, "dist_to_coast_km": 6.7, "district": "Puri"}}, {"type": "Feature", "geometry": {"type": "Polygon", "coordinates": [[[85.71334616848458, 19.770679123248286], [85.72291494693735, 19.770679123248286], [85.72291494693735, 19.77966223499819], [85.71334616848458, 19.77966223499819], [85.71334616848458, 19.770679123248286]]]}, "properties": {"depth_m": 1.73, "severity": "Catastrophic", "elevation_m": 1.72, "dist_to_coast_km": 7.7, "district": "Puri"}}, {"type": "Feature", "geometry": {"type": "Polygon", "coordinates": [[[85.72291494693735, 19.770679123248286], [85.7324837253901, 19.770679123248286], [85.7324837253901, 19.77966223499819], [85.72291494693735, 19.77966223499819], [85.72291494693735, 19.770679123248286]]]}, "properties": {"depth_m": 1.53, "severity": "Catastrophic", "elevation_m": 1.83, "dist_to_coast_km": 8.6, "district": "Puri"}}, {"type": "Feature", "geometry": {"type": "Polygon", "coordinates": [[[85.7324837253901, 19.770679123248286], [85.74205250384287, 19.770679123248286], [85.74205250384287, 19.77966223499819], [85.7324837253901, 19.77966223499819], [85.7324837253901, 19.770679123248286]]]}, "properties": {"depth_m": 1.32, "severity": "Severe", "elevation_m": 1.95, "dist_to_coast_km": 9.6, "district": "Puri"}}, {"type": "Feature", "geometry": {"type": "Polygon", "coordinates": [[[85.74205250384287, 19.770679123248286], [85.75162128229562, 19.770679123248286], [85.75162128229562, 19.77966223499819], [85.74205250384287, 19.77966223499819], [85.74205250384287, 19.770679123248286]]]}, "properties": {"depth_m": 0.1, "severity": "Minor", "elevation_m": 1.9, "dist_to_coast_km": 9.1, "district": "Puri"}}, {"type": "Feature", "geometry": {"type": "Polygon", "coordinates": [[[85.75162128229562, 19.770679123248286], [85.76119006074839, 19.770679123248286], [85.76119006074839, 19.77966223499819], [85.75162128229562, 19.77966223499819], [85.75162128229562, 19.770679123248286]]]}, "properties": {"depth_m": 0.31, "severity": "Moderate (Impassable)", "elevation_m": 1.78, "dist_to_coast_km": 8.2, "district": "Puri"}}, {"type": "Feature", "geometry": {"type": "Polygon", "coordinates": [[[85.76119006074839, 19.770679123248286], [85.77075883920114, 19.770679123248286], [85.77075883920114, 19.77966223499819], [85.76119006074839, 19.77966223499819], [85.76119006074839, 19.770679123248286]]]}, "properties": {"depth_m": 0.52, "severity": "Moderate (Impassable)", "elevation_m": 1.67, "dist_to_coast_km": 7.2, "district": "Puri"}}, {"type": "Feature", "geometry": {"type": "Polygon", "coordinates": [[[85.77075883920114, 19.770679123248286], [85.78032761765391, 19.770679123248286], [85.78032761765391, 19.77966223499819], [85.77075883920114, 19.77966223499819], [85.77075883920114, 19.770679123248286]]]}, "properties": {"depth_m": 0.72, "severity": "Severe", "elevation_m": 1.56, "dist_to_coast_km": 6.3, "district": "Puri"}}, {"type": "Feature", "geometry": {"type": "Polygon", "coordinates": [[[85.78032761765391, 19.770679123248286], [85.78989639610666, 19.770679123248286], [85.78989639610666, 19.77966223499819], [85.78032761765391, 19.77966223499819], [85.78032761765391, 19.770679123248286]]]}, "properties": {"depth_m": 0.91, "severity": "Severe", "elevation_m": 1.45, "dist_to_coast_km": 5.4, "district": "Puri"}}, {"type": "Feature", "geometry": {"type": "Polygon", "coordinates": [[[85.78989639610666, 19.770679123248286], [85.79946517455943, 19.770679123248286], [85.79946517455943, 19.77966223499819], [85.78989639610666, 19.77966223499819], [85.78989639610666, 19.770679123248286]]]}, "properties": {"depth_m": 1.1, "severity": "Severe", "elevation_m": 1.35, "dist_to_coast_km": 4.6, "district": "Puri"}}, {"type": "Feature", "geometry": {"type": "Polygon", "coordinates": [[[85.79946517455943, 19.770679123248286], [85.80903395301218, 19.770679123248286], [85.80903395301218, 19.77966223499819], [85.79946517455943, 19.77966223499819], [85.79946517455943, 19.770679123248286]]]}, "properties": {"depth_m": 1.26, "severity": "Severe", "elevation_m": 1.26, "dist_to_coast_km": 3.9, "district": "Puri"}}, {"type": "Feature", "geometry": {"type": "Polygon", "coordinates": [[[85.80903395301218, 19.770679123248286], [85.81860273146495, 19.770679123248286], [85.81860273146495, 19.77966223499819], [85.80903395301218, 19.77966223499819], [85.80903395301218, 19.770679123248286]]]}, "properties": {"depth_m": 1.4, "severity": "Severe", "elevation_m": 1.19, "dist_to_coast_km": 3.2, "district": "Puri"}}, {"type": "Feature", "geometry": {"type": "Polygon", "coordinates": [[[85.81860273146495, 19.770679123248286], [85.8281715099177, 19.770679123248286], [85.8281715099177, 19.77966223499819], [85.81860273146495, 19.77966223499819], [85.81860273146495, 19.770679123248286]]]}, "properties": {"depth_m": 1.48, "severity": "Severe", "elevation_m": 1.14, "dist_to_coast_km": 2.8, "district": "Puri"}}, {"type": "Feature", "geometry": {"type": "Polygon", "coordinates": [[[85.8281715099177, 19.770679123248286], [85.83774028837047, 19.770679123248286], [85.83774028837047, 19.77966223499819], [85.8281715099177, 19.77966223499819], [85.8281715099177, 19.770679123248286]]]}, "properties": {"depth_m": 1.5, "severity": "Severe", "elevation_m": 1.13, "dist_to_coast_km": 2.8, "district": "Puri"}}, {"type": "Feature", "geometry": {"type": "Polygon", "coordinates": [[[85.83774028837047, 19.770679123248286], [85.84730906682321, 19.770679123248286], [85.84730906682321, 19.77966223499819], [85.83774028837047, 19.77966223499819], [85.83774028837047, 19.770679123248286]]]}, "properties": {"depth_m": 1.44, "severity": "Severe", "elevation_m": 1.17, "dist_to_coast_km": 3.1, "district": "Puri"}}, {"type": "Feature", "geometry": {"type": "Polygon", "coordinates": [[[85.84730906682321, 19.770679123248286], [85.85687784527599, 19.770679123248286], [85.85687784527599, 19.77966223499819], [85.84730906682321, 19.77966223499819], [85.84730906682321, 19.770679123248286]]]}, "properties": {"depth_m": 1.32, "severity": "Severe", "elevation_m": 1.23, "dist_to_coast_km": 3.6, "district": "Puri"}}, {"type": "Feature", "geometry": {"type": "Polygon", "coordinates": [[[85.85687784527599, 19.770679123248286], [85.86644662372873, 19.770679123248286], [85.86644662372873, 19.77966223499819], [85.85687784527599, 19.77966223499819], [85.85687784527599, 19.770679123248286]]]}, "properties": {"depth_m": 1.16, "severity": "Severe", "elevation_m": 1.32, "dist_to_coast_km": 4.3, "district": "Puri"}}, {"type": "Feature", "geometry": {"type": "Polygon", "coordinates": [[[85.86644662372873, 19.770679123248286], [85.87601540218151, 19.770679123248286], [85.87601540218151, 19.77966223499819], [85.86644662372873, 19.77966223499819], [85.86644662372873, 19.770679123248286]]]}, "properties": {"depth_m": 0.98, "severity": "Severe", "elevation_m": 1.41, "dist_to_coast_km": 5.1, "district": "Puri"}}, {"type": "Feature", "geometry": {"type": "Polygon", "coordinates": [[[85.87601540218151, 19.770679123248286], [85.88558418063425, 19.770679123248286], [85.88558418063425, 19.77966223499819], [85.87601540218151, 19.77966223499819], [85.87601540218151, 19.770679123248286]]]}, "properties": {"depth_m": 0.79, "severity": "Severe", "elevation_m": 1.52, "dist_to_coast_km": 6.0, "district": "Puri"}}, {"type": "Feature", "geometry": {"type": "Polygon", "coordinates": [[[85.88558418063425, 19.770679123248286], [85.89515295908703, 19.770679123248286], [85.89515295908703, 19.77966223499819], [85.88558418063425, 19.77966223499819], [85.88558418063425, 19.770679123248286]]]}, "properties": {"depth_m": 0.59, "severity": "Moderate (Impassable)", "elevation_m": 1.63, "dist_to_coast_km": 6.9, "district": "Puri"}}, {"type": "Feature", "geometry": {"type": "Polygon", "coordinates": [[[85.89515295908703, 19.770679123248286], [85.90472173753977, 19.770679123248286], [85.90472173753977, 19.77966223499819], [85.89515295908703, 19.77966223499819], [85.89515295908703, 19.770679123248286]]]}, "properties": {"depth_m": 0.39, "severity": "Moderate (Impassable)", "elevation_m": 1.74, "dist_to_coast_km": 7.8, "district": "Puri"}}, {"type": "Feature", "geometry": {"type": "Polygon", "coordinates": [[[85.90472173753977, 19.770679123248286], [85.91429051599255, 19.770679123248286], [85.91429051599255, 19.77966223499819], [85.90472173753977, 19.77966223499819], [85.90472173753977, 19.770679123248286]]]}, "properties": {"depth_m": 0.18, "severity": "Minor", "elevation_m": 1.85, "dist_to_coast_km": 8.8, "district": "Puri"}}, {"type": "Feature", "geometry": {"type": "Polygon", "coordinates": [[[85.32102625192144, 19.77966223499819], [85.33059503037418, 19.77966223499819], [85.33059503037418, 19.788645346748105], [85.32102625192144, 19.788645346748105], [85.32102625192144, 19.77966223499819]]]}, "properties": {"depth_m": 0.18, "severity": "Minor", "elevation_m": 2.49, "dist_to_coast_km": 17.4, "district": "Puri"}}, {"type": "Feature", "geometry": {"type": "Polygon", "coordinates": [[[85.33059503037418, 19.77966223499819], [85.34016380882696, 19.77966223499819], [85.34016380882696, 19.788645346748105], [85.33059503037418, 19.788645346748105], [85.33059503037418, 19.77966223499819]]]}, "properties": {"depth_m": 0.34, "severity": "Moderate (Impassable)", "elevation_m": 2.4, "dist_to_coast_km": 16.7, "district": "Puri"}}, {"type": "Feature", "geometry": {"type": "Polygon", "coordinates": [[[85.34016380882696, 19.77966223499819], [85.3497325872797, 19.77966223499819], [85.3497325872797, 19.788645346748105], [85.34016380882696, 19.788645346748105], [85.34016380882696, 19.77966223499819]]]}, "properties": {"depth_m": 0.5, "severity": "Moderate (Impassable)", "elevation_m": 2.32, "dist_to_coast_km": 16.0, "district": "Puri"}}, {"type": "Feature", "geometry": {"type": "Polygon", "coordinates": [[[85.3497325872797, 19.77966223499819], [85.35930136573248, 19.77966223499819], [85.35930136573248, 19.788645346748105], [85.3497325872797, 19.788645346748105], [85.3497325872797, 19.77966223499819]]]}, "properties": {"depth_m": 0.64, "severity": "Severe", "elevation_m": 2.24, "dist_to_coast_km": 15.3, "district": "Puri"}}, {"type": "Feature", "geometry": {"type": "Polygon", "coordinates": [[[85.35930136573248, 19.77966223499819], [85.36887014418522, 19.77966223499819], [85.36887014418522, 19.788645346748105], [85.35930136573248, 19.788645346748105], [85.35930136573248, 19.77966223499819]]]}, "properties": {"depth_m": 0.78, "severity": "Severe", "elevation_m": 2.16, "dist_to_coast_km": 14.7, "district": "Puri"}}, {"type": "Feature", "geometry": {"type": "Polygon", "coordinates": [[[85.36887014418522, 19.77966223499819], [85.378438922638, 19.77966223499819], [85.378438922638, 19.788645346748105], [85.36887014418522, 19.788645346748105], [85.36887014418522, 19.77966223499819]]]}, "properties": {"depth_m": 0.91, "severity": "Severe", "elevation_m": 2.09, "dist_to_coast_km": 14.1, "district": "Puri"}}, {"type": "Feature", "geometry": {"type": "Polygon", "coordinates": [[[85.378438922638, 19.77966223499819], [85.38800770109074, 19.77966223499819], [85.38800770109074, 19.788645346748105], [85.378438922638, 19.788645346748105], [85.378438922638, 19.77966223499819]]]}, "properties": {"depth_m": 1.03, "severity": "Severe", "elevation_m": 2.02, "dist_to_coast_km": 13.5, "district": "Puri"}}, {"type": "Feature", "geometry": {"type": "Polygon", "coordinates": [[[85.38800770109074, 19.77966223499819], [85.39757647954352, 19.77966223499819], [85.39757647954352, 19.788645346748105], [85.38800770109074, 19.788645346748105], [85.38800770109074, 19.77966223499819]]]}, "properties": {"depth_m": 1.14, "severity": "Severe", "elevation_m": 1.96, "dist_to_coast_km": 13.0, "district": "Puri"}}, {"type": "Feature", "geometry": {"type": "Polygon", "coordinates": [[[85.39757647954352, 19.77966223499819], [85.40714525799626, 19.77966223499819], [85.40714525799626, 19.788645346748105], [85.39757647954352, 19.788645346748105], [85.39757647954352, 19.77966223499819]]]}, "properties": {"depth_m": 1.24, "severity": "Severe", "elevation_m": 1.91, "dist_to_coast_km": 12.6, "district": "Puri"}}, {"type": "Feature", "geometry": {"type": "Polygon", "coordinates": [[[85.40714525799626, 19.77966223499819], [85.41671403644904, 19.77966223499819], [85.41671403644904, 19.788645346748105], [85.40714525799626, 19.788645346748105], [85.40714525799626, 19.77966223499819]]]}, "properties": {"depth_m": 1.32, "severity": "Severe", "elevation_m": 1.87, "dist_to_coast_km": 12.2, "district": "Puri"}}, {"type": "Feature", "geometry": {"type": "Polygon", "coordinates": [[[85.41671403644904, 19.77966223499819], [85.42628281490178, 19.77966223499819], [85.42628281490178, 19.788645346748105], [85.41671403644904, 19.788645346748105], [85.41671403644904, 19.77966223499819]]]}, "properties": {"depth_m": 1.38, "severity": "Severe", "elevation_m": 1.84, "dist_to_coast_km": 12.0, "district": "Puri"}}, {"type": "Feature", "geometry": {"type": "Polygon", "coordinates": [[[85.42628281490178, 19.77966223499819], [85.43585159335456, 19.77966223499819], [85.43585159335456, 19.788645346748105], [85.42628281490178, 19.788645346748105], [85.42628281490178, 19.77966223499819]]]}, "properties": {"depth_m": 1.43, "severity": "Severe", "elevation_m": 1.81, "dist_to_coast_km": 11.7, "district": "Puri"}}, {"type": "Feature", "geometry": {"type": "Polygon", "coordinates": [[[85.43585159335456, 19.77966223499819], [85.4454203718073, 19.77966223499819], [85.4454203718073, 19.788645346748105], [85.43585159335456, 19.788645346748105], [85.43585159335456, 19.77966223499819]]]}, "properties": {"depth_m": 1.45, "severity": "Severe", "elevation_m": 1.79, "dist_to_coast_km": 11.6, "district": "Puri"}}, {"type": "Feature", "geometry": {"type": "Polygon", "coordinates": [[[85.4454203718073, 19.77966223499819], [85.45498915026008, 19.77966223499819], [85.45498915026008, 19.788645346748105], [85.4454203718073, 19.788645346748105], [85.4454203718073, 19.77966223499819]]]}, "properties": {"depth_m": 1.46, "severity": "Severe", "elevation_m": 1.79, "dist_to_coast_km": 11.6, "district": "Puri"}}, {"type": "Feature", "geometry": {"type": "Polygon", "coordinates": [[[85.45498915026008, 19.77966223499819], [85.46455792871282, 19.77966223499819], [85.46455792871282, 19.788645346748105], [85.45498915026008, 19.788645346748105], [85.45498915026008, 19.77966223499819]]]}, "properties": {"depth_m": 1.45, "severity": "Severe", "elevation_m": 1.8, "dist_to_coast_km": 11.6, "district": "Puri"}}, {"type": "Feature", "geometry": {"type": "Polygon", "coordinates": [[[85.46455792871282, 19.77966223499819], [85.4741267071656, 19.77966223499819], [85.4741267071656, 19.788645346748105], [85.46455792871282, 19.788645346748105], [85.46455792871282, 19.77966223499819]]]}, "properties": {"depth_m": 1.42, "severity": "Severe", "elevation_m": 1.81, "dist_to_coast_km": 11.8, "district": "Puri"}}, {"type": "Feature", "geometry": {"type": "Polygon", "coordinates": [[[85.4741267071656, 19.77966223499819], [85.48369548561834, 19.77966223499819], [85.48369548561834, 19.788645346748105], [85.4741267071656, 19.788645346748105], [85.4741267071656, 19.77966223499819]]]}, "properties": {"depth_m": 1.38, "severity": "Severe", "elevation_m": 1.84, "dist_to_coast_km": 12.0, "district": "Puri"}}, {"type": "Feature", "geometry": {"type": "Polygon", "coordinates": [[[85.48369548561834, 19.77966223499819], [85.49326426407112, 19.77966223499819], [85.49326426407112, 19.788645346748105], [85.48369548561834, 19.788645346748105], [85.48369548561834, 19.77966223499819]]]}, "properties": {"depth_m": 1.31, "severity": "Severe", "elevation_m": 1.87, "dist_to_coast_km": 12.3, "district": "Puri"}}, {"type": "Feature", "geometry": {"type": "Polygon", "coordinates": [[[85.49326426407112, 19.77966223499819], [85.50283304252386, 19.77966223499819], [85.50283304252386, 19.788645346748105], [85.49326426407112, 19.788645346748105], [85.49326426407112, 19.77966223499819]]]}, "properties": {"depth_m": 1.23, "severity": "Severe", "elevation_m": 1.92, "dist_to_coast_km": 12.6, "district": "Puri"}}, {"type": "Feature", "geometry": {"type": "Polygon", "coordinates": [[[85.50283304252386, 19.77966223499819], [85.51240182097663, 19.77966223499819], [85.51240182097663, 19.788645346748105], [85.50283304252386, 19.788645346748105], [85.50283304252386, 19.77966223499819]]]}, "properties": {"depth_m": 1.14, "severity": "Severe", "elevation_m": 1.97, "dist_to_coast_km": 13.1, "district": "Puri"}}, {"type": "Feature", "geometry": {"type": "Polygon", "coordinates": [[[85.51240182097663, 19.77966223499819], [85.52197059942938, 19.77966223499819], [85.52197059942938, 19.788645346748105], [85.51240182097663, 19.788645346748105], [85.51240182097663, 19.77966223499819]]]}, "properties": {"depth_m": 1.03, "severity": "Severe", "elevation_m": 2.03, "dist_to_coast_km": 13.5, "district": "Puri"}}, {"type": "Feature", "geometry": {"type": "Polygon", "coordinates": [[[85.52197059942938, 19.77966223499819], [85.53153937788215, 19.77966223499819], [85.53153937788215, 19.788645346748105], [85.52197059942938, 19.788645346748105], [85.52197059942938, 19.77966223499819]]]}, "properties": {"depth_m": 0.86, "severity": "Severe", "elevation_m": 2.01, "dist_to_coast_km": 13.4, "district": "Puri"}}, {"type": "Feature", "geometry": {"type": "Polygon", "coordinates": [[[85.53153937788215, 19.77966223499819], [85.5411081563349, 19.77966223499819], [85.5411081563349, 19.788645346748105], [85.53153937788215, 19.788645346748105], [85.53153937788215, 19.77966223499819]]]}, "properties": {"depth_m": 1.07, "severity": "Severe", "elevation_m": 1.9, "dist_to_coast_km": 12.5, "district": "Puri"}}, {"type": "Feature", "geometry": {"type": "Polygon", "coordinates": [[[85.5411081563349, 19.77966223499819], [85.55067693478767, 19.77966223499819], [85.55067693478767, 19.788645346748105], [85.5411081563349, 19.788645346748105], [85.5411081563349, 19.77966223499819]]]}, "properties": {"depth_m": 1.28, "severity": "Severe", "elevation_m": 1.78, "dist_to_coast_km": 11.5, "district": "Puri"}}, {"type": "Feature", "geometry": {"type": "Polygon", "coordinates": [[[85.55067693478767, 19.77966223499819], [85.56024571324042, 19.77966223499819], [85.56024571324042, 19.788645346748105], [85.55067693478767, 19.788645346748105], [85.55067693478767, 19.77966223499819]]]}, "properties": {"depth_m": 1.49, "severity": "Severe", "elevation_m": 1.67, "dist_to_coast_km": 10.6, "district": "Puri"}}, {"type": "Feature", "geometry": {"type": "Polygon", "coordinates": [[[85.56024571324042, 19.77966223499819], [85.5698144916932, 19.77966223499819], [85.5698144916932, 19.788645346748105], [85.56024571324042, 19.788645346748105], [85.56024571324042, 19.77966223499819]]]}, "properties": {"depth_m": 1.69, "severity": "Catastrophic", "elevation_m": 1.56, "dist_to_coast_km": 9.7, "district": "Puri"}}, {"type": "Feature", "geometry": {"type": "Polygon", "coordinates": [[[85.5698144916932, 19.77966223499819], [85.57938327014594, 19.77966223499819], [85.57938327014594, 19.788645346748105], [85.5698144916932, 19.788645346748105], [85.5698144916932, 19.77966223499819]]]}, "properties": {"depth_m": 1.89, "severity": "Catastrophic", "elevation_m": 1.45, "dist_to_coast_km": 8.8, "district": "Puri"}}, {"type": "Feature", "geometry": {"type": "Polygon", "coordinates": [[[85.57938327014594, 19.77966223499819], [85.58895204859871, 19.77966223499819], [85.58895204859871, 19.788645346748105], [85.57938327014594, 19.788645346748105], [85.57938327014594, 19.77966223499819]]]}, "properties": {"depth_m": 2.09, "severity": "Catastrophic", "elevation_m": 1.34, "dist_to_coast_km": 7.9, "district": "Puri"}}, {"type": "Feature", "geometry": {"type": "Polygon", "coordinates": [[[85.58895204859871, 19.77966223499819], [85.59852082705146, 19.77966223499819], [85.59852082705146, 19.788645346748105], [85.58895204859871, 19.788645346748105], [85.58895204859871, 19.77966223499819]]]}, "properties": {"depth_m": 2.28, "severity": "Catastrophic", "elevation_m": 1.24, "dist_to_coast_km": 7.0, "district": "Puri"}}, {"type": "Feature", "geometry": {"type": "Polygon", "coordinates": [[[85.59852082705146, 19.77966223499819], [85.60808960550423, 19.77966223499819], [85.60808960550423, 19.788645346748105], [85.59852082705146, 19.788645346748105], [85.59852082705146, 19.77966223499819]]]}, "properties": {"depth_m": 2.46, "severity": "Catastrophic", "elevation_m": 1.14, "dist_to_coast_km": 6.2, "district": "Puri"}}, {"type": "Feature", "geometry": {"type": "Polygon", "coordinates": [[[85.60808960550423, 19.77966223499819], [85.61765838395698, 19.77966223499819], [85.61765838395698, 19.788645346748105], [85.60808960550423, 19.788645346748105], [85.60808960550423, 19.77966223499819]]]}, "properties": {"depth_m": 2.62, "severity": "Catastrophic", "elevation_m": 1.05, "dist_to_coast_km": 5.4, "district": "Puri"}}, {"type": "Feature", "geometry": {"type": "Polygon", "coordinates": [[[85.61765838395698, 19.77966223499819], [85.62722716240975, 19.77966223499819], [85.62722716240975, 19.788645346748105], [85.61765838395698, 19.788645346748105], [85.61765838395698, 19.77966223499819]]]}, "properties": {"depth_m": 2.77, "severity": "Catastrophic", "elevation_m": 0.97, "dist_to_coast_km": 4.8, "district": "Puri"}}, {"type": "Feature", "geometry": {"type": "Polygon", "coordinates": [[[85.62722716240975, 19.77966223499819], [85.6367959408625, 19.77966223499819], [85.6367959408625, 19.788645346748105], [85.62722716240975, 19.788645346748105], [85.62722716240975, 19.77966223499819]]]}, "properties": {"depth_m": 2.89, "severity": "Catastrophic", "elevation_m": 0.91, "dist_to_coast_km": 4.2, "district": "Puri"}}, {"type": "Feature", "geometry": {"type": "Polygon", "coordinates": [[[85.6367959408625, 19.77966223499819], [85.64636471931527, 19.77966223499819], [85.64636471931527, 19.788645346748105], [85.6367959408625, 19.788645346748105], [85.6367959408625, 19.77966223499819]]]}, "properties": {"depth_m": 2.96, "severity": "Catastrophic", "elevation_m": 0.87, "dist_to_coast_km": 3.9, "district": "Puri"}}, {"type": "Feature", "geometry": {"type": "Polygon", "coordinates": [[[85.64636471931527, 19.77966223499819], [85.65593349776802, 19.77966223499819], [85.65593349776802, 19.788645346748105], [85.64636471931527, 19.788645346748105], [85.64636471931527, 19.77966223499819]]]}, "properties": {"depth_m": 2.98, "severity": "Catastrophic", "elevation_m": 0.86, "dist_to_coast_km": 3.8, "district": "Puri"}}, {"type": "Feature", "geometry": {"type": "Polygon", "coordinates": [[[85.65593349776802, 19.77966223499819], [85.66550227622079, 19.77966223499819], [85.66550227622079, 19.788645346748105], [85.65593349776802, 19.788645346748105], [85.65593349776802, 19.77966223499819]]]}, "properties": {"depth_m": 2.95, "severity": "Catastrophic", "elevation_m": 0.88, "dist_to_coast_km": 4.0, "district": "Puri"}}, {"type": "Feature", "geometry": {"type": "Polygon", "coordinates": [[[85.66550227622079, 19.77966223499819], [85.67507105467354, 19.77966223499819], [85.67507105467354, 19.788645346748105], [85.66550227622079, 19.788645346748105], [85.66550227622079, 19.77966223499819]]]}, "properties": {"depth_m": 2.86, "severity": "Catastrophic", "elevation_m": 0.92, "dist_to_coast_km": 4.4, "district": "Puri"}}, {"type": "Feature", "geometry": {"type": "Polygon", "coordinates": [[[85.67507105467354, 19.77966223499819], [85.68463983312631, 19.77966223499819], [85.68463983312631, 19.788645346748105], [85.67507105467354, 19.788645346748105], [85.67507105467354, 19.77966223499819]]]}, "properties": {"depth_m": 2.74, "severity": "Catastrophic", "elevation_m": 0.99, "dist_to_coast_km": 4.9, "district": "Puri"}}, {"type": "Feature", "geometry": {"type": "Polygon", "coordinates": [[[85.68463983312631, 19.77966223499819], [85.69420861157906, 19.77966223499819], [85.69420861157906, 19.788645346748105], [85.68463983312631, 19.788645346748105], [85.68463983312631, 19.77966223499819]]]}, "properties": {"depth_m": 2.59, "severity": "Catastrophic", "elevation_m": 1.07, "dist_to_coast_km": 5.6, "district": "Puri"}}, {"type": "Feature", "geometry": {"type": "Polygon", "coordinates": [[[85.69420861157906, 19.77966223499819], [85.70377739003183, 19.77966223499819], [85.70377739003183, 19.788645346748105], [85.69420861157906, 19.788645346748105], [85.69420861157906, 19.77966223499819]]]}, "properties": {"depth_m": 2.42, "severity": "Catastrophic", "elevation_m": 1.17, "dist_to_coast_km": 6.4, "district": "Puri"}}, {"type": "Feature", "geometry": {"type": "Polygon", "coordinates": [[[85.70377739003183, 19.77966223499819], [85.71334616848458, 19.77966223499819], [85.71334616848458, 19.788645346748105], [85.70377739003183, 19.788645346748105], [85.70377739003183, 19.77966223499819]]]}, "properties": {"depth_m": 1.83, "severity": "Catastrophic", "elevation_m": 1.67, "dist_to_coast_km": 7.2, "district": "Puri"}}, {"type": "Feature", "geometry": {"type": "Polygon", "coordinates": [[[85.71334616848458, 19.77966223499819], [85.72291494693735, 19.77966223499819], [85.72291494693735, 19.788645346748105], [85.71334616848458, 19.788645346748105], [85.71334616848458, 19.77966223499819]]]}, "properties": {"depth_m": 1.64, "severity": "Catastrophic", "elevation_m": 1.77, "dist_to_coast_km": 8.1, "district": "Puri"}}, {"type": "Feature", "geometry": {"type": "Polygon", "coordinates": [[[85.72291494693735, 19.77966223499819], [85.7324837253901, 19.77966223499819], [85.7324837253901, 19.788645346748105], [85.72291494693735, 19.788645346748105], [85.72291494693735, 19.77966223499819]]]}, "properties": {"depth_m": 1.45, "severity": "Severe", "elevation_m": 1.88, "dist_to_coast_km": 9.0, "district": "Puri"}}, {"type": "Feature", "geometry": {"type": "Polygon", "coordinates": [[[85.74205250384287, 19.77966223499819], [85.75162128229562, 19.77966223499819], [85.75162128229562, 19.788645346748105], [85.74205250384287, 19.788645346748105], [85.74205250384287, 19.77966223499819]]]}, "properties": {"depth_m": 0.16, "severity": "Minor", "elevation_m": 1.87, "dist_to_coast_km": 8.9, "district": "Puri"}}, {"type": "Feature", "geometry": {"type": "Polygon", "coordinates": [[[85.75162128229562, 19.77966223499819], [85.76119006074839, 19.77966223499819], [85.76119006074839, 19.788645346748105], [85.75162128229562, 19.788645346748105], [85.75162128229562, 19.77966223499819]]]}, "properties": {"depth_m": 0.37, "severity": "Moderate (Impassable)", "elevation_m": 1.75, "dist_to_coast_km": 7.9, "district": "Puri"}}, {"type": "Feature", "geometry": {"type": "Polygon", "coordinates": [[[85.76119006074839, 19.77966223499819], [85.77075883920114, 19.77966223499819], [85.77075883920114, 19.788645346748105], [85.76119006074839, 19.788645346748105], [85.76119006074839, 19.77966223499819]]]}, "properties": {"depth_m": 0.59, "severity": "Moderate (Impassable)", "elevation_m": 1.63, "dist_to_coast_km": 6.9, "district": "Puri"}}, {"type": "Feature", "geometry": {"type": "Polygon", "coordinates": [[[85.77075883920114, 19.77966223499819], [85.78032761765391, 19.77966223499819], [85.78032761765391, 19.788645346748105], [85.77075883920114, 19.788645346748105], [85.77075883920114, 19.77966223499819]]]}, "properties": {"depth_m": 0.8, "severity": "Severe", "elevation_m": 1.52, "dist_to_coast_km": 6.0, "district": "Puri"}}, {"type": "Feature", "geometry": {"type": "Polygon", "coordinates": [[[85.78032761765391, 19.77966223499819], [85.78989639610666, 19.77966223499819], [85.78989639610666, 19.788645346748105], [85.78032761765391, 19.788645346748105], [85.78032761765391, 19.77966223499819]]]}, "properties": {"depth_m": 1.01, "severity": "Severe", "elevation_m": 1.4, "dist_to_coast_km": 5.0, "district": "Puri"}}, {"type": "Feature", "geometry": {"type": "Polygon", "coordinates": [[[85.78989639610666, 19.77966223499819], [85.79946517455943, 19.77966223499819], [85.79946517455943, 19.788645346748105], [85.78989639610666, 19.788645346748105], [85.78989639610666, 19.77966223499819]]]}, "properties": {"depth_m": 1.21, "severity": "Severe", "elevation_m": 1.29, "dist_to_coast_km": 4.1, "district": "Puri"}}, {"type": "Feature", "geometry": {"type": "Polygon", "coordinates": [[[85.79946517455943, 19.77966223499819], [85.80903395301218, 19.77966223499819], [85.80903395301218, 19.788645346748105], [85.79946517455943, 19.788645346748105], [85.79946517455943, 19.77966223499819]]]}, "properties": {"depth_m": 1.4, "severity": "Severe", "elevation_m": 1.19, "dist_to_coast_km": 3.2, "district": "Puri"}}, {"type": "Feature", "geometry": {"type": "Polygon", "coordinates": [[[85.80903395301218, 19.77966223499819], [85.81860273146495, 19.77966223499819], [85.81860273146495, 19.788645346748105], [85.80903395301218, 19.788645346748105], [85.80903395301218, 19.77966223499819]]]}, "properties": {"depth_m": 1.57, "severity": "Catastrophic", "elevation_m": 1.09, "dist_to_coast_km": 2.4, "district": "Puri"}}, {"type": "Feature", "geometry": {"type": "Polygon", "coordinates": [[[85.81860273146495, 19.77966223499819], [85.8281715099177, 19.77966223499819], [85.8281715099177, 19.788645346748105], [85.81860273146495, 19.788645346748105], [85.81860273146495, 19.77966223499819]]]}, "properties": {"depth_m": 1.69, "severity": "Catastrophic", "elevation_m": 1.03, "dist_to_coast_km": 1.9, "district": "Puri"}}, {"type": "Feature", "geometry": {"type": "Polygon", "coordinates": [[[85.8281715099177, 19.77966223499819], [85.83774028837047, 19.77966223499819], [85.83774028837047, 19.788645346748105], [85.8281715099177, 19.788645346748105], [85.8281715099177, 19.77966223499819]]]}, "properties": {"depth_m": 1.72, "severity": "Catastrophic", "elevation_m": 1.01, "dist_to_coast_km": 1.8, "district": "Puri"}}, {"type": "Feature", "geometry": {"type": "Polygon", "coordinates": [[[85.83774028837047, 19.77966223499819], [85.84730906682321, 19.77966223499819], [85.84730906682321, 19.788645346748105], [85.83774028837047, 19.788645346748105], [85.83774028837047, 19.77966223499819]]]}, "properties": {"depth_m": 1.63, "severity": "Catastrophic", "elevation_m": 1.06, "dist_to_coast_km": 2.2, "district": "Puri"}}, {"type": "Feature", "geometry": {"type": "Polygon", "coordinates": [[[85.84730906682321, 19.77966223499819], [85.85687784527599, 19.77966223499819], [85.85687784527599, 19.788645346748105], [85.84730906682321, 19.788645346748105], [85.84730906682321, 19.77966223499819]]]}, "properties": {"depth_m": 1.47, "severity": "Severe", "elevation_m": 1.15, "dist_to_coast_km": 2.9, "district": "Puri"}}, {"type": "Feature", "geometry": {"type": "Polygon", "coordinates": [[[85.85687784527599, 19.77966223499819], [85.86644662372873, 19.77966223499819], [85.86644662372873, 19.788645346748105], [85.85687784527599, 19.788645346748105], [85.85687784527599, 19.77966223499819]]]}, "properties": {"depth_m": 1.28, "severity": "Severe", "elevation_m": 1.25, "dist_to_coast_km": 3.8, "district": "Puri"}}, {"type": "Feature", "geometry": {"type": "Polygon", "coordinates": [[[85.86644662372873, 19.77966223499819], [85.87601540218151, 19.77966223499819], [85.87601540218151, 19.788645346748105], [85.86644662372873, 19.788645346748105], [85.86644662372873, 19.77966223499819]]]}, "properties": {"depth_m": 1.08, "severity": "Severe", "elevation_m": 1.36, "dist_to_coast_km": 4.7, "district": "Puri"}}, {"type": "Feature", "geometry": {"type": "Polygon", "coordinates": [[[85.87601540218151, 19.77966223499819], [85.88558418063425, 19.77966223499819], [85.88558418063425, 19.788645346748105], [85.87601540218151, 19.788645346748105], [85.87601540218151, 19.77966223499819]]]}, "properties": {"depth_m": 0.88, "severity": "Severe", "elevation_m": 1.47, "dist_to_coast_km": 5.6, "district": "Puri"}}, {"type": "Feature", "geometry": {"type": "Polygon", "coordinates": [[[85.88558418063425, 19.77966223499819], [85.89515295908703, 19.77966223499819], [85.89515295908703, 19.788645346748105], [85.88558418063425, 19.788645346748105], [85.88558418063425, 19.77966223499819]]]}, "properties": {"depth_m": 0.67, "severity": "Severe", "elevation_m": 1.59, "dist_to_coast_km": 6.6, "district": "Puri"}}, {"type": "Feature", "geometry": {"type": "Polygon", "coordinates": [[[85.89515295908703, 19.77966223499819], [85.90472173753977, 19.77966223499819], [85.90472173753977, 19.788645346748105], [85.89515295908703, 19.788645346748105], [85.89515295908703, 19.77966223499819]]]}, "properties": {"depth_m": 0.45, "severity": "Moderate (Impassable)", "elevation_m": 1.7, "dist_to_coast_km": 7.5, "district": "Puri"}}, {"type": "Feature", "geometry": {"type": "Polygon", "coordinates": [[[85.90472173753977, 19.77966223499819], [85.91429051599255, 19.77966223499819], [85.91429051599255, 19.788645346748105], [85.90472173753977, 19.788645346748105], [85.90472173753977, 19.77966223499819]]]}, "properties": {"depth_m": 0.24, "severity": "Minor", "elevation_m": 1.82, "dist_to_coast_km": 8.5, "district": "Puri"}}, {"type": "Feature", "geometry": {"type": "Polygon", "coordinates": [[[85.33059503037418, 19.788645346748105], [85.34016380882696, 19.788645346748105], [85.34016380882696, 19.79762845849801], [85.33059503037418, 19.79762845849801], [85.33059503037418, 19.788645346748105]]]}, "properties": {"depth_m": 0.19, "severity": "Minor", "elevation_m": 2.49, "dist_to_coast_km": 17.4, "district": "Puri"}}, {"type": "Feature", "geometry": {"type": "Polygon", "coordinates": [[[85.34016380882696, 19.788645346748105], [85.3497325872797, 19.788645346748105], [85.3497325872797, 19.79762845849801], [85.34016380882696, 19.79762845849801], [85.34016380882696, 19.788645346748105]]]}, "properties": {"depth_m": 0.33, "severity": "Moderate (Impassable)", "elevation_m": 2.4, "dist_to_coast_km": 16.7, "district": "Puri"}}, {"type": "Feature", "geometry": {"type": "Polygon", "coordinates": [[[85.3497325872797, 19.788645346748105], [85.35930136573248, 19.788645346748105], [85.35930136573248, 19.79762845849801], [85.3497325872797, 19.79762845849801], [85.3497325872797, 19.788645346748105]]]}, "properties": {"depth_m": 0.48, "severity": "Moderate (Impassable)", "elevation_m": 2.33, "dist_to_coast_km": 16.1, "district": "Puri"}}, {"type": "Feature", "geometry": {"type": "Polygon", "coordinates": [[[85.35930136573248, 19.788645346748105], [85.36887014418522, 19.788645346748105], [85.36887014418522, 19.79762845849801], [85.35930136573248, 19.79762845849801], [85.35930136573248, 19.788645346748105]]]}, "properties": {"depth_m": 0.61, "severity": "Severe", "elevation_m": 2.26, "dist_to_coast_km": 15.5, "district": "Puri"}}, {"type": "Feature", "geometry": {"type": "Polygon", "coordinates": [[[85.36887014418522, 19.788645346748105], [85.378438922638, 19.788645346748105], [85.378438922638, 19.79762845849801], [85.36887014418522, 19.79762845849801], [85.36887014418522, 19.788645346748105]]]}, "properties": {"depth_m": 0.73, "severity": "Severe", "elevation_m": 2.19, "dist_to_coast_km": 14.9, "district": "Puri"}}, {"type": "Feature", "geometry": {"type": "Polygon", "coordinates": [[[85.378438922638, 19.788645346748105], [85.38800770109074, 19.788645346748105], [85.38800770109074, 19.79762845849801], [85.378438922638, 19.79762845849801], [85.378438922638, 19.788645346748105]]]}, "properties": {"depth_m": 0.84, "severity": "Severe", "elevation_m": 2.13, "dist_to_coast_km": 14.4, "district": "Puri"}}, {"type": "Feature", "geometry": {"type": "Polygon", "coordinates": [[[85.38800770109074, 19.788645346748105], [85.39757647954352, 19.788645346748105], [85.39757647954352, 19.79762845849801], [85.38800770109074, 19.79762845849801], [85.38800770109074, 19.788645346748105]]]}, "properties": {"depth_m": 0.94, "severity": "Severe", "elevation_m": 2.07, "dist_to_coast_km": 13.9, "district": "Puri"}}, {"type": "Feature", "geometry": {"type": "Polygon", "coordinates": [[[85.39757647954352, 19.788645346748105], [85.40714525799626, 19.788645346748105], [85.40714525799626, 19.79762845849801], [85.39757647954352, 19.79762845849801], [85.39757647954352, 19.788645346748105]]]}, "properties": {"depth_m": 1.03, "severity": "Severe", "elevation_m": 2.02, "dist_to_coast_km": 13.5, "district": "Puri"}}, {"type": "Feature", "geometry": {"type": "Polygon", "coordinates": [[[85.40714525799626, 19.788645346748105], [85.41671403644904, 19.788645346748105], [85.41671403644904, 19.79762845849801], [85.40714525799626, 19.79762845849801], [85.40714525799626, 19.788645346748105]]]}, "properties": {"depth_m": 1.11, "severity": "Severe", "elevation_m": 1.98, "dist_to_coast_km": 13.2, "district": "Puri"}}, {"type": "Feature", "geometry": {"type": "Polygon", "coordinates": [[[85.41671403644904, 19.788645346748105], [85.42628281490178, 19.788645346748105], [85.42628281490178, 19.79762845849801], [85.41671403644904, 19.79762845849801], [85.41671403644904, 19.788645346748105]]]}, "properties": {"depth_m": 1.17, "severity": "Severe", "elevation_m": 1.95, "dist_to_coast_km": 12.9, "district": "Puri"}}, {"type": "Feature", "geometry": {"type": "Polygon", "coordinates": [[[85.42628281490178, 19.788645346748105], [85.43585159335456, 19.788645346748105], [85.43585159335456, 19.79762845849801], [85.42628281490178, 19.79762845849801], [85.42628281490178, 19.788645346748105]]]}, "properties": {"depth_m": 1.21, "severity": "Severe", "elevation_m": 1.93, "dist_to_coast_km": 12.7, "district": "Puri"}}, {"type": "Feature", "geometry": {"type": "Polygon", "coordinates": [[[85.43585159335456, 19.788645346748105], [85.4454203718073, 19.788645346748105], [85.4454203718073, 19.79762845849801], [85.43585159335456, 19.79762845849801], [85.43585159335456, 19.788645346748105]]]}, "properties": {"depth_m": 1.23, "severity": "Severe", "elevation_m": 1.91, "dist_to_coast_km": 12.6, "district": "Puri"}}, {"type": "Feature", "geometry": {"type": "Polygon", "coordinates": [[[85.4454203718073, 19.788645346748105], [85.45498915026008, 19.788645346748105], [85.45498915026008, 19.79762845849801], [85.4454203718073, 19.79762845849801], [85.4454203718073, 19.788645346748105]]]}, "properties": {"depth_m": 1.24, "severity": "Severe", "elevation_m": 1.91, "dist_to_coast_km": 12.6, "district": "Puri"}}, {"type": "Feature", "geometry": {"type": "Polygon", "coordinates": [[[85.45498915026008, 19.788645346748105], [85.46455792871282, 19.788645346748105], [85.46455792871282, 19.79762845849801], [85.45498915026008, 19.79762845849801], [85.45498915026008, 19.788645346748105]]]}, "properties": {"depth_m": 1.23, "severity": "Severe", "elevation_m": 1.91, "dist_to_coast_km": 12.6, "district": "Puri"}}, {"type": "Feature", "geometry": {"type": "Polygon", "coordinates": [[[85.46455792871282, 19.788645346748105], [85.4741267071656, 19.788645346748105], [85.4741267071656, 19.79762845849801], [85.46455792871282, 19.79762845849801], [85.46455792871282, 19.788645346748105]]]}, "properties": {"depth_m": 1.21, "severity": "Severe", "elevation_m": 1.93, "dist_to_coast_km": 12.7, "district": "Puri"}}, {"type": "Feature", "geometry": {"type": "Polygon", "coordinates": [[[85.4741267071656, 19.788645346748105], [85.48369548561834, 19.788645346748105], [85.48369548561834, 19.79762845849801], [85.4741267071656, 19.79762845849801], [85.4741267071656, 19.788645346748105]]]}, "properties": {"depth_m": 1.16, "severity": "Severe", "elevation_m": 1.95, "dist_to_coast_km": 12.9, "district": "Puri"}}, {"type": "Feature", "geometry": {"type": "Polygon", "coordinates": [[[85.48369548561834, 19.788645346748105], [85.49326426407112, 19.788645346748105], [85.49326426407112, 19.79762845849801], [85.48369548561834, 19.79762845849801], [85.48369548561834, 19.788645346748105]]]}, "properties": {"depth_m": 1.1, "severity": "Severe", "elevation_m": 1.99, "dist_to_coast_km": 13.2, "district": "Puri"}}, {"type": "Feature", "geometry": {"type": "Polygon", "coordinates": [[[85.49326426407112, 19.788645346748105], [85.50283304252386, 19.788645346748105], [85.50283304252386, 19.79762845849801], [85.49326426407112, 19.79762845849801], [85.49326426407112, 19.788645346748105]]]}, "properties": {"depth_m": 1.03, "severity": "Severe", "elevation_m": 2.03, "dist_to_coast_km": 13.5, "district": "Puri"}}, {"type": "Feature", "geometry": {"type": "Polygon", "coordinates": [[[85.50283304252386, 19.788645346748105], [85.51240182097663, 19.788645346748105], [85.51240182097663, 19.79762845849801], [85.50283304252386, 19.79762845849801], [85.50283304252386, 19.788645346748105]]]}, "properties": {"depth_m": 0.94, "severity": "Severe", "elevation_m": 2.07, "dist_to_coast_km": 14.0, "district": "Puri"}}, {"type": "Feature", "geometry": {"type": "Polygon", "coordinates": [[[85.51240182097663, 19.788645346748105], [85.52197059942938, 19.788645346748105], [85.52197059942938, 19.79762845849801], [85.51240182097663, 19.79762845849801], [85.51240182097663, 19.788645346748105]]]}, "properties": {"depth_m": 0.84, "severity": "Severe", "elevation_m": 2.13, "dist_to_coast_km": 14.4, "district": "Puri"}}, {"type": "Feature", "geometry": {"type": "Polygon", "coordinates": [[[85.52197059942938, 19.788645346748105], [85.53153937788215, 19.788645346748105], [85.53153937788215, 19.79762845849801], [85.52197059942938, 19.79762845849801], [85.52197059942938, 19.788645346748105]]]}, "properties": {"depth_m": 0.79, "severity": "Severe", "elevation_m": 2.05, "dist_to_coast_km": 13.8, "district": "Puri"}}, {"type": "Feature", "geometry": {"type": "Polygon", "coordinates": [[[85.53153937788215, 19.788645346748105], [85.5411081563349, 19.788645346748105], [85.5411081563349, 19.79762845849801], [85.53153937788215, 19.79762845849801], [85.53153937788215, 19.788645346748105]]]}, "properties": {"depth_m": 1.0, "severity": "Severe", "elevation_m": 1.94, "dist_to_coast_km": 12.8, "district": "Puri"}}, {"type": "Feature", "geometry": {"type": "Polygon", "coordinates": [[[85.5411081563349, 19.788645346748105], [85.55067693478767, 19.788645346748105], [85.55067693478767, 19.79762845849801], [85.5411081563349, 19.79762845849801], [85.5411081563349, 19.788645346748105]]]}, "properties": {"depth_m": 1.2, "severity": "Severe", "elevation_m": 1.83, "dist_to_coast_km": 11.9, "district": "Puri"}}, {"type": "Feature", "geometry": {"type": "Polygon", "coordinates": [[[85.55067693478767, 19.788645346748105], [85.56024571324042, 19.788645346748105], [85.56024571324042, 19.79762845849801], [85.55067693478767, 19.79762845849801], [85.55067693478767, 19.788645346748105]]]}, "properties": {"depth_m": 1.4, "severity": "Severe", "elevation_m": 1.72, "dist_to_coast_km": 11.0, "district": "Puri"}}, {"type": "Feature", "geometry": {"type": "Polygon", "coordinates": [[[85.56024571324042, 19.788645346748105], [85.5698144916932, 19.788645346748105], [85.5698144916932, 19.79762845849801], [85.56024571324042, 19.79762845849801], [85.56024571324042, 19.788645346748105]]]}, "properties": {"depth_m": 1.6, "severity": "Catastrophic", "elevation_m": 1.61, "dist_to_coast_km": 10.1, "district": "Puri"}}, {"type": "Feature", "geometry": {"type": "Polygon", "coordinates": [[[85.5698144916932, 19.788645346748105], [85.57938327014594, 19.788645346748105], [85.57938327014594, 19.79762845849801], [85.5698144916932, 19.79762845849801], [85.5698144916932, 19.788645346748105]]]}, "properties": {"depth_m": 1.79, "severity": "Catastrophic", "elevation_m": 1.51, "dist_to_coast_km": 9.2, "district": "Puri"}}, {"type": "Feature", "geometry": {"type": "Polygon", "coordinates": [[[85.57938327014594, 19.788645346748105], [85.58895204859871, 19.788645346748105], [85.58895204859871, 19.79762845849801], [85.57938327014594, 19.79762845849801], [85.57938327014594, 19.788645346748105]]]}, "properties": {"depth_m": 1.97, "severity": "Catastrophic", "elevation_m": 1.41, "dist_to_coast_km": 8.4, "district": "Puri"}}, {"type": "Feature", "geometry": {"type": "Polygon", "coordinates": [[[85.58895204859871, 19.788645346748105], [85.59852082705146, 19.788645346748105], [85.59852082705146, 19.79762845849801], [85.58895204859871, 19.79762845849801], [85.58895204859871, 19.788645346748105]]]}, "properties": {"depth_m": 2.15, "severity": "Catastrophic", "elevation_m": 1.31, "dist_to_coast_km": 7.6, "district": "Puri"}}, {"type": "Feature", "geometry": {"type": "Polygon", "coordinates": [[[85.59852082705146, 19.788645346748105], [85.60808960550423, 19.788645346748105], [85.60808960550423, 19.79762845849801], [85.59852082705146, 19.79762845849801], [85.59852082705146, 19.788645346748105]]]}, "properties": {"depth_m": 2.31, "severity": "Catastrophic", "elevation_m": 1.22, "dist_to_coast_km": 6.8, "district": "Puri"}}, {"type": "Feature", "geometry": {"type": "Polygon", "coordinates": [[[85.60808960550423, 19.788645346748105], [85.61765838395698, 19.788645346748105], [85.61765838395698, 19.79762845849801], [85.60808960550423, 19.79762845849801], [85.60808960550423, 19.788645346748105]]]}, "properties": {"depth_m": 2.46, "severity": "Catastrophic", "elevation_m": 1.14, "dist_to_coast_km": 6.2, "district": "Puri"}}, {"type": "Feature", "geometry": {"type": "Polygon", "coordinates": [[[85.61765838395698, 19.788645346748105], [85.62722716240975, 19.788645346748105], [85.62722716240975, 19.79762845849801], [85.61765838395698, 19.79762845849801], [85.61765838395698, 19.788645346748105]]]}, "properties": {"depth_m": 2.59, "severity": "Catastrophic", "elevation_m": 1.07, "dist_to_coast_km": 5.6, "district": "Puri"}}, {"type": "Feature", "geometry": {"type": "Polygon", "coordinates": [[[85.62722716240975, 19.788645346748105], [85.6367959408625, 19.788645346748105], [85.6367959408625, 19.79762845849801], [85.62722716240975, 19.79762845849801], [85.62722716240975, 19.788645346748105]]]}, "properties": {"depth_m": 2.69, "severity": "Catastrophic", "elevation_m": 1.02, "dist_to_coast_km": 5.2, "district": "Puri"}}, {"type": "Feature", "geometry": {"type": "Polygon", "coordinates": [[[85.6367959408625, 19.788645346748105], [85.64636471931527, 19.788645346748105], [85.64636471931527, 19.79762845849801], [85.6367959408625, 19.79762845849801], [85.6367959408625, 19.788645346748105]]]}, "properties": {"depth_m": 2.75, "severity": "Catastrophic", "elevation_m": 0.99, "dist_to_coast_km": 4.9, "district": "Puri"}}, {"type": "Feature", "geometry": {"type": "Polygon", "coordinates": [[[85.64636471931527, 19.788645346748105], [85.65593349776802, 19.788645346748105], [85.65593349776802, 19.79762845849801], [85.64636471931527, 19.79762845849801], [85.64636471931527, 19.788645346748105]]]}, "properties": {"depth_m": 2.76, "severity": "Catastrophic", "elevation_m": 0.98, "dist_to_coast_km": 4.8, "district": "Puri"}}, {"type": "Feature", "geometry": {"type": "Polygon", "coordinates": [[[85.65593349776802, 19.788645346748105], [85.66550227622079, 19.788645346748105], [85.66550227622079, 19.79762845849801], [85.65593349776802, 19.79762845849801], [85.65593349776802, 19.788645346748105]]]}, "properties": {"depth_m": 2.74, "severity": "Catastrophic", "elevation_m": 0.99, "dist_to_coast_km": 4.9, "district": "Puri"}}, {"type": "Feature", "geometry": {"type": "Polygon", "coordinates": [[[85.66550227622079, 19.788645346748105], [85.67507105467354, 19.788645346748105], [85.67507105467354, 19.79762845849801], [85.66550227622079, 19.79762845849801], [85.66550227622079, 19.788645346748105]]]}, "properties": {"depth_m": 2.67, "severity": "Catastrophic", "elevation_m": 1.03, "dist_to_coast_km": 5.2, "district": "Puri"}}, {"type": "Feature", "geometry": {"type": "Polygon", "coordinates": [[[85.67507105467354, 19.788645346748105], [85.68463983312631, 19.788645346748105], [85.68463983312631, 19.79762845849801], [85.67507105467354, 19.79762845849801], [85.67507105467354, 19.788645346748105]]]}, "properties": {"depth_m": 2.56, "severity": "Catastrophic", "elevation_m": 1.09, "dist_to_coast_km": 5.7, "district": "Puri"}}, {"type": "Feature", "geometry": {"type": "Polygon", "coordinates": [[[85.68463983312631, 19.788645346748105], [85.69420861157906, 19.788645346748105], [85.69420861157906, 19.79762845849801], [85.68463983312631, 19.79762845849801], [85.68463983312631, 19.788645346748105]]]}, "properties": {"depth_m": 2.43, "severity": "Catastrophic", "elevation_m": 1.16, "dist_to_coast_km": 6.3, "district": "Puri"}}, {"type": "Feature", "geometry": {"type": "Polygon", "coordinates": [[[85.69420861157906, 19.788645346748105], [85.70377739003183, 19.788645346748105], [85.70377739003183, 19.79762845849801], [85.69420861157906, 19.79762845849801], [85.69420861157906, 19.788645346748105]]]}, "properties": {"depth_m": 2.28, "severity": "Catastrophic", "elevation_m": 1.24, "dist_to_coast_km": 7.0, "district": "Puri"}}, {"type": "Feature", "geometry": {"type": "Polygon", "coordinates": [[[85.70377739003183, 19.788645346748105], [85.71334616848458, 19.788645346748105], [85.71334616848458, 19.79762845849801], [85.70377739003183, 19.79762845849801], [85.70377739003183, 19.788645346748105]]]}, "properties": {"depth_m": 1.71, "severity": "Catastrophic", "elevation_m": 1.73, "dist_to_coast_km": 7.8, "district": "Puri"}}, {"type": "Feature", "geometry": {"type": "Polygon", "coordinates": [[[85.71334616848458, 19.788645346748105], [85.72291494693735, 19.788645346748105], [85.72291494693735, 19.79762845849801], [85.71334616848458, 19.79762845849801], [85.71334616848458, 19.788645346748105]]]}, "properties": {"depth_m": 1.53, "severity": "Catastrophic", "elevation_m": 1.83, "dist_to_coast_km": 8.6, "district": "Puri"}}, {"type": "Feature", "geometry": {"type": "Polygon", "coordinates": [[[85.72291494693735, 19.788645346748105], [85.7324837253901, 19.788645346748105], [85.7324837253901, 19.79762845849801], [85.72291494693735, 19.79762845849801], [85.72291494693735, 19.788645346748105]]]}, "properties": {"depth_m": 1.34, "severity": "Severe", "elevation_m": 1.93, "dist_to_coast_km": 9.4, "district": "Puri"}}, {"type": "Feature", "geometry": {"type": "Polygon", "coordinates": [[[85.74205250384287, 19.788645346748105], [85.75162128229562, 19.788645346748105], [85.75162128229562, 19.79762845849801], [85.74205250384287, 19.79762845849801], [85.74205250384287, 19.788645346748105]]]}, "properties": {"depth_m": 0.19, "severity": "Minor", "elevation_m": 1.85, "dist_to_coast_km": 8.7, "district": "Puri"}}, {"type": "Feature", "geometry": {"type": "Polygon", "coordinates": [[[85.75162128229562, 19.788645346748105], [85.76119006074839, 19.788645346748105], [85.76119006074839, 19.79762845849801], [85.75162128229562, 19.79762845849801], [85.75162128229562, 19.788645346748105]]]}, "properties": {"depth_m": 0.41, "severity": "Moderate (Impassable)", "elevation_m": 1.73, "dist_to_coast_km": 7.7, "district": "Puri"}}, {"type": "Feature", "geometry": {"type": "Polygon", "coordinates": [[[85.76119006074839, 19.788645346748105], [85.77075883920114, 19.788645346748105], [85.77075883920114, 19.79762845849801], [85.76119006074839, 19.79762845849801], [85.76119006074839, 19.788645346748105]]]}, "properties": {"depth_m": 0.63, "severity": "Severe", "elevation_m": 1.61, "dist_to_coast_km": 6.7, "district": "Puri"}}, {"type": "Feature", "geometry": {"type": "Polygon", "coordinates": [[[85.77075883920114, 19.788645346748105], [85.78032761765391, 19.788645346748105], [85.78032761765391, 19.79762845849801], [85.77075883920114, 19.79762845849801], [85.77075883920114, 19.788645346748105]]]}, "properties": {"depth_m": 0.85, "severity": "Severe", "elevation_m": 1.49, "dist_to_coast_km": 5.7, "district": "Puri"}}, {"type": "Feature", "geometry": {"type": "Polygon", "coordinates": [[[85.78032761765391, 19.788645346748105], [85.78989639610666, 19.788645346748105], [85.78989639610666, 19.79762845849801], [85.78032761765391, 19.79762845849801], [85.78032761765391, 19.788645346748105]]]}, "properties": {"depth_m": 1.06, "severity": "Severe", "elevation_m": 1.37, "dist_to_coast_km": 4.8, "district": "Puri"}}, {"type": "Feature", "geometry": {"type": "Polygon", "coordinates": [[[85.78989639610666, 19.788645346748105], [85.79946517455943, 19.788645346748105], [85.79946517455943, 19.79762845849801], [85.78989639610666, 19.79762845849801], [85.78989639610666, 19.788645346748105]]]}, "properties": {"depth_m": 1.28, "severity": "Severe", "elevation_m": 1.25, "dist_to_coast_km": 3.8, "district": "Puri"}}, {"type": "Feature", "geometry": {"type": "Polygon", "coordinates": [[[85.79946517455943, 19.788645346748105], [85.80903395301218, 19.788645346748105], [85.80903395301218, 19.79762845849801], [85.79946517455943, 19.79762845849801], [85.79946517455943, 19.788645346748105]]]}, "properties": {"depth_m": 1.49, "severity": "Severe", "elevation_m": 1.14, "dist_to_coast_km": 2.8, "district": "Puri"}}, {"type": "Feature", "geometry": {"type": "Polygon", "coordinates": [[[85.80903395301218, 19.788645346748105], [85.81860273146495, 19.788645346748105], [85.81860273146495, 19.79762845849801], [85.80903395301218, 19.79762845849801], [85.80903395301218, 19.788645346748105]]]}, "properties": {"depth_m": 1.7, "severity": "Catastrophic", "elevation_m": 1.02, "dist_to_coast_km": 1.9, "district": "Puri"}}, {"type": "Feature", "geometry": {"type": "Polygon", "coordinates": [[[85.81860273146495, 19.788645346748105], [85.8281715099177, 19.788645346748105], [85.8281715099177, 19.79762845849801], [85.81860273146495, 19.79762845849801], [85.81860273146495, 19.788645346748105]]]}, "properties": {"depth_m": 1.88, "severity": "Catastrophic", "elevation_m": 0.92, "dist_to_coast_km": 1.0, "district": "Puri"}}, {"type": "Feature", "geometry": {"type": "Polygon", "coordinates": [[[85.8281715099177, 19.788645346748105], [85.83774028837047, 19.788645346748105], [85.83774028837047, 19.79762845849801], [85.8281715099177, 19.79762845849801], [85.8281715099177, 19.788645346748105]]]}, "properties": {"depth_m": 1.93, "severity": "Catastrophic", "elevation_m": 0.9, "dist_to_coast_km": 0.8, "district": "Puri"}}, {"type": "Feature", "geometry": {"type": "Polygon", "coordinates": [[[85.83774028837047, 19.788645346748105], [85.84730906682321, 19.788645346748105], [85.84730906682321, 19.79762845849801], [85.83774028837047, 19.79762845849801], [85.83774028837047, 19.788645346748105]]]}, "properties": {"depth_m": 1.78, "severity": "Catastrophic", "elevation_m": 0.98, "dist_to_coast_km": 1.5, "district": "Puri"}}, {"type": "Feature", "geometry": {"type": "Polygon", "coordinates": [[[85.84730906682321, 19.788645346748105], [85.85687784527599, 19.788645346748105], [85.85687784527599, 19.79762845849801], [85.84730906682321, 19.79762845849801], [85.84730906682321, 19.788645346748105]]]}, "properties": {"depth_m": 1.57, "severity": "Catastrophic", "elevation_m": 1.09, "dist_to_coast_km": 2.4, "district": "Puri"}}, {"type": "Feature", "geometry": {"type": "Polygon", "coordinates": [[[85.85687784527599, 19.788645346748105], [85.86644662372873, 19.788645346748105], [85.86644662372873, 19.79762845849801], [85.85687784527599, 19.79762845849801], [85.85687784527599, 19.788645346748105]]]}, "properties": {"depth_m": 1.36, "severity": "Severe", "elevation_m": 1.21, "dist_to_coast_km": 3.4, "district": "Puri"}}, {"type": "Feature", "geometry": {"type": "Polygon", "coordinates": [[[85.86644662372873, 19.788645346748105], [85.87601540218151, 19.788645346748105], [85.87601540218151, 19.79762845849801], [85.86644662372873, 19.79762845849801], [85.86644662372873, 19.788645346748105]]]}, "properties": {"depth_m": 1.15, "severity": "Severe", "elevation_m": 1.33, "dist_to_coast_km": 4.4, "district": "Puri"}}, {"type": "Feature", "geometry": {"type": "Polygon", "coordinates": [[[85.87601540218151, 19.788645346748105], [85.88558418063425, 19.788645346748105], [85.88558418063425, 19.79762845849801], [85.87601540218151, 19.79762845849801], [85.87601540218151, 19.788645346748105]]]}, "properties": {"depth_m": 0.93, "severity": "Severe", "elevation_m": 1.44, "dist_to_coast_km": 5.4, "district": "Puri"}}, {"type": "Feature", "geometry": {"type": "Polygon", "coordinates": [[[85.88558418063425, 19.788645346748105], [85.89515295908703, 19.788645346748105], [85.89515295908703, 19.79762845849801], [85.88558418063425, 19.79762845849801], [85.88558418063425, 19.788645346748105]]]}, "properties": {"depth_m": 0.71, "severity": "Severe", "elevation_m": 1.56, "dist_to_coast_km": 6.4, "district": "Puri"}}, {"type": "Feature", "geometry": {"type": "Polygon", "coordinates": [[[85.89515295908703, 19.788645346748105], [85.90472173753977, 19.788645346748105], [85.90472173753977, 19.79762845849801], [85.89515295908703, 19.79762845849801], [85.89515295908703, 19.788645346748105]]]}, "properties": {"depth_m": 0.49, "severity": "Moderate (Impassable)", "elevation_m": 1.68, "dist_to_coast_km": 7.4, "district": "Puri"}}, {"type": "Feature", "geometry": {"type": "Polygon", "coordinates": [[[85.90472173753977, 19.788645346748105], [85.91429051599255, 19.788645346748105], [85.91429051599255, 19.79762845849801], [85.90472173753977, 19.79762845849801], [85.90472173753977, 19.788645346748105]]]}, "properties": {"depth_m": 0.27, "severity": "Minor", "elevation_m": 1.8, "dist_to_coast_km": 8.4, "district": "Puri"}}, {"type": "Feature", "geometry": {"type": "Polygon", "coordinates": [[[85.34016380882696, 19.79762845849801], [85.3497325872797, 19.79762845849801], [85.3497325872797, 19.806611570247924], [85.34016380882696, 19.806611570247924], [85.34016380882696, 19.79762845849801]]]}, "properties": {"depth_m": 0.17, "severity": "Minor", "elevation_m": 2.5, "dist_to_coast_km": 17.5, "district": "Puri"}}, {"type": "Feature", "geometry": {"type": "Polygon", "coordinates": [[[85.3497325872797, 19.79762845849801], [85.35930136573248, 19.79762845849801], [85.35930136573248, 19.806611570247924], [85.3497325872797, 19.806611570247924], [85.3497325872797, 19.79762845849801]]]}, "properties": {"depth_m": 0.3, "severity": "Moderate (Impassable)", "elevation_m": 2.42, "dist_to_coast_km": 16.9, "district": "Puri"}}, {"type": "Feature", "geometry": {"type": "Polygon", "coordinates": [[[85.35930136573248, 19.79762845849801], [85.36887014418522, 19.79762845849801], [85.36887014418522, 19.806611570247924], [85.35930136573248, 19.806611570247924], [85.35930136573248, 19.79762845849801]]]}, "properties": {"depth_m": 0.43, "severity": "Moderate (Impassable)", "elevation_m": 2.35, "dist_to_coast_km": 16.3, "district": "Puri"}}, {"type": "Feature", "geometry": {"type": "Polygon", "coordinates": [[[85.36887014418522, 19.79762845849801], [85.378438922638, 19.79762845849801], [85.378438922638, 19.806611570247924], [85.36887014418522, 19.806611570247924], [85.36887014418522, 19.79762845849801]]]}, "properties": {"depth_m": 0.54, "severity": "Moderate (Impassable)", "elevation_m": 2.29, "dist_to_coast_km": 15.8, "district": "Puri"}}, {"type": "Feature", "geometry": {"type": "Polygon", "coordinates": [[[85.378438922638, 19.79762845849801], [85.38800770109074, 19.79762845849801], [85.38800770109074, 19.806611570247924], [85.378438922638, 19.806611570247924], [85.378438922638, 19.79762845849801]]]}, "properties": {"depth_m": 0.65, "severity": "Severe", "elevation_m": 2.23, "dist_to_coast_km": 15.3, "district": "Puri"}}, {"type": "Feature", "geometry": {"type": "Polygon", "coordinates": [[[85.38800770109074, 19.79762845849801], [85.39757647954352, 19.79762845849801], [85.39757647954352, 19.806611570247924], [85.38800770109074, 19.806611570247924], [85.38800770109074, 19.79762845849801]]]}, "properties": {"depth_m": 0.75, "severity": "Severe", "elevation_m": 2.18, "dist_to_coast_km": 14.8, "district": "Puri"}}, {"type": "Feature", "geometry": {"type": "Polygon", "coordinates": [[[85.39757647954352, 19.79762845849801], [85.40714525799626, 19.79762845849801], [85.40714525799626, 19.806611570247924], [85.39757647954352, 19.806611570247924], [85.39757647954352, 19.79762845849801]]]}, "properties": {"depth_m": 0.83, "severity": "Severe", "elevation_m": 2.14, "dist_to_coast_km": 14.5, "district": "Puri"}}, {"type": "Feature", "geometry": {"type": "Polygon", "coordinates": [[[85.40714525799626, 19.79762845849801], [85.41671403644904, 19.79762845849801], [85.41671403644904, 19.806611570247924], [85.40714525799626, 19.806611570247924], [85.40714525799626, 19.79762845849801]]]}, "properties": {"depth_m": 0.9, "severity": "Severe", "elevation_m": 2.1, "dist_to_coast_km": 14.2, "district": "Puri"}}, {"type": "Feature", "geometry": {"type": "Polygon", "coordinates": [[[85.41671403644904, 19.79762845849801], [85.42628281490178, 19.79762845849801], [85.42628281490178, 19.806611570247924], [85.41671403644904, 19.806611570247924], [85.41671403644904, 19.79762845849801]]]}, "properties": {"depth_m": 0.95, "severity": "Severe", "elevation_m": 2.07, "dist_to_coast_km": 13.9, "district": "Puri"}}, {"type": "Feature", "geometry": {"type": "Polygon", "coordinates": [[[85.42628281490178, 19.79762845849801], [85.43585159335456, 19.79762845849801], [85.43585159335456, 19.806611570247924], [85.42628281490178, 19.806611570247924], [85.42628281490178, 19.79762845849801]]]}, "properties": {"depth_m": 0.99, "severity": "Severe", "elevation_m": 2.05, "dist_to_coast_km": 13.7, "district": "Puri"}}, {"type": "Feature", "geometry": {"type": "Polygon", "coordinates": [[[85.43585159335456, 19.79762845849801], [85.4454203718073, 19.79762845849801], [85.4454203718073, 19.806611570247924], [85.43585159335456, 19.806611570247924], [85.43585159335456, 19.79762845849801]]]}, "properties": {"depth_m": 1.01, "severity": "Severe", "elevation_m": 2.03, "dist_to_coast_km": 13.6, "district": "Puri"}}, {"type": "Feature", "geometry": {"type": "Polygon", "coordinates": [[[85.4454203718073, 19.79762845849801], [85.45498915026008, 19.79762845849801], [85.45498915026008, 19.806611570247924], [85.4454203718073, 19.806611570247924], [85.4454203718073, 19.79762845849801]]]}, "properties": {"depth_m": 1.02, "severity": "Severe", "elevation_m": 2.03, "dist_to_coast_km": 13.6, "district": "Puri"}}, {"type": "Feature", "geometry": {"type": "Polygon", "coordinates": [[[85.45498915026008, 19.79762845849801], [85.46455792871282, 19.79762845849801], [85.46455792871282, 19.806611570247924], [85.45498915026008, 19.806611570247924], [85.45498915026008, 19.79762845849801]]]}, "properties": {"depth_m": 1.01, "severity": "Severe", "elevation_m": 2.03, "dist_to_coast_km": 13.6, "district": "Puri"}}, {"type": "Feature", "geometry": {"type": "Polygon", "coordinates": [[[85.46455792871282, 19.79762845849801], [85.4741267071656, 19.79762845849801], [85.4741267071656, 19.806611570247924], [85.46455792871282, 19.806611570247924], [85.46455792871282, 19.79762845849801]]]}, "properties": {"depth_m": 0.99, "severity": "Severe", "elevation_m": 2.05, "dist_to_coast_km": 13.7, "district": "Puri"}}, {"type": "Feature", "geometry": {"type": "Polygon", "coordinates": [[[85.4741267071656, 19.79762845849801], [85.48369548561834, 19.79762845849801], [85.48369548561834, 19.806611570247924], [85.4741267071656, 19.806611570247924], [85.4741267071656, 19.79762845849801]]]}, "properties": {"depth_m": 0.95, "severity": "Severe", "elevation_m": 2.07, "dist_to_coast_km": 13.9, "district": "Puri"}}, {"type": "Feature", "geometry": {"type": "Polygon", "coordinates": [[[85.48369548561834, 19.79762845849801], [85.49326426407112, 19.79762845849801], [85.49326426407112, 19.806611570247924], [85.48369548561834, 19.806611570247924], [85.48369548561834, 19.79762845849801]]]}, "properties": {"depth_m": 0.89, "severity": "Severe", "elevation_m": 2.1, "dist_to_coast_km": 14.2, "district": "Puri"}}, {"type": "Feature", "geometry": {"type": "Polygon", "coordinates": [[[85.49326426407112, 19.79762845849801], [85.50283304252386, 19.79762845849801], [85.50283304252386, 19.806611570247924], [85.49326426407112, 19.806611570247924], [85.49326426407112, 19.79762845849801]]]}, "properties": {"depth_m": 0.82, "severity": "Severe", "elevation_m": 2.14, "dist_to_coast_km": 14.5, "district": "Puri"}}, {"type": "Feature", "geometry": {"type": "Polygon", "coordinates": [[[85.50283304252386, 19.79762845849801], [85.51240182097663, 19.79762845849801], [85.51240182097663, 19.806611570247924], [85.50283304252386, 19.806611570247924], [85.50283304252386, 19.79762845849801]]]}, "properties": {"depth_m": 0.74, "severity": "Severe", "elevation_m": 2.18, "dist_to_coast_km": 14.9, "district": "Puri"}}, {"type": "Feature", "geometry": {"type": "Polygon", "coordinates": [[[85.51240182097663, 19.79762845849801], [85.52197059942938, 19.79762845849801], [85.52197059942938, 19.806611570247924], [85.51240182097663, 19.806611570247924], [85.51240182097663, 19.79762845849801]]]}, "properties": {"depth_m": 0.51, "severity": "Moderate (Impassable)", "elevation_m": 2.21, "dist_to_coast_km": 15.1, "district": "Puri"}}, {"type": "Feature", "geometry": {"type": "Polygon", "coordinates": [[[85.52197059942938, 19.79762845849801], [85.53153937788215, 19.79762845849801], [85.53153937788215, 19.806611570247924], [85.52197059942938, 19.806611570247924], [85.52197059942938, 19.79762845849801]]]}, "properties": {"depth_m": 0.71, "severity": "Severe", "elevation_m": 2.1, "dist_to_coast_km": 14.1, "district": "Puri"}}, {"type": "Feature", "geometry": {"type": "Polygon", "coordinates": [[[85.53153937788215, 19.79762845849801], [85.5411081563349, 19.79762845849801], [85.5411081563349, 19.806611570247924], [85.53153937788215, 19.806611570247924], [85.53153937788215, 19.79762845849801]]]}, "properties": {"depth_m": 0.91, "severity": "Severe", "elevation_m": 1.99, "dist_to_coast_km": 13.2, "district": "Puri"}}, {"type": "Feature", "geometry": {"type": "Polygon", "coordinates": [[[85.5411081563349, 19.79762845849801], [85.55067693478767, 19.79762845849801], [85.55067693478767, 19.806611570247924], [85.5411081563349, 19.806611570247924], [85.5411081563349, 19.79762845849801]]]}, "properties": {"depth_m": 1.11, "severity": "Severe", "elevation_m": 1.88, "dist_to_coast_km": 12.3, "district": "Puri"}}, {"type": "Feature", "geometry": {"type": "Polygon", "coordinates": [[[85.55067693478767, 19.79762845849801], [85.56024571324042, 19.79762845849801], [85.56024571324042, 19.806611570247924], [85.55067693478767, 19.806611570247924], [85.55067693478767, 19.79762845849801]]]}, "properties": {"depth_m": 1.3, "severity": "Severe", "elevation_m": 1.78, "dist_to_coast_km": 11.5, "district": "Puri"}}, {"type": "Feature", "geometry": {"type": "Polygon", "coordinates": [[[85.56024571324042, 19.79762845849801], [85.5698144916932, 19.79762845849801], [85.5698144916932, 19.806611570247924], [85.56024571324042, 19.806611570247924], [85.56024571324042, 19.79762845849801]]]}, "properties": {"depth_m": 1.49, "severity": "Severe", "elevation_m": 1.67, "dist_to_coast_km": 10.6, "district": "Puri"}}, {"type": "Feature", "geometry": {"type": "Polygon", "coordinates": [[[85.5698144916932, 19.79762845849801], [85.57938327014594, 19.79762845849801], [85.57938327014594, 19.806611570247924], [85.5698144916932, 19.806611570247924], [85.5698144916932, 19.79762845849801]]]}, "properties": {"depth_m": 1.67, "severity": "Catastrophic", "elevation_m": 1.57, "dist_to_coast_km": 9.8, "district": "Puri"}}, {"type": "Feature", "geometry": {"type": "Polygon", "coordinates": [[[85.57938327014594, 19.79762845849801], [85.58895204859871, 19.79762845849801], [85.58895204859871, 19.806611570247924], [85.57938327014594, 19.806611570247924], [85.57938327014594, 19.79762845849801]]]}, "properties": {"depth_m": 1.84, "severity": "Catastrophic", "elevation_m": 1.48, "dist_to_coast_km": 9.0, "district": "Puri"}}, {"type": "Feature", "geometry": {"type": "Polygon", "coordinates": [[[85.58895204859871, 19.79762845849801], [85.59852082705146, 19.79762845849801], [85.59852082705146, 19.806611570247924], [85.58895204859871, 19.806611570247924], [85.58895204859871, 19.79762845849801]]]}, "properties": {"depth_m": 2.0, "severity": "Catastrophic", "elevation_m": 1.39, "dist_to_coast_km": 8.3, "district": "Puri"}}, {"type": "Feature", "geometry": {"type": "Polygon", "coordinates": [[[85.59852082705146, 19.79762845849801], [85.60808960550423, 19.79762845849801], [85.60808960550423, 19.806611570247924], [85.59852082705146, 19.806611570247924], [85.59852082705146, 19.79762845849801]]]}, "properties": {"depth_m": 2.15, "severity": "Catastrophic", "elevation_m": 1.31, "dist_to_coast_km": 7.6, "district": "Puri"}}, {"type": "Feature", "geometry": {"type": "Polygon", "coordinates": [[[85.60808960550423, 19.79762845849801], [85.61765838395698, 19.79762845849801], [85.61765838395698, 19.806611570247924], [85.60808960550423, 19.806611570247924], [85.60808960550423, 19.79762845849801]]]}, "properties": {"depth_m": 2.29, "severity": "Catastrophic", "elevation_m": 1.24, "dist_to_coast_km": 7.0, "district": "Puri"}}, {"type": "Feature", "geometry": {"type": "Polygon", "coordinates": [[[85.61765838395698, 19.79762845849801], [85.62722716240975, 19.79762845849801], [85.62722716240975, 19.806611570247924], [85.61765838395698, 19.806611570247924], [85.61765838395698, 19.79762845849801]]]}, "properties": {"depth_m": 2.4, "severity": "Catastrophic", "elevation_m": 1.18, "dist_to_coast_km": 6.5, "district": "Puri"}}, {"type": "Feature", "geometry": {"type": "Polygon", "coordinates": [[[85.62722716240975, 19.79762845849801], [85.6367959408625, 19.79762845849801], [85.6367959408625, 19.806611570247924], [85.62722716240975, 19.806611570247924], [85.62722716240975, 19.79762845849801]]]}, "properties": {"depth_m": 2.48, "severity": "Catastrophic", "elevation_m": 1.13, "dist_to_coast_km": 6.1, "district": "Puri"}}, {"type": "Feature", "geometry": {"type": "Polygon", "coordinates": [[[85.6367959408625, 19.79762845849801], [85.64636471931527, 19.79762845849801], [85.64636471931527, 19.806611570247924], [85.6367959408625, 19.806611570247924], [85.6367959408625, 19.79762845849801]]]}, "properties": {"depth_m": 2.53, "severity": "Catastrophic", "elevation_m": 1.1, "dist_to_coast_km": 5.9, "district": "Puri"}}, {"type": "Feature", "geometry": {"type": "Polygon", "coordinates": [[[85.64636471931527, 19.79762845849801], [85.65593349776802, 19.79762845849801], [85.65593349776802, 19.806611570247924], [85.64636471931527, 19.806611570247924], [85.64636471931527, 19.79762845849801]]]}, "properties": {"depth_m": 2.54, "severity": "Catastrophic", "elevation_m": 1.1, "dist_to_coast_km": 5.8, "district": "Puri"}}, {"type": "Feature", "geometry": {"type": "Polygon", "coordinates": [[[85.65593349776802, 19.79762845849801], [85.66550227622079, 19.79762845849801], [85.66550227622079, 19.806611570247924], [85.65593349776802, 19.806611570247924], [85.65593349776802, 19.79762845849801]]]}, "properties": {"depth_m": 2.52, "severity": "Catastrophic", "elevation_m": 1.11, "dist_to_coast_km": 5.9, "district": "Puri"}}, {"type": "Feature", "geometry": {"type": "Polygon", "coordinates": [[[85.66550227622079, 19.79762845849801], [85.67507105467354, 19.79762845849801], [85.67507105467354, 19.806611570247924], [85.66550227622079, 19.806611570247924], [85.66550227622079, 19.79762845849801]]]}, "properties": {"depth_m": 2.46, "severity": "Catastrophic", "elevation_m": 1.14, "dist_to_coast_km": 6.2, "district": "Puri"}}, {"type": "Feature", "geometry": {"type": "Polygon", "coordinates": [[[85.67507105467354, 19.79762845849801], [85.68463983312631, 19.79762845849801], [85.68463983312631, 19.806611570247924], [85.67507105467354, 19.806611570247924], [85.67507105467354, 19.79762845849801]]]}, "properties": {"depth_m": 2.37, "severity": "Catastrophic", "elevation_m": 1.19, "dist_to_coast_km": 6.6, "district": "Puri"}}, {"type": "Feature", "geometry": {"type": "Polygon", "coordinates": [[[85.68463983312631, 19.79762845849801], [85.69420861157906, 19.79762845849801], [85.69420861157906, 19.806611570247924], [85.68463983312631, 19.806611570247924], [85.68463983312631, 19.79762845849801]]]}, "properties": {"depth_m": 2.25, "severity": "Catastrophic", "elevation_m": 1.25, "dist_to_coast_km": 7.1, "district": "Puri"}}, {"type": "Feature", "geometry": {"type": "Polygon", "coordinates": [[[85.69420861157906, 19.79762845849801], [85.70377739003183, 19.79762845849801], [85.70377739003183, 19.806611570247924], [85.69420861157906, 19.806611570247924], [85.69420861157906, 19.79762845849801]]]}, "properties": {"depth_m": 2.12, "severity": "Catastrophic", "elevation_m": 1.33, "dist_to_coast_km": 7.7, "district": "Puri"}}, {"type": "Feature", "geometry": {"type": "Polygon", "coordinates": [[[85.70377739003183, 19.79762845849801], [85.71334616848458, 19.79762845849801], [85.71334616848458, 19.806611570247924], [85.70377739003183, 19.806611570247924], [85.70377739003183, 19.79762845849801]]]}, "properties": {"depth_m": 1.56, "severity": "Catastrophic", "elevation_m": 1.81, "dist_to_coast_km": 8.4, "district": "Puri"}}, {"type": "Feature", "geometry": {"type": "Polygon", "coordinates": [[[85.71334616848458, 19.79762845849801], [85.72291494693735, 19.79762845849801], [85.72291494693735, 19.806611570247924], [85.71334616848458, 19.806611570247924], [85.71334616848458, 19.79762845849801]]]}, "properties": {"depth_m": 1.4, "severity": "Severe", "elevation_m": 1.9, "dist_to_coast_km": 9.2, "district": "Puri"}}, {"type": "Feature", "geometry": {"type": "Polygon", "coordinates": [[[85.72291494693735, 19.79762845849801], [85.7324837253901, 19.79762845849801], [85.7324837253901, 19.806611570247924], [85.72291494693735, 19.806611570247924], [85.72291494693735, 19.79762845849801]]]}, "properties": {"depth_m": 1.22, "severity": "Severe", "elevation_m": 2.0, "dist_to_coast_km": 10.0, "district": "Puri"}}, {"type": "Feature", "geometry": {"type": "Polygon", "coordinates": [[[85.74205250384287, 19.79762845849801], [85.75162128229562, 19.79762845849801], [85.75162128229562, 19.806611570247924], [85.74205250384287, 19.806611570247924], [85.74205250384287, 19.79762845849801]]]}, "properties": {"depth_m": 0.2, "severity": "Minor", "elevation_m": 1.84, "dist_to_coast_km": 8.7, "district": "Puri"}}, {"type": "Feature", "geometry": {"type": "Polygon", "coordinates": [[[85.75162128229562, 19.79762845849801], [85.76119006074839, 19.79762845849801], [85.76119006074839, 19.806611570247924], [85.75162128229562, 19.806611570247924], [85.75162128229562, 19.79762845849801]]]}, "properties": {"depth_m": 0.42, "severity": "Moderate (Impassable)", "elevation_m": 1.72, "dist_to_coast_km": 7.7, "district": "Puri"}}, {"type": "Feature", "geometry": {"type": "Polygon", "coordinates": [[[85.76119006074839, 19.79762845849801], [85.77075883920114, 19.79762845849801], [85.77075883920114, 19.806611570247924], [85.76119006074839, 19.806611570247924], [85.76119006074839, 19.79762845849801]]]}, "properties": {"depth_m": 0.64, "severity": "Severe", "elevation_m": 1.6, "dist_to_coast_km": 6.7, "district": "Puri"}}, {"type": "Feature", "geometry": {"type": "Polygon", "coordinates": [[[85.77075883920114, 19.79762845849801], [85.78032761765391, 19.79762845849801], [85.78032761765391, 19.806611570247924], [85.77075883920114, 19.806611570247924], [85.77075883920114, 19.79762845849801]]]}, "properties": {"depth_m": 0.86, "severity": "Severe", "elevation_m": 1.48, "dist_to_coast_km": 5.7, "district": "Puri"}}, {"type": "Feature", "geometry": {"type": "Polygon", "coordinates": [[[85.78032761765391, 19.79762845849801], [85.78989639610666, 19.79762845849801], [85.78989639610666, 19.806611570247924], [85.78032761765391, 19.806611570247924], [85.78032761765391, 19.79762845849801]]]}, "properties": {"depth_m": 1.08, "severity": "Severe", "elevation_m": 1.36, "dist_to_coast_km": 4.7, "district": "Puri"}}, {"type": "Feature", "geometry": {"type": "Polygon", "coordinates": [[[85.78989639610666, 19.79762845849801], [85.79946517455943, 19.79762845849801], [85.79946517455943, 19.806611570247924], [85.78989639610666, 19.806611570247924], [85.78989639610666, 19.79762845849801]]]}, "properties": {"depth_m": 1.3, "severity": "Severe", "elevation_m": 1.24, "dist_to_coast_km": 3.7, "district": "Puri"}}, {"type": "Feature", "geometry": {"type": "Polygon", "coordinates": [[[85.79946517455943, 19.79762845849801], [85.80903395301218, 19.79762845849801], [85.80903395301218, 19.806611570247924], [85.79946517455943, 19.806611570247924], [85.79946517455943, 19.79762845849801]]]}, "properties": {"depth_m": 1.52, "severity": "Catastrophic", "elevation_m": 1.12, "dist_to_coast_km": 2.7, "district": "Puri"}}, {"type": "Feature", "geometry": {"type": "Polygon", "coordinates": [[[85.80903395301218, 19.79762845849801], [85.81860273146495, 19.79762845849801], [85.81860273146495, 19.806611570247924], [85.80903395301218, 19.806611570247924], [85.80903395301218, 19.79762845849801]]]}, "properties": {"depth_m": 1.73, "severity": "Catastrophic", "elevation_m": 1.01, "dist_to_coast_km": 1.7, "district": "Puri"}}, {"type": "Feature", "geometry": {"type": "Polygon", "coordinates": [[[85.81860273146495, 19.79762845849801], [85.8281715099177, 19.79762845849801], [85.8281715099177, 19.806611570247924], [85.81860273146495, 19.806611570247924], [85.81860273146495, 19.79762845849801]]]}, "properties": {"depth_m": 1.95, "severity": "Catastrophic", "elevation_m": 0.89, "dist_to_coast_km": 0.7, "district": "Puri"}}, {"type": "Feature", "geometry": {"type": "Polygon", "coordinates": [[[85.8281715099177, 19.79762845849801], [85.83774028837047, 19.79762845849801], [85.83774028837047, 19.806611570247924], [85.8281715099177, 19.806611570247924], [85.8281715099177, 19.79762845849801]]]}, "properties": {"depth_m": 2.02, "severity": "Catastrophic", "elevation_m": 0.85, "dist_to_coast_km": 0.4, "district": "Puri"}}, {"type": "Feature", "geometry": {"type": "Polygon", "coordinates": [[[85.83774028837047, 19.79762845849801], [85.84730906682321, 19.79762845849801], [85.84730906682321, 19.806611570247924], [85.83774028837047, 19.806611570247924], [85.83774028837047, 19.79762845849801]]]}, "properties": {"depth_m": 1.82, "severity": "Catastrophic", "elevation_m": 0.96, "dist_to_coast_km": 1.3, "district": "Puri"}}, {"type": "Feature", "geometry": {"type": "Polygon", "coordinates": [[[85.84730906682321, 19.79762845849801], [85.85687784527599, 19.79762845849801], [85.85687784527599, 19.806611570247924], [85.84730906682321, 19.806611570247924], [85.84730906682321, 19.79762845849801]]]}, "properties": {"depth_m": 1.6, "severity": "Catastrophic", "elevation_m": 1.08, "dist_to_coast_km": 2.3, "district": "Puri"}}, {"type": "Feature", "geometry": {"type": "Polygon", "coordinates": [[[85.85687784527599, 19.79762845849801], [85.86644662372873, 19.79762845849801], [85.86644662372873, 19.806611570247924], [85.85687784527599, 19.806611570247924], [85.85687784527599, 19.79762845849801]]]}, "properties": {"depth_m": 1.38, "severity": "Severe", "elevation_m": 1.2, "dist_to_coast_km": 3.3, "district": "Puri"}}, {"type": "Feature", "geometry": {"type": "Polygon", "coordinates": [[[85.86644662372873, 19.79762845849801], [85.87601540218151, 19.79762845849801], [85.87601540218151, 19.806611570247924], [85.86644662372873, 19.806611570247924], [85.86644662372873, 19.79762845849801]]]}, "properties": {"depth_m": 1.16, "severity": "Severe", "elevation_m": 1.32, "dist_to_coast_km": 4.3, "district": "Puri"}}, {"type": "Feature", "geometry": {"type": "Polygon", "coordinates": [[[85.87601540218151, 19.79762845849801], [85.88558418063425, 19.79762845849801], [85.88558418063425, 19.806611570247924], [85.87601540218151, 19.806611570247924], [85.87601540218151, 19.79762845849801]]]}, "properties": {"depth_m": 0.94, "severity": "Severe", "elevation_m": 1.44, "dist_to_coast_km": 5.3, "district": "Puri"}}, {"type": "Feature", "geometry": {"type": "Polygon", "coordinates": [[[85.88558418063425, 19.79762845849801], [85.89515295908703, 19.79762845849801], [85.89515295908703, 19.806611570247924], [85.88558418063425, 19.806611570247924], [85.88558418063425, 19.79762845849801]]]}, "properties": {"depth_m": 0.72, "severity": "Severe", "elevation_m": 1.56, "dist_to_coast_km": 6.3, "district": "Puri"}}, {"type": "Feature", "geometry": {"type": "Polygon", "coordinates": [[[85.89515295908703, 19.79762845849801], [85.90472173753977, 19.79762845849801], [85.90472173753977, 19.806611570247924], [85.89515295908703, 19.806611570247924], [85.89515295908703, 19.79762845849801]]]}, "properties": {"depth_m": 0.5, "severity": "Moderate (Impassable)", "elevation_m": 1.68, "dist_to_coast_km": 7.3, "district": "Puri"}}, {"type": "Feature", "geometry": {"type": "Polygon", "coordinates": [[[85.90472173753977, 19.79762845849801], [85.91429051599255, 19.79762845849801], [85.91429051599255, 19.806611570247924], [85.90472173753977, 19.806611570247924], [85.90472173753977, 19.79762845849801]]]}, "properties": {"depth_m": 0.28, "severity": "Minor", "elevation_m": 1.8, "dist_to_coast_km": 8.3, "district": "Puri"}}, {"type": "Feature", "geometry": {"type": "Polygon", "coordinates": [[[85.3497325872797, 19.806611570247924], [85.35930136573248, 19.806611570247924], [85.35930136573248, 19.81559468199783], [85.3497325872797, 19.81559468199783], [85.3497325872797, 19.806611570247924]]]}, "properties": {"depth_m": 0.12, "severity": "Minor", "elevation_m": 2.52, "dist_to_coast_km": 17.7, "district": "Puri"}}, {"type": "Feature", "geometry": {"type": "Polygon", "coordinates": [[[85.35930136573248, 19.806611570247924], [85.36887014418522, 19.806611570247924], [85.36887014418522, 19.81559468199783], [85.35930136573248, 19.81559468199783], [85.35930136573248, 19.806611570247924]]]}, "properties": {"depth_m": 0.24, "severity": "Minor", "elevation_m": 2.46, "dist_to_coast_km": 17.1, "district": "Puri"}}, {"type": "Feature", "geometry": {"type": "Polygon", "coordinates": [[[85.36887014418522, 19.806611570247924], [85.378438922638, 19.806611570247924], [85.378438922638, 19.81559468199783], [85.36887014418522, 19.81559468199783], [85.36887014418522, 19.806611570247924]]]}, "properties": {"depth_m": 0.35, "severity": "Moderate (Impassable)", "elevation_m": 2.39, "dist_to_coast_km": 16.6, "district": "Puri"}}, {"type": "Feature", "geometry": {"type": "Polygon", "coordinates": [[[85.378438922638, 19.806611570247924], [85.38800770109074, 19.806611570247924], [85.38800770109074, 19.81559468199783], [85.378438922638, 19.81559468199783], [85.378438922638, 19.806611570247924]]]}, "properties": {"depth_m": 0.45, "severity": "Moderate (Impassable)", "elevation_m": 2.34, "dist_to_coast_km": 16.2, "district": "Puri"}}, {"type": "Feature", "geometry": {"type": "Polygon", "coordinates": [[[85.38800770109074, 19.806611570247924], [85.39757647954352, 19.806611570247924], [85.39757647954352, 19.81559468199783], [85.38800770109074, 19.81559468199783], [85.38800770109074, 19.806611570247924]]]}, "properties": {"depth_m": 0.54, "severity": "Moderate (Impassable)", "elevation_m": 2.29, "dist_to_coast_km": 15.8, "district": "Puri"}}, {"type": "Feature", "geometry": {"type": "Polygon", "coordinates": [[[85.39757647954352, 19.806611570247924], [85.40714525799626, 19.806611570247924], [85.40714525799626, 19.81559468199783], [85.39757647954352, 19.81559468199783], [85.39757647954352, 19.806611570247924]]]}, "properties": {"depth_m": 0.62, "severity": "Severe", "elevation_m": 2.25, "dist_to_coast_km": 15.4, "district": "Puri"}}, {"type": "Feature", "geometry": {"type": "Polygon", "coordinates": [[[85.40714525799626, 19.806611570247924], [85.41671403644904, 19.806611570247924], [85.41671403644904, 19.81559468199783], [85.40714525799626, 19.81559468199783], [85.40714525799626, 19.806611570247924]]]}, "properties": {"depth_m": 0.69, "severity": "Severe", "elevation_m": 2.21, "dist_to_coast_km": 15.1, "district": "Puri"}}, {"type": "Feature", "geometry": {"type": "Polygon", "coordinates": [[[85.41671403644904, 19.806611570247924], [85.42628281490178, 19.806611570247924], [85.42628281490178, 19.81559468199783], [85.41671403644904, 19.81559468199783], [85.41671403644904, 19.806611570247924]]]}, "properties": {"depth_m": 0.74, "severity": "Severe", "elevation_m": 2.19, "dist_to_coast_km": 14.9, "district": "Puri"}}, {"type": "Feature", "geometry": {"type": "Polygon", "coordinates": [[[85.42628281490178, 19.806611570247924], [85.43585159335456, 19.806611570247924], [85.43585159335456, 19.81559468199783], [85.42628281490178, 19.81559468199783], [85.42628281490178, 19.806611570247924]]]}, "properties": {"depth_m": 0.77, "severity": "Severe", "elevation_m": 2.17, "dist_to_coast_km": 14.7, "district": "Puri"}}, {"type": "Feature", "geometry": {"type": "Polygon", "coordinates": [[[85.43585159335456, 19.806611570247924], [85.4454203718073, 19.806611570247924], [85.4454203718073, 19.81559468199783], [85.43585159335456, 19.81559468199783], [85.43585159335456, 19.806611570247924]]]}, "properties": {"depth_m": 0.8, "severity": "Severe", "elevation_m": 2.15, "dist_to_coast_km": 14.6, "district": "Puri"}}, {"type": "Feature", "geometry": {"type": "Polygon", "coordinates": [[[85.4454203718073, 19.806611570247924], [85.45498915026008, 19.806611570247924], [85.45498915026008, 19.81559468199783], [85.4454203718073, 19.81559468199783], [85.4454203718073, 19.806611570247924]]]}, "properties": {"depth_m": 0.8, "severity": "Severe", "elevation_m": 2.15, "dist_to_coast_km": 14.6, "district": "Puri"}}, {"type": "Feature", "geometry": {"type": "Polygon", "coordinates": [[[85.45498915026008, 19.806611570247924], [85.46455792871282, 19.806611570247924], [85.46455792871282, 19.81559468199783], [85.45498915026008, 19.81559468199783], [85.45498915026008, 19.806611570247924]]]}, "properties": {"depth_m": 0.79, "severity": "Severe", "elevation_m": 2.15, "dist_to_coast_km": 14.6, "district": "Puri"}}, {"type": "Feature", "geometry": {"type": "Polygon", "coordinates": [[[85.46455792871282, 19.806611570247924], [85.4741267071656, 19.806611570247924], [85.4741267071656, 19.81559468199783], [85.46455792871282, 19.81559468199783], [85.46455792871282, 19.806611570247924]]]}, "properties": {"depth_m": 0.77, "severity": "Severe", "elevation_m": 2.17, "dist_to_coast_km": 14.7, "district": "Puri"}}, {"type": "Feature", "geometry": {"type": "Polygon", "coordinates": [[[85.4741267071656, 19.806611570247924], [85.48369548561834, 19.806611570247924], [85.48369548561834, 19.81559468199783], [85.4741267071656, 19.81559468199783], [85.4741267071656, 19.806611570247924]]]}, "properties": {"depth_m": 0.73, "severity": "Severe", "elevation_m": 2.19, "dist_to_coast_km": 14.9, "district": "Puri"}}, {"type": "Feature", "geometry": {"type": "Polygon", "coordinates": [[[85.48369548561834, 19.806611570247924], [85.49326426407112, 19.806611570247924], [85.49326426407112, 19.81559468199783], [85.48369548561834, 19.81559468199783], [85.48369548561834, 19.806611570247924]]]}, "properties": {"depth_m": 0.68, "severity": "Severe", "elevation_m": 2.21, "dist_to_coast_km": 15.1, "district": "Puri"}}, {"type": "Feature", "geometry": {"type": "Polygon", "coordinates": [[[85.49326426407112, 19.806611570247924], [85.50283304252386, 19.806611570247924], [85.50283304252386, 19.81559468199783], [85.49326426407112, 19.81559468199783], [85.49326426407112, 19.806611570247924]]]}, "properties": {"depth_m": 0.62, "severity": "Severe", "elevation_m": 2.25, "dist_to_coast_km": 15.4, "district": "Puri"}}, {"type": "Feature", "geometry": {"type": "Polygon", "coordinates": [[[85.50283304252386, 19.806611570247924], [85.51240182097663, 19.806611570247924], [85.51240182097663, 19.81559468199783], [85.50283304252386, 19.81559468199783], [85.50283304252386, 19.806611570247924]]]}, "properties": {"depth_m": 0.54, "severity": "Moderate (Impassable)", "elevation_m": 2.29, "dist_to_coast_km": 15.8, "district": "Puri"}}, {"type": "Feature", "geometry": {"type": "Polygon", "coordinates": [[[85.51240182097663, 19.806611570247924], [85.52197059942938, 19.806611570247924], [85.52197059942938, 19.81559468199783], [85.51240182097663, 19.81559468199783], [85.51240182097663, 19.806611570247924]]]}, "properties": {"depth_m": 0.42, "severity": "Moderate (Impassable)", "elevation_m": 2.26, "dist_to_coast_km": 15.5, "district": "Puri"}}, {"type": "Feature", "geometry": {"type": "Polygon", "coordinates": [[[85.52197059942938, 19.806611570247924], [85.53153937788215, 19.806611570247924], [85.53153937788215, 19.81559468199783], [85.52197059942938, 19.81559468199783], [85.52197059942938, 19.806611570247924]]]}, "properties": {"depth_m": 0.61, "severity": "Severe", "elevation_m": 2.15, "dist_to_coast_km": 14.6, "district": "Puri"}}, {"type": "Feature", "geometry": {"type": "Polygon", "coordinates": [[[85.53153937788215, 19.806611570247924], [85.5411081563349, 19.806611570247924], [85.5411081563349, 19.81559468199783], [85.53153937788215, 19.81559468199783], [85.53153937788215, 19.806611570247924]]]}, "properties": {"depth_m": 0.81, "severity": "Severe", "elevation_m": 2.04, "dist_to_coast_km": 13.7, "district": "Puri"}}, {"type": "Feature", "geometry": {"type": "Polygon", "coordinates": [[[85.5411081563349, 19.806611570247924], [85.55067693478767, 19.806611570247924], [85.55067693478767, 19.81559468199783], [85.5411081563349, 19.81559468199783], [85.5411081563349, 19.806611570247924]]]}, "properties": {"depth_m": 1.0, "severity": "Severe", "elevation_m": 1.94, "dist_to_coast_km": 12.8, "district": "Puri"}}, {"type": "Feature", "geometry": {"type": "Polygon", "coordinates": [[[85.55067693478767, 19.806611570247924], [85.56024571324042, 19.806611570247924], [85.56024571324042, 19.81559468199783], [85.55067693478767, 19.81559468199783], [85.55067693478767, 19.806611570247924]]]}, "properties": {"depth_m": 1.18, "severity": "Severe", "elevation_m": 1.84, "dist_to_coast_km": 12.0, "district": "Puri"}}, {"type": "Feature", "geometry": {"type": "Polygon", "coordinates": [[[85.56024571324042, 19.806611570247924], [85.5698144916932, 19.806611570247924], [85.5698144916932, 19.81559468199783], [85.56024571324042, 19.81559468199783], [85.56024571324042, 19.806611570247924]]]}, "properties": {"depth_m": 1.36, "severity": "Severe", "elevation_m": 1.74, "dist_to_coast_km": 11.2, "district": "Puri"}}, {"type": "Feature", "geometry": {"type": "Polygon", "coordinates": [[[85.5698144916932, 19.806611570247924], [85.57938327014594, 19.806611570247924], [85.57938327014594, 19.81559468199783], [85.5698144916932, 19.81559468199783], [85.5698144916932, 19.806611570247924]]]}, "properties": {"depth_m": 1.53, "severity": "Catastrophic", "elevation_m": 1.65, "dist_to_coast_km": 10.4, "district": "Puri"}}, {"type": "Feature", "geometry": {"type": "Polygon", "coordinates": [[[85.57938327014594, 19.806611570247924], [85.58895204859871, 19.806611570247924], [85.58895204859871, 19.81559468199783], [85.57938327014594, 19.81559468199783], [85.57938327014594, 19.806611570247924]]]}, "properties": {"depth_m": 1.69, "severity": "Catastrophic", "elevation_m": 1.56, "dist_to_coast_km": 9.7, "district": "Puri"}}, {"type": "Feature", "geometry": {"type": "Polygon", "coordinates": [[[85.58895204859871, 19.806611570247924], [85.59852082705146, 19.806611570247924], [85.59852082705146, 19.81559468199783], [85.58895204859871, 19.81559468199783], [85.58895204859871, 19.806611570247924]]]}, "properties": {"depth_m": 1.84, "severity": "Catastrophic", "elevation_m": 1.48, "dist_to_coast_km": 9.0, "district": "Puri"}}, {"type": "Feature", "geometry": {"type": "Polygon", "coordinates": [[[85.59852082705146, 19.806611570247924], [85.60808960550423, 19.806611570247924], [85.60808960550423, 19.81559468199783], [85.59852082705146, 19.81559468199783], [85.59852082705146, 19.806611570247924]]]}, "properties": {"depth_m": 1.98, "severity": "Catastrophic", "elevation_m": 1.4, "dist_to_coast_km": 8.4, "district": "Puri"}}, {"type": "Feature", "geometry": {"type": "Polygon", "coordinates": [[[85.60808960550423, 19.806611570247924], [85.61765838395698, 19.806611570247924], [85.61765838395698, 19.81559468199783], [85.60808960550423, 19.81559468199783], [85.60808960550423, 19.806611570247924]]]}, "properties": {"depth_m": 2.1, "severity": "Catastrophic", "elevation_m": 1.34, "dist_to_coast_km": 7.8, "district": "Puri"}}, {"type": "Feature", "geometry": {"type": "Polygon", "coordinates": [[[85.61765838395698, 19.806611570247924], [85.62722716240975, 19.806611570247924], [85.62722716240975, 19.81559468199783], [85.61765838395698, 19.81559468199783], [85.61765838395698, 19.806611570247924]]]}, "properties": {"depth_m": 2.2, "severity": "Catastrophic", "elevation_m": 1.29, "dist_to_coast_km": 7.4, "district": "Puri"}}, {"type": "Feature", "geometry": {"type": "Polygon", "coordinates": [[[85.62722716240975, 19.806611570247924], [85.6367959408625, 19.806611570247924], [85.6367959408625, 19.81559468199783], [85.62722716240975, 19.81559468199783], [85.62722716240975, 19.806611570247924]]]}, "properties": {"depth_m": 2.27, "severity": "Catastrophic", "elevation_m": 1.25, "dist_to_coast_km": 7.1, "district": "Puri"}}, {"type": "Feature", "geometry": {"type": "Polygon", "coordinates": [[[85.6367959408625, 19.806611570247924], [85.64636471931527, 19.806611570247924], [85.64636471931527, 19.81559468199783], [85.6367959408625, 19.81559468199783], [85.6367959408625, 19.806611570247924]]]}, "properties": {"depth_m": 2.31, "severity": "Catastrophic", "elevation_m": 1.22, "dist_to_coast_km": 6.9, "district": "Puri"}}, {"type": "Feature", "geometry": {"type": "Polygon", "coordinates": [[[85.64636471931527, 19.806611570247924], [85.65593349776802, 19.806611570247924], [85.65593349776802, 19.81559468199783], [85.64636471931527, 19.81559468199783], [85.64636471931527, 19.806611570247924]]]}, "properties": {"depth_m": 2.33, "severity": "Catastrophic", "elevation_m": 1.22, "dist_to_coast_km": 6.8, "district": "Puri"}}, {"type": "Feature", "geometry": {"type": "Polygon", "coordinates": [[[85.65593349776802, 19.806611570247924], [85.66550227622079, 19.806611570247924], [85.66550227622079, 19.81559468199783], [85.65593349776802, 19.81559468199783], [85.65593349776802, 19.806611570247924]]]}, "properties": {"depth_m": 2.31, "severity": "Catastrophic", "elevation_m": 1.23, "dist_to_coast_km": 6.9, "district": "Puri"}}, {"type": "Feature", "geometry": {"type": "Polygon", "coordinates": [[[85.66550227622079, 19.806611570247924], [85.67507105467354, 19.806611570247924], [85.67507105467354, 19.81559468199783], [85.66550227622079, 19.81559468199783], [85.66550227622079, 19.806611570247924]]]}, "properties": {"depth_m": 2.25, "severity": "Catastrophic", "elevation_m": 1.25, "dist_to_coast_km": 7.1, "district": "Puri"}}, {"type": "Feature", "geometry": {"type": "Polygon", "coordinates": [[[85.67507105467354, 19.806611570247924], [85.68463983312631, 19.806611570247924], [85.68463983312631, 19.81559468199783], [85.67507105467354, 19.81559468199783], [85.67507105467354, 19.806611570247924]]]}, "properties": {"depth_m": 2.17, "severity": "Catastrophic", "elevation_m": 1.3, "dist_to_coast_km": 7.5, "district": "Puri"}}, {"type": "Feature", "geometry": {"type": "Polygon", "coordinates": [[[85.68463983312631, 19.806611570247924], [85.69420861157906, 19.806611570247924], [85.69420861157906, 19.81559468199783], [85.68463983312631, 19.81559468199783], [85.68463983312631, 19.806611570247924]]]}, "properties": {"depth_m": 2.07, "severity": "Catastrophic", "elevation_m": 1.35, "dist_to_coast_km": 7.9, "district": "Puri"}}, {"type": "Feature", "geometry": {"type": "Polygon", "coordinates": [[[85.69420861157906, 19.806611570247924], [85.70377739003183, 19.806611570247924], [85.70377739003183, 19.81559468199783], [85.69420861157906, 19.81559468199783], [85.69420861157906, 19.806611570247924]]]}, "properties": {"depth_m": 1.95, "severity": "Catastrophic", "elevation_m": 1.42, "dist_to_coast_km": 8.5, "district": "Puri"}}, {"type": "Feature", "geometry": {"type": "Polygon", "coordinates": [[[85.70377739003183, 19.806611570247924], [85.71334616848458, 19.806611570247924], [85.71334616848458, 19.81559468199783], [85.70377739003183, 19.81559468199783], [85.70377739003183, 19.806611570247924]]]}, "properties": {"depth_m": 1.41, "severity": "Severe", "elevation_m": 1.9, "dist_to_coast_km": 9.1, "district": "Puri"}}, {"type": "Feature", "geometry": {"type": "Polygon", "coordinates": [[[85.71334616848458, 19.806611570247924], [85.72291494693735, 19.806611570247924], [85.72291494693735, 19.81559468199783], [85.71334616848458, 19.81559468199783], [85.71334616848458, 19.806611570247924]]]}, "properties": {"depth_m": 1.25, "severity": "Severe", "elevation_m": 1.98, "dist_to_coast_km": 9.8, "district": "Puri"}}, {"type": "Feature", "geometry": {"type": "Polygon", "coordinates": [[[85.72291494693735, 19.806611570247924], [85.7324837253901, 19.806611570247924], [85.7324837253901, 19.81559468199783], [85.72291494693735, 19.81559468199783], [85.72291494693735, 19.806611570247924]]]}, "properties": {"depth_m": 1.09, "severity": "Severe", "elevation_m": 2.07, "dist_to_coast_km": 10.6, "district": "Puri"}}, {"type": "Feature", "geometry": {"type": "Polygon", "coordinates": [[[85.74205250384287, 19.806611570247924], [85.75162128229562, 19.806611570247924], [85.75162128229562, 19.81559468199783], [85.74205250384287, 19.81559468199783], [85.74205250384287, 19.806611570247924]]]}, "properties": {"depth_m": 0.18, "severity": "Minor", "elevation_m": 1.85, "dist_to_coast_km": 8.8, "district": "Puri"}}, {"type": "Feature", "geometry": {"type": "Polygon", "coordinates": [[[85.75162128229562, 19.806611570247924], [85.76119006074839, 19.806611570247924], [85.76119006074839, 19.81559468199783], [85.75162128229562, 19.81559468199783], [85.75162128229562, 19.806611570247924]]]}, "properties": {"depth_m": 0.39, "severity": "Moderate (Impassable)", "elevation_m": 1.74, "dist_to_coast_km": 7.8, "district": "Puri"}}, {"type": "Feature", "geometry": {"type": "Polygon", "coordinates": [[[85.76119006074839, 19.806611570247924], [85.77075883920114, 19.806611570247924], [85.77075883920114, 19.81559468199783], [85.76119006074839, 19.81559468199783], [85.76119006074839, 19.806611570247924]]]}, "properties": {"depth_m": 0.61, "severity": "Severe", "elevation_m": 1.62, "dist_to_coast_km": 6.8, "district": "Puri"}}, {"type": "Feature", "geometry": {"type": "Polygon", "coordinates": [[[85.77075883920114, 19.806611570247924], [85.78032761765391, 19.806611570247924], [85.78032761765391, 19.81559468199783], [85.77075883920114, 19.81559468199783], [85.77075883920114, 19.806611570247924]]]}, "properties": {"depth_m": 0.83, "severity": "Severe", "elevation_m": 1.5, "dist_to_coast_km": 5.8, "district": "Puri"}}, {"type": "Feature", "geometry": {"type": "Polygon", "coordinates": [[[85.78032761765391, 19.806611570247924], [85.78989639610666, 19.806611570247924], [85.78989639610666, 19.81559468199783], [85.78032761765391, 19.81559468199783], [85.78032761765391, 19.806611570247924]]]}, "properties": {"depth_m": 1.04, "severity": "Severe", "elevation_m": 1.38, "dist_to_coast_km": 4.9, "district": "Puri"}}, {"type": "Feature", "geometry": {"type": "Polygon", "coordinates": [[[85.78989639610666, 19.806611570247924], [85.79946517455943, 19.806611570247924], [85.79946517455943, 19.81559468199783], [85.78989639610666, 19.81559468199783], [85.78989639610666, 19.806611570247924]]]}, "properties": {"depth_m": 1.25, "severity": "Severe", "elevation_m": 1.27, "dist_to_coast_km": 3.9, "district": "Puri"}}, {"type": "Feature", "geometry": {"type": "Polygon", "coordinates": [[[85.79946517455943, 19.806611570247924], [85.80903395301218, 19.806611570247924], [85.80903395301218, 19.81559468199783], [85.79946517455943, 19.81559468199783], [85.79946517455943, 19.806611570247924]]]}, "properties": {"depth_m": 1.46, "severity": "Severe", "elevation_m": 1.16, "dist_to_coast_km": 3.0, "district": "Puri"}}, {"type": "Feature", "geometry": {"type": "Polygon", "coordinates": [[[85.80903395301218, 19.806611570247924], [85.81860273146495, 19.806611570247924], [85.81860273146495, 19.81559468199783], [85.80903395301218, 19.81559468199783], [85.80903395301218, 19.806611570247924]]]}, "properties": {"depth_m": 1.65, "severity": "Catastrophic", "elevation_m": 1.05, "dist_to_coast_km": 2.1, "district": "Puri"}}, {"type": "Feature", "geometry": {"type": "Polygon", "coordinates": [[[85.81860273146495, 19.806611570247924], [85.8281715099177, 19.806611570247924], [85.8281715099177, 19.81559468199783], [85.81860273146495, 19.81559468199783], [85.81860273146495, 19.806611570247924]]]}, "properties": {"depth_m": 1.8, "severity": "Catastrophic", "elevation_m": 0.97, "dist_to_coast_km": 1.4, "district": "Puri"}}, {"type": "Feature", "geometry": {"type": "Polygon", "coordinates": [[[85.8281715099177, 19.806611570247924], [85.83774028837047, 19.806611570247924], [85.83774028837047, 19.81559468199783], [85.8281715099177, 19.81559468199783], [85.8281715099177, 19.806611570247924]]]}, "properties": {"depth_m": 1.83, "severity": "Catastrophic", "elevation_m": 0.95, "dist_to_coast_km": 1.3, "district": "Puri"}}, {"type": "Feature", "geometry": {"type": "Polygon", "coordinates": [[[85.83774028837047, 19.806611570247924], [85.84730906682321, 19.806611570247924], [85.84730906682321, 19.81559468199783], [85.83774028837047, 19.81559468199783], [85.83774028837047, 19.806611570247924]]]}, "properties": {"depth_m": 1.71, "severity": "Catastrophic", "elevation_m": 1.02, "dist_to_coast_km": 1.8, "district": "Puri"}}, {"type": "Feature", "geometry": {"type": "Polygon", "coordinates": [[[85.84730906682321, 19.806611570247924], [85.85687784527599, 19.806611570247924], [85.85687784527599, 19.81559468199783], [85.84730906682321, 19.81559468199783], [85.84730906682321, 19.806611570247924]]]}, "properties": {"depth_m": 1.53, "severity": "Catastrophic", "elevation_m": 1.11, "dist_to_coast_km": 2.6, "district": "Puri"}}, {"type": "Feature", "geometry": {"type": "Polygon", "coordinates": [[[85.85687784527599, 19.806611570247924], [85.86644662372873, 19.806611570247924], [85.86644662372873, 19.81559468199783], [85.85687784527599, 19.81559468199783], [85.85687784527599, 19.806611570247924]]]}, "properties": {"depth_m": 1.33, "severity": "Severe", "elevation_m": 1.22, "dist_to_coast_km": 3.5, "district": "Puri"}}, {"type": "Feature", "geometry": {"type": "Polygon", "coordinates": [[[85.86644662372873, 19.806611570247924], [85.87601540218151, 19.806611570247924], [85.87601540218151, 19.81559468199783], [85.86644662372873, 19.81559468199783], [85.86644662372873, 19.806611570247924]]]}, "properties": {"depth_m": 1.12, "severity": "Severe", "elevation_m": 1.34, "dist_to_coast_km": 4.5, "district": "Puri"}}, {"type": "Feature", "geometry": {"type": "Polygon", "coordinates": [[[85.87601540218151, 19.806611570247924], [85.88558418063425, 19.806611570247924], [85.88558418063425, 19.81559468199783], [85.87601540218151, 19.81559468199783], [85.87601540218151, 19.806611570247924]]]}, "properties": {"depth_m": 0.91, "severity": "Severe", "elevation_m": 1.45, "dist_to_coast_km": 5.5, "district": "Puri"}}, {"type": "Feature", "geometry": {"type": "Polygon", "coordinates": [[[85.88558418063425, 19.806611570247924], [85.89515295908703, 19.806611570247924], [85.89515295908703, 19.81559468199783], [85.88558418063425, 19.81559468199783], [85.88558418063425, 19.806611570247924]]]}, "properties": {"depth_m": 0.69, "severity": "Severe", "elevation_m": 1.57, "dist_to_coast_km": 6.4, "district": "Puri"}}, {"type": "Feature", "geometry": {"type": "Polygon", "coordinates": [[[85.89515295908703, 19.806611570247924], [85.90472173753977, 19.806611570247924], [85.90472173753977, 19.81559468199783], [85.89515295908703, 19.81559468199783], [85.89515295908703, 19.806611570247924]]]}, "properties": {"depth_m": 0.48, "severity": "Moderate (Impassable)", "elevation_m": 1.69, "dist_to_coast_km": 7.4, "district": "Puri"}}, {"type": "Feature", "geometry": {"type": "Polygon", "coordinates": [[[85.90472173753977, 19.806611570247924], [85.91429051599255, 19.806611570247924], [85.91429051599255, 19.81559468199783], [85.90472173753977, 19.81559468199783], [85.90472173753977, 19.806611570247924]]]}, "properties": {"depth_m": 0.26, "severity": "Minor", "elevation_m": 1.81, "dist_to_coast_km": 8.4, "district": "Puri"}}, {"type": "Feature", "geometry": {"type": "Polygon", "coordinates": [[[85.36887014418522, 19.81559468199783], [85.378438922638, 19.81559468199783], [85.378438922638, 19.824577793747743], [85.36887014418522, 19.824577793747743], [85.36887014418522, 19.81559468199783]]]}, "properties": {"depth_m": 0.16, "severity": "Minor", "elevation_m": 2.5, "dist_to_coast_km": 17.5, "district": "Puri"}}, {"type": "Feature", "geometry": {"type": "Polygon", "coordinates": [[[85.378438922638, 19.81559468199783], [85.38800770109074, 19.81559468199783], [85.38800770109074, 19.824577793747743], [85.378438922638, 19.824577793747743], [85.378438922638, 19.81559468199783]]]}, "properties": {"depth_m": 0.25, "severity": "Minor", "elevation_m": 2.45, "dist_to_coast_km": 17.1, "district": "Puri"}}, {"type": "Feature", "geometry": {"type": "Polygon", "coordinates": [[[85.38800770109074, 19.81559468199783], [85.39757647954352, 19.81559468199783], [85.39757647954352, 19.824577793747743], [85.38800770109074, 19.824577793747743], [85.38800770109074, 19.81559468199783]]]}, "properties": {"depth_m": 0.34, "severity": "Moderate (Impassable)", "elevation_m": 2.4, "dist_to_coast_km": 16.7, "district": "Puri"}}, {"type": "Feature", "geometry": {"type": "Polygon", "coordinates": [[[85.39757647954352, 19.81559468199783], [85.40714525799626, 19.81559468199783], [85.40714525799626, 19.824577793747743], [85.39757647954352, 19.824577793747743], [85.39757647954352, 19.81559468199783]]]}, "properties": {"depth_m": 0.41, "severity": "Moderate (Impassable)", "elevation_m": 2.36, "dist_to_coast_km": 16.4, "district": "Puri"}}, {"type": "Feature", "geometry": {"type": "Polygon", "coordinates": [[[85.40714525799626, 19.81559468199783], [85.41671403644904, 19.81559468199783], [85.41671403644904, 19.824577793747743], [85.40714525799626, 19.824577793747743], [85.40714525799626, 19.81559468199783]]]}, "properties": {"depth_m": 0.47, "severity": "Moderate (Impassable)", "elevation_m": 2.33, "dist_to_coast_km": 16.1, "district": "Puri"}}, {"type": "Feature", "geometry": {"type": "Polygon", "coordinates": [[[85.41671403644904, 19.81559468199783], [85.42628281490178, 19.81559468199783], [85.42628281490178, 19.824577793747743], [85.41671403644904, 19.824577793747743], [85.41671403644904, 19.81559468199783]]]}, "properties": {"depth_m": 0.52, "severity": "Moderate (Impassable)", "elevation_m": 2.3, "dist_to_coast_km": 15.9, "district": "Puri"}}, {"type": "Feature", "geometry": {"type": "Polygon", "coordinates": [[[85.42628281490178, 19.81559468199783], [85.43585159335456, 19.81559468199783], [85.43585159335456, 19.824577793747743], [85.42628281490178, 19.824577793747743], [85.42628281490178, 19.81559468199783]]]}, "properties": {"depth_m": 0.56, "severity": "Moderate (Impassable)", "elevation_m": 2.28, "dist_to_coast_km": 15.7, "district": "Puri"}}, {"type": "Feature", "geometry": {"type": "Polygon", "coordinates": [[[85.43585159335456, 19.81559468199783], [85.4454203718073, 19.81559468199783], [85.4454203718073, 19.824577793747743], [85.43585159335456, 19.824577793747743], [85.43585159335456, 19.81559468199783]]]}, "properties": {"depth_m": 0.58, "severity": "Moderate (Impassable)", "elevation_m": 2.27, "dist_to_coast_km": 15.6, "district": "Puri"}}, {"type": "Feature", "geometry": {"type": "Polygon", "coordinates": [[[85.4454203718073, 19.81559468199783], [85.45498915026008, 19.81559468199783], [85.45498915026008, 19.824577793747743], [85.4454203718073, 19.824577793747743], [85.4454203718073, 19.81559468199783]]]}, "properties": {"depth_m": 0.58, "severity": "Moderate (Impassable)", "elevation_m": 2.27, "dist_to_coast_km": 15.6, "district": "Puri"}}, {"type": "Feature", "geometry": {"type": "Polygon", "coordinates": [[[85.45498915026008, 19.81559468199783], [85.46455792871282, 19.81559468199783], [85.46455792871282, 19.824577793747743], [85.45498915026008, 19.824577793747743], [85.45498915026008, 19.81559468199783]]]}, "properties": {"depth_m": 0.58, "severity": "Moderate (Impassable)", "elevation_m": 2.27, "dist_to_coast_km": 15.6, "district": "Puri"}}, {"type": "Feature", "geometry": {"type": "Polygon", "coordinates": [[[85.46455792871282, 19.81559468199783], [85.4741267071656, 19.81559468199783], [85.4741267071656, 19.824577793747743], [85.46455792871282, 19.824577793747743], [85.46455792871282, 19.81559468199783]]]}, "properties": {"depth_m": 0.55, "severity": "Moderate (Impassable)", "elevation_m": 2.28, "dist_to_coast_km": 15.7, "district": "Puri"}}, {"type": "Feature", "geometry": {"type": "Polygon", "coordinates": [[[85.4741267071656, 19.81559468199783], [85.48369548561834, 19.81559468199783], [85.48369548561834, 19.824577793747743], [85.4741267071656, 19.824577793747743], [85.4741267071656, 19.81559468199783]]]}, "properties": {"depth_m": 0.52, "severity": "Moderate (Impassable)", "elevation_m": 2.3, "dist_to_coast_km": 15.9, "district": "Puri"}}, {"type": "Feature", "geometry": {"type": "Polygon", "coordinates": [[[85.48369548561834, 19.81559468199783], [85.49326426407112, 19.81559468199783], [85.49326426407112, 19.824577793747743], [85.48369548561834, 19.824577793747743], [85.48369548561834, 19.81559468199783]]]}, "properties": {"depth_m": 0.47, "severity": "Moderate (Impassable)", "elevation_m": 2.33, "dist_to_coast_km": 16.1, "district": "Puri"}}, {"type": "Feature", "geometry": {"type": "Polygon", "coordinates": [[[85.49326426407112, 19.81559468199783], [85.50283304252386, 19.81559468199783], [85.50283304252386, 19.824577793747743], [85.49326426407112, 19.824577793747743], [85.49326426407112, 19.81559468199783]]]}, "properties": {"depth_m": 0.41, "severity": "Moderate (Impassable)", "elevation_m": 2.36, "dist_to_coast_km": 16.4, "district": "Puri"}}, {"type": "Feature", "geometry": {"type": "Polygon", "coordinates": [[[85.50283304252386, 19.81559468199783], [85.51240182097663, 19.81559468199783], [85.51240182097663, 19.824577793747743], [85.50283304252386, 19.824577793747743], [85.50283304252386, 19.81559468199783]]]}, "properties": {"depth_m": 0.34, "severity": "Moderate (Impassable)", "elevation_m": 2.4, "dist_to_coast_km": 16.7, "district": "Puri"}}, {"type": "Feature", "geometry": {"type": "Polygon", "coordinates": [[[85.51240182097663, 19.81559468199783], [85.52197059942938, 19.81559468199783], [85.52197059942938, 19.824577793747743], [85.51240182097663, 19.824577793747743], [85.51240182097663, 19.81559468199783]]]}, "properties": {"depth_m": 0.31, "severity": "Moderate (Impassable)", "elevation_m": 2.31, "dist_to_coast_km": 15.9, "district": "Puri"}}, {"type": "Feature", "geometry": {"type": "Polygon", "coordinates": [[[85.52197059942938, 19.81559468199783], [85.53153937788215, 19.81559468199783], [85.53153937788215, 19.824577793747743], [85.52197059942938, 19.824577793747743], [85.52197059942938, 19.81559468199783]]]}, "properties": {"depth_m": 0.51, "severity": "Moderate (Impassable)", "elevation_m": 2.21, "dist_to_coast_km": 15.1, "district": "Puri"}}, {"type": "Feature", "geometry": {"type": "Polygon", "coordinates": [[[85.53153937788215, 19.81559468199783], [85.5411081563349, 19.81559468199783], [85.5411081563349, 19.824577793747743], [85.53153937788215, 19.824577793747743], [85.53153937788215, 19.81559468199783]]]}, "properties": {"depth_m": 0.69, "severity": "Severe", "elevation_m": 2.11, "dist_to_coast_km": 14.2, "district": "Puri"}}, {"type": "Feature", "geometry": {"type": "Polygon", "coordinates": [[[85.5411081563349, 19.81559468199783], [85.55067693478767, 19.81559468199783], [85.55067693478767, 19.824577793747743], [85.5411081563349, 19.824577793747743], [85.5411081563349, 19.81559468199783]]]}, "properties": {"depth_m": 0.87, "severity": "Severe", "elevation_m": 2.01, "dist_to_coast_km": 13.4, "district": "Puri"}}, {"type": "Feature", "geometry": {"type": "Polygon", "coordinates": [[[85.55067693478767, 19.81559468199783], [85.56024571324042, 19.81559468199783], [85.56024571324042, 19.824577793747743], [85.55067693478767, 19.824577793747743], [85.55067693478767, 19.81559468199783]]]}, "properties": {"depth_m": 1.05, "severity": "Severe", "elevation_m": 1.91, "dist_to_coast_km": 12.6, "district": "Puri"}}, {"type": "Feature", "geometry": {"type": "Polygon", "coordinates": [[[85.56024571324042, 19.81559468199783], [85.5698144916932, 19.81559468199783], [85.5698144916932, 19.824577793747743], [85.56024571324042, 19.824577793747743], [85.56024571324042, 19.81559468199783]]]}, "properties": {"depth_m": 1.22, "severity": "Severe", "elevation_m": 1.82, "dist_to_coast_km": 11.8, "district": "Puri"}}, {"type": "Feature", "geometry": {"type": "Polygon", "coordinates": [[[85.5698144916932, 19.81559468199783], [85.57938327014594, 19.81559468199783], [85.57938327014594, 19.824577793747743], [85.5698144916932, 19.824577793747743], [85.5698144916932, 19.81559468199783]]]}, "properties": {"depth_m": 1.38, "severity": "Severe", "elevation_m": 1.73, "dist_to_coast_km": 11.1, "district": "Puri"}}, {"type": "Feature", "geometry": {"type": "Polygon", "coordinates": [[[85.57938327014594, 19.81559468199783], [85.58895204859871, 19.81559468199783], [85.58895204859871, 19.824577793747743], [85.57938327014594, 19.824577793747743], [85.57938327014594, 19.81559468199783]]]}, "properties": {"depth_m": 1.53, "severity": "Catastrophic", "elevation_m": 1.65, "dist_to_coast_km": 10.4, "district": "Puri"}}, {"type": "Feature", "geometry": {"type": "Polygon", "coordinates": [[[85.58895204859871, 19.81559468199783], [85.59852082705146, 19.81559468199783], [85.59852082705146, 19.824577793747743], [85.58895204859871, 19.824577793747743], [85.58895204859871, 19.81559468199783]]]}, "properties": {"depth_m": 1.67, "severity": "Catastrophic", "elevation_m": 1.57, "dist_to_coast_km": 9.8, "district": "Puri"}}, {"type": "Feature", "geometry": {"type": "Polygon", "coordinates": [[[85.59852082705146, 19.81559468199783], [85.60808960550423, 19.81559468199783], [85.60808960550423, 19.824577793747743], [85.59852082705146, 19.824577793747743], [85.59852082705146, 19.81559468199783]]]}, "properties": {"depth_m": 1.8, "severity": "Catastrophic", "elevation_m": 1.5, "dist_to_coast_km": 9.2, "district": "Puri"}}, {"type": "Feature", "geometry": {"type": "Polygon", "coordinates": [[[85.60808960550423, 19.81559468199783], [85.61765838395698, 19.81559468199783], [85.61765838395698, 19.824577793747743], [85.60808960550423, 19.824577793747743], [85.60808960550423, 19.81559468199783]]]}, "properties": {"depth_m": 1.9, "severity": "Catastrophic", "elevation_m": 1.44, "dist_to_coast_km": 8.7, "district": "Puri"}}, {"type": "Feature", "geometry": {"type": "Polygon", "coordinates": [[[85.61765838395698, 19.81559468199783], [85.62722716240975, 19.81559468199783], [85.62722716240975, 19.824577793747743], [85.61765838395698, 19.824577793747743], [85.61765838395698, 19.81559468199783]]]}, "properties": {"depth_m": 1.99, "severity": "Catastrophic", "elevation_m": 1.4, "dist_to_coast_km": 8.3, "district": "Puri"}}, {"type": "Feature", "geometry": {"type": "Polygon", "coordinates": [[[85.62722716240975, 19.81559468199783], [85.6367959408625, 19.81559468199783], [85.6367959408625, 19.824577793747743], [85.62722716240975, 19.824577793747743], [85.62722716240975, 19.81559468199783]]]}, "properties": {"depth_m": 2.06, "severity": "Catastrophic", "elevation_m": 1.36, "dist_to_coast_km": 8.0, "district": "Puri"}}, {"type": "Feature", "geometry": {"type": "Polygon", "coordinates": [[[85.6367959408625, 19.81559468199783], [85.64636471931527, 19.81559468199783], [85.64636471931527, 19.824577793747743], [85.6367959408625, 19.824577793747743], [85.6367959408625, 19.81559468199783]]]}, "properties": {"depth_m": 2.09, "severity": "Catastrophic", "elevation_m": 1.34, "dist_to_coast_km": 7.8, "district": "Puri"}}, {"type": "Feature", "geometry": {"type": "Polygon", "coordinates": [[[85.64636471931527, 19.81559468199783], [85.65593349776802, 19.81559468199783], [85.65593349776802, 19.824577793747743], [85.64636471931527, 19.824577793747743], [85.64636471931527, 19.81559468199783]]]}, "properties": {"depth_m": 2.11, "severity": "Catastrophic", "elevation_m": 1.34, "dist_to_coast_km": 7.8, "district": "Puri"}}, {"type": "Feature", "geometry": {"type": "Polygon", "coordinates": [[[85.65593349776802, 19.81559468199783], [85.66550227622079, 19.81559468199783], [85.66550227622079, 19.824577793747743], [85.65593349776802, 19.824577793747743], [85.65593349776802, 19.81559468199783]]]}, "properties": {"depth_m": 2.09, "severity": "Catastrophic", "elevation_m": 1.34, "dist_to_coast_km": 7.9, "district": "Puri"}}, {"type": "Feature", "geometry": {"type": "Polygon", "coordinates": [[[85.66550227622079, 19.81559468199783], [85.67507105467354, 19.81559468199783], [85.67507105467354, 19.824577793747743], [85.66550227622079, 19.824577793747743], [85.66550227622079, 19.81559468199783]]]}, "properties": {"depth_m": 2.04, "severity": "Catastrophic", "elevation_m": 1.37, "dist_to_coast_km": 8.1, "district": "Puri"}}, {"type": "Feature", "geometry": {"type": "Polygon", "coordinates": [[[85.67507105467354, 19.81559468199783], [85.68463983312631, 19.81559468199783], [85.68463983312631, 19.824577793747743], [85.67507105467354, 19.824577793747743], [85.67507105467354, 19.81559468199783]]]}, "properties": {"depth_m": 1.97, "severity": "Catastrophic", "elevation_m": 1.41, "dist_to_coast_km": 8.4, "district": "Puri"}}, {"type": "Feature", "geometry": {"type": "Polygon", "coordinates": [[[85.68463983312631, 19.81559468199783], [85.69420861157906, 19.81559468199783], [85.69420861157906, 19.824577793747743], [85.68463983312631, 19.824577793747743], [85.68463983312631, 19.81559468199783]]]}, "properties": {"depth_m": 1.88, "severity": "Catastrophic", "elevation_m": 1.46, "dist_to_coast_km": 8.8, "district": "Puri"}}, {"type": "Feature", "geometry": {"type": "Polygon", "coordinates": [[[85.69420861157906, 19.81559468199783], [85.70377739003183, 19.81559468199783], [85.70377739003183, 19.824577793747743], [85.69420861157906, 19.824577793747743], [85.69420861157906, 19.81559468199783]]]}, "properties": {"depth_m": 1.77, "severity": "Catastrophic", "elevation_m": 1.52, "dist_to_coast_km": 9.3, "district": "Puri"}}, {"type": "Feature", "geometry": {"type": "Polygon", "coordinates": [[[85.70377739003183, 19.81559468199783], [85.71334616848458, 19.81559468199783], [85.71334616848458, 19.824577793747743], [85.70377739003183, 19.824577793747743], [85.70377739003183, 19.81559468199783]]]}, "properties": {"depth_m": 1.24, "severity": "Severe", "elevation_m": 1.99, "dist_to_coast_km": 9.9, "district": "Puri"}}, {"type": "Feature", "geometry": {"type": "Polygon", "coordinates": [[[85.71334616848458, 19.81559468199783], [85.72291494693735, 19.81559468199783], [85.72291494693735, 19.824577793747743], [85.71334616848458, 19.824577793747743], [85.71334616848458, 19.81559468199783]]]}, "properties": {"depth_m": 1.1, "severity": "Severe", "elevation_m": 2.07, "dist_to_coast_km": 10.6, "district": "Puri"}}, {"type": "Feature", "geometry": {"type": "Polygon", "coordinates": [[[85.74205250384287, 19.81559468199783], [85.75162128229562, 19.81559468199783], [85.75162128229562, 19.824577793747743], [85.74205250384287, 19.824577793747743], [85.74205250384287, 19.81559468199783]]]}, "properties": {"depth_m": 0.13, "severity": "Minor", "elevation_m": 1.88, "dist_to_coast_km": 9.0, "district": "Puri"}}, {"type": "Feature", "geometry": {"type": "Polygon", "coordinates": [[[85.75162128229562, 19.81559468199783], [85.76119006074839, 19.81559468199783], [85.76119006074839, 19.824577793747743], [85.75162128229562, 19.824577793747743], [85.75162128229562, 19.81559468199783]]]}, "properties": {"depth_m": 0.35, "severity": "Moderate (Impassable)", "elevation_m": 1.76, "dist_to_coast_km": 8.0, "district": "Puri"}}, {"type": "Feature", "geometry": {"type": "Polygon", "coordinates": [[[85.76119006074839, 19.81559468199783], [85.77075883920114, 19.81559468199783], [85.77075883920114, 19.824577793747743], [85.76119006074839, 19.824577793747743], [85.76119006074839, 19.81559468199783]]]}, "properties": {"depth_m": 0.56, "severity": "Moderate (Impassable)", "elevation_m": 1.65, "dist_to_coast_km": 7.1, "district": "Puri"}}, {"type": "Feature", "geometry": {"type": "Polygon", "coordinates": [[[85.77075883920114, 19.81559468199783], [85.78032761765391, 19.81559468199783], [85.78032761765391, 19.824577793747743], [85.77075883920114, 19.824577793747743], [85.77075883920114, 19.81559468199783]]]}, "properties": {"depth_m": 0.76, "severity": "Severe", "elevation_m": 1.53, "dist_to_coast_km": 6.1, "district": "Puri"}}, {"type": "Feature", "geometry": {"type": "Polygon", "coordinates": [[[85.78032761765391, 19.81559468199783], [85.78989639610666, 19.81559468199783], [85.78989639610666, 19.824577793747743], [85.78032761765391, 19.824577793747743], [85.78032761765391, 19.81559468199783]]]}, "properties": {"depth_m": 0.97, "severity": "Severe", "elevation_m": 1.42, "dist_to_coast_km": 5.2, "district": "Puri"}}, {"type": "Feature", "geometry": {"type": "Polygon", "coordinates": [[[85.78989639610666, 19.81559468199783], [85.79946517455943, 19.81559468199783], [85.79946517455943, 19.824577793747743], [85.78989639610666, 19.824577793747743], [85.78989639610666, 19.81559468199783]]]}, "properties": {"depth_m": 1.16, "severity": "Severe", "elevation_m": 1.32, "dist_to_coast_km": 4.3, "district": "Puri"}}, {"type": "Feature", "geometry": {"type": "Polygon", "coordinates": [[[85.79946517455943, 19.81559468199783], [85.80903395301218, 19.81559468199783], [85.80903395301218, 19.824577793747743], [85.79946517455943, 19.824577793747743], [85.79946517455943, 19.81559468199783]]]}, "properties": {"depth_m": 1.34, "severity": "Severe", "elevation_m": 1.22, "dist_to_coast_km": 3.5, "district": "Puri"}}, {"type": "Feature", "geometry": {"type": "Polygon", "coordinates": [[[85.80903395301218, 19.81559468199783], [85.81860273146495, 19.81559468199783], [85.81860273146495, 19.824577793747743], [85.80903395301218, 19.824577793747743], [85.80903395301218, 19.81559468199783]]]}, "properties": {"depth_m": 1.49, "severity": "Severe", "elevation_m": 1.14, "dist_to_coast_km": 2.8, "district": "Puri"}}, {"type": "Feature", "geometry": {"type": "Polygon", "coordinates": [[[85.81860273146495, 19.81559468199783], [85.8281715099177, 19.81559468199783], [85.8281715099177, 19.824577793747743], [85.81860273146495, 19.824577793747743], [85.81860273146495, 19.81559468199783]]]}, "properties": {"depth_m": 1.6, "severity": "Catastrophic", "elevation_m": 1.08, "dist_to_coast_km": 2.3, "district": "Puri"}}, {"type": "Feature", "geometry": {"type": "Polygon", "coordinates": [[[85.8281715099177, 19.81559468199783], [85.83774028837047, 19.81559468199783], [85.83774028837047, 19.824577793747743], [85.8281715099177, 19.824577793747743], [85.8281715099177, 19.81559468199783]]]}, "properties": {"depth_m": 1.61, "severity": "Catastrophic", "elevation_m": 1.07, "dist_to_coast_km": 2.3, "district": "Puri"}}, {"type": "Feature", "geometry": {"type": "Polygon", "coordinates": [[[85.83774028837047, 19.81559468199783], [85.84730906682321, 19.81559468199783], [85.84730906682321, 19.824577793747743], [85.83774028837047, 19.824577793747743], [85.83774028837047, 19.81559468199783]]]}, "properties": {"depth_m": 1.54, "severity": "Catastrophic", "elevation_m": 1.11, "dist_to_coast_km": 2.6, "district": "Puri"}}, {"type": "Feature", "geometry": {"type": "Polygon", "coordinates": [[[85.84730906682321, 19.81559468199783], [85.85687784527599, 19.81559468199783], [85.85687784527599, 19.824577793747743], [85.84730906682321, 19.824577793747743], [85.84730906682321, 19.81559468199783]]]}, "properties": {"depth_m": 1.4, "severity": "Severe", "elevation_m": 1.19, "dist_to_coast_km": 3.2, "district": "Puri"}}, {"type": "Feature", "geometry": {"type": "Polygon", "coordinates": [[[85.85687784527599, 19.81559468199783], [85.86644662372873, 19.81559468199783], [85.86644662372873, 19.824577793747743], [85.85687784527599, 19.824577793747743], [85.85687784527599, 19.81559468199783]]]}, "properties": {"depth_m": 1.23, "severity": "Severe", "elevation_m": 1.28, "dist_to_coast_km": 4.0, "district": "Puri"}}, {"type": "Feature", "geometry": {"type": "Polygon", "coordinates": [[[85.86644662372873, 19.81559468199783], [85.87601540218151, 19.81559468199783], [85.87601540218151, 19.824577793747743], [85.86644662372873, 19.824577793747743], [85.86644662372873, 19.81559468199783]]]}, "properties": {"depth_m": 1.04, "severity": "Severe", "elevation_m": 1.38, "dist_to_coast_km": 4.9, "district": "Puri"}}, {"type": "Feature", "geometry": {"type": "Polygon", "coordinates": [[[85.87601540218151, 19.81559468199783], [85.88558418063425, 19.81559468199783], [85.88558418063425, 19.824577793747743], [85.87601540218151, 19.824577793747743], [85.87601540218151, 19.81559468199783]]]}, "properties": {"depth_m": 0.84, "severity": "Severe", "elevation_m": 1.49, "dist_to_coast_km": 5.8, "district": "Puri"}}, {"type": "Feature", "geometry": {"type": "Polygon", "coordinates": [[[85.88558418063425, 19.81559468199783], [85.89515295908703, 19.81559468199783], [85.89515295908703, 19.824577793747743], [85.88558418063425, 19.824577793747743], [85.88558418063425, 19.81559468199783]]]}, "properties": {"depth_m": 0.64, "severity": "Severe", "elevation_m": 1.6, "dist_to_coast_km": 6.7, "district": "Puri"}}, {"type": "Feature", "geometry": {"type": "Polygon", "coordinates": [[[85.89515295908703, 19.81559468199783], [85.90472173753977, 19.81559468199783], [85.90472173753977, 19.824577793747743], [85.89515295908703, 19.824577793747743], [85.89515295908703, 19.81559468199783]]]}, "properties": {"depth_m": 0.43, "severity": "Moderate (Impassable)", "elevation_m": 1.72, "dist_to_coast_km": 7.6, "district": "Puri"}}, {"type": "Feature", "geometry": {"type": "Polygon", "coordinates": [[[85.90472173753977, 19.81559468199783], [85.91429051599255, 19.81559468199783], [85.91429051599255, 19.824577793747743], [85.90472173753977, 19.824577793747743], [85.90472173753977, 19.81559468199783]]]}, "properties": {"depth_m": 0.22, "severity": "Minor", "elevation_m": 1.83, "dist_to_coast_km": 8.6, "district": "Puri"}}, {"type": "Feature", "geometry": {"type": "Polygon", "coordinates": [[[85.38800770109074, 19.824577793747743], [85.39757647954352, 19.824577793747743], [85.39757647954352, 19.83356090549765], [85.38800770109074, 19.83356090549765], [85.38800770109074, 19.824577793747743]]]}, "properties": {"depth_m": 0.13, "severity": "Minor", "elevation_m": 2.51, "dist_to_coast_km": 17.6, "district": "Puri"}}, {"type": "Feature", "geometry": {"type": "Polygon", "coordinates": [[[85.39757647954352, 19.824577793747743], [85.40714525799626, 19.824577793747743], [85.40714525799626, 19.83356090549765], [85.39757647954352, 19.83356090549765], [85.39757647954352, 19.824577793747743]]]}, "properties": {"depth_m": 0.2, "severity": "Minor", "elevation_m": 2.48, "dist_to_coast_km": 17.3, "district": "Puri"}}, {"type": "Feature", "geometry": {"type": "Polygon", "coordinates": [[[85.40714525799626, 19.824577793747743], [85.41671403644904, 19.824577793747743], [85.41671403644904, 19.83356090549765], [85.40714525799626, 19.83356090549765], [85.40714525799626, 19.824577793747743]]]}, "properties": {"depth_m": 0.26, "severity": "Minor", "elevation_m": 2.45, "dist_to_coast_km": 17.0, "district": "Puri"}}, {"type": "Feature", "geometry": {"type": "Polygon", "coordinates": [[[85.41671403644904, 19.824577793747743], [85.42628281490178, 19.824577793747743], [85.42628281490178, 19.83356090549765], [85.41671403644904, 19.83356090549765], [85.41671403644904, 19.824577793747743]]]}, "properties": {"depth_m": 0.3, "severity": "Moderate (Impassable)", "elevation_m": 2.42, "dist_to_coast_km": 16.8, "district": "Puri"}}, {"type": "Feature", "geometry": {"type": "Polygon", "coordinates": [[[85.42628281490178, 19.824577793747743], [85.43585159335456, 19.824577793747743], [85.43585159335456, 19.83356090549765], [85.42628281490178, 19.83356090549765], [85.42628281490178, 19.824577793747743]]]}, "properties": {"depth_m": 0.34, "severity": "Moderate (Impassable)", "elevation_m": 2.4, "dist_to_coast_km": 16.7, "district": "Puri"}}, {"type": "Feature", "geometry": {"type": "Polygon", "coordinates": [[[85.43585159335456, 19.824577793747743], [85.4454203718073, 19.824577793747743], [85.4454203718073, 19.83356090549765], [85.43585159335456, 19.83356090549765], [85.43585159335456, 19.824577793747743]]]}, "properties": {"depth_m": 0.36, "severity": "Moderate (Impassable)", "elevation_m": 2.39, "dist_to_coast_km": 16.6, "district": "Puri"}}, {"type": "Feature", "geometry": {"type": "Polygon", "coordinates": [[[85.4454203718073, 19.824577793747743], [85.45498915026008, 19.824577793747743], [85.45498915026008, 19.83356090549765], [85.4454203718073, 19.83356090549765], [85.4454203718073, 19.824577793747743]]]}, "properties": {"depth_m": 0.36, "severity": "Moderate (Impassable)", "elevation_m": 2.39, "dist_to_coast_km": 16.6, "district": "Puri"}}, {"type": "Feature", "geometry": {"type": "Polygon", "coordinates": [[[85.45498915026008, 19.824577793747743], [85.46455792871282, 19.824577793747743], [85.46455792871282, 19.83356090549765], [85.45498915026008, 19.83356090549765], [85.45498915026008, 19.824577793747743]]]}, "properties": {"depth_m": 0.36, "severity": "Moderate (Impassable)", "elevation_m": 2.39, "dist_to_coast_km": 16.6, "district": "Puri"}}, {"type": "Feature", "geometry": {"type": "Polygon", "coordinates": [[[85.46455792871282, 19.824577793747743], [85.4741267071656, 19.824577793747743], [85.4741267071656, 19.83356090549765], [85.46455792871282, 19.83356090549765], [85.46455792871282, 19.824577793747743]]]}, "properties": {"depth_m": 0.34, "severity": "Moderate (Impassable)", "elevation_m": 2.4, "dist_to_coast_km": 16.7, "district": "Puri"}}, {"type": "Feature", "geometry": {"type": "Polygon", "coordinates": [[[85.4741267071656, 19.824577793747743], [85.48369548561834, 19.824577793747743], [85.48369548561834, 19.83356090549765], [85.4741267071656, 19.83356090549765], [85.4741267071656, 19.824577793747743]]]}, "properties": {"depth_m": 0.3, "severity": "Moderate (Impassable)", "elevation_m": 2.42, "dist_to_coast_km": 16.8, "district": "Puri"}}, {"type": "Feature", "geometry": {"type": "Polygon", "coordinates": [[[85.48369548561834, 19.824577793747743], [85.49326426407112, 19.824577793747743], [85.49326426407112, 19.83356090549765], [85.48369548561834, 19.83356090549765], [85.48369548561834, 19.824577793747743]]]}, "properties": {"depth_m": 0.26, "severity": "Minor", "elevation_m": 2.45, "dist_to_coast_km": 17.1, "district": "Puri"}}, {"type": "Feature", "geometry": {"type": "Polygon", "coordinates": [[[85.49326426407112, 19.824577793747743], [85.50283304252386, 19.824577793747743], [85.50283304252386, 19.83356090549765], [85.49326426407112, 19.83356090549765], [85.49326426407112, 19.824577793747743]]]}, "properties": {"depth_m": 0.2, "severity": "Minor", "elevation_m": 2.48, "dist_to_coast_km": 17.3, "district": "Puri"}}, {"type": "Feature", "geometry": {"type": "Polygon", "coordinates": [[[85.51240182097663, 19.824577793747743], [85.52197059942938, 19.824577793747743], [85.52197059942938, 19.83356090549765], [85.51240182097663, 19.83356090549765], [85.51240182097663, 19.824577793747743]]]}, "properties": {"depth_m": 0.2, "severity": "Minor", "elevation_m": 2.37, "dist_to_coast_km": 16.4, "district": "Puri"}}, {"type": "Feature", "geometry": {"type": "Polygon", "coordinates": [[[85.52197059942938, 19.824577793747743], [85.53153937788215, 19.824577793747743], [85.53153937788215, 19.83356090549765], [85.52197059942938, 19.83356090549765], [85.52197059942938, 19.824577793747743]]]}, "properties": {"depth_m": 0.39, "severity": "Moderate (Impassable)", "elevation_m": 2.27, "dist_to_coast_km": 15.6, "district": "Puri"}}, {"type": "Feature", "geometry": {"type": "Polygon", "coordinates": [[[85.53153937788215, 19.824577793747743], [85.5411081563349, 19.824577793747743], [85.5411081563349, 19.83356090549765], [85.53153937788215, 19.83356090549765], [85.53153937788215, 19.824577793747743]]]}, "properties": {"depth_m": 0.57, "severity": "Moderate (Impassable)", "elevation_m": 2.17, "dist_to_coast_km": 14.8, "district": "Puri"}}, {"type": "Feature", "geometry": {"type": "Polygon", "coordinates": [[[85.5411081563349, 19.824577793747743], [85.55067693478767, 19.824577793747743], [85.55067693478767, 19.83356090549765], [85.5411081563349, 19.83356090549765], [85.5411081563349, 19.824577793747743]]]}, "properties": {"depth_m": 0.74, "severity": "Severe", "elevation_m": 2.08, "dist_to_coast_km": 14.0, "district": "Puri"}}, {"type": "Feature", "geometry": {"type": "Polygon", "coordinates": [[[85.55067693478767, 19.824577793747743], [85.56024571324042, 19.824577793747743], [85.56024571324042, 19.83356090549765], [85.55067693478767, 19.83356090549765], [85.55067693478767, 19.824577793747743]]]}, "properties": {"depth_m": 0.91, "severity": "Severe", "elevation_m": 1.99, "dist_to_coast_km": 13.2, "district": "Puri"}}, {"type": "Feature", "geometry": {"type": "Polygon", "coordinates": [[[85.56024571324042, 19.824577793747743], [85.5698144916932, 19.824577793747743], [85.5698144916932, 19.83356090549765], [85.56024571324042, 19.83356090549765], [85.56024571324042, 19.824577793747743]]]}, "properties": {"depth_m": 1.07, "severity": "Severe", "elevation_m": 1.9, "dist_to_coast_km": 12.5, "district": "Puri"}}, {"type": "Feature", "geometry": {"type": "Polygon", "coordinates": [[[85.5698144916932, 19.824577793747743], [85.57938327014594, 19.824577793747743], [85.57938327014594, 19.83356090549765], [85.5698144916932, 19.83356090549765], [85.5698144916932, 19.824577793747743]]]}, "properties": {"depth_m": 1.22, "severity": "Severe", "elevation_m": 1.82, "dist_to_coast_km": 11.8, "district": "Puri"}}, {"type": "Feature", "geometry": {"type": "Polygon", "coordinates": [[[85.57938327014594, 19.824577793747743], [85.58895204859871, 19.824577793747743], [85.58895204859871, 19.83356090549765], [85.57938327014594, 19.83356090549765], [85.57938327014594, 19.824577793747743]]]}, "properties": {"depth_m": 1.36, "severity": "Severe", "elevation_m": 1.74, "dist_to_coast_km": 11.2, "district": "Puri"}}, {"type": "Feature", "geometry": {"type": "Polygon", "coordinates": [[[85.58895204859871, 19.824577793747743], [85.59852082705146, 19.824577793747743], [85.59852082705146, 19.83356090549765], [85.58895204859871, 19.83356090549765], [85.58895204859871, 19.824577793747743]]]}, "properties": {"depth_m": 1.49, "severity": "Severe", "elevation_m": 1.67, "dist_to_coast_km": 10.6, "district": "Puri"}}, {"type": "Feature", "geometry": {"type": "Polygon", "coordinates": [[[85.59852082705146, 19.824577793747743], [85.60808960550423, 19.824577793747743], [85.60808960550423, 19.83356090549765], [85.59852082705146, 19.83356090549765], [85.59852082705146, 19.824577793747743]]]}, "properties": {"depth_m": 1.61, "severity": "Catastrophic", "elevation_m": 1.61, "dist_to_coast_km": 10.1, "district": "Puri"}}, {"type": "Feature", "geometry": {"type": "Polygon", "coordinates": [[[85.60808960550423, 19.824577793747743], [85.61765838395698, 19.824577793747743], [85.61765838395698, 19.83356090549765], [85.60808960550423, 19.83356090549765], [85.60808960550423, 19.824577793747743]]]}, "properties": {"depth_m": 1.71, "severity": "Catastrophic", "elevation_m": 1.55, "dist_to_coast_km": 9.6, "district": "Puri"}}, {"type": "Feature", "geometry": {"type": "Polygon", "coordinates": [[[85.61765838395698, 19.824577793747743], [85.62722716240975, 19.824577793747743], [85.62722716240975, 19.83356090549765], [85.61765838395698, 19.83356090549765], [85.61765838395698, 19.824577793747743]]]}, "properties": {"depth_m": 1.78, "severity": "Catastrophic", "elevation_m": 1.51, "dist_to_coast_km": 9.3, "district": "Puri"}}, {"type": "Feature", "geometry": {"type": "Polygon", "coordinates": [[[85.62722716240975, 19.824577793747743], [85.6367959408625, 19.824577793747743], [85.6367959408625, 19.83356090549765], [85.62722716240975, 19.83356090549765], [85.62722716240975, 19.824577793747743]]]}, "properties": {"depth_m": 1.84, "severity": "Catastrophic", "elevation_m": 1.48, "dist_to_coast_km": 9.0, "district": "Puri"}}, {"type": "Feature", "geometry": {"type": "Polygon", "coordinates": [[[85.6367959408625, 19.824577793747743], [85.64636471931527, 19.824577793747743], [85.64636471931527, 19.83356090549765], [85.6367959408625, 19.83356090549765], [85.6367959408625, 19.824577793747743]]]}, "properties": {"depth_m": 1.88, "severity": "Catastrophic", "elevation_m": 1.46, "dist_to_coast_km": 8.8, "district": "Puri"}}, {"type": "Feature", "geometry": {"type": "Polygon", "coordinates": [[[85.64636471931527, 19.824577793747743], [85.65593349776802, 19.824577793747743], [85.65593349776802, 19.83356090549765], [85.64636471931527, 19.83356090549765], [85.64636471931527, 19.824577793747743]]]}, "properties": {"depth_m": 1.89, "severity": "Catastrophic", "elevation_m": 1.46, "dist_to_coast_km": 8.8, "district": "Puri"}}, {"type": "Feature", "geometry": {"type": "Polygon", "coordinates": [[[85.65593349776802, 19.824577793747743], [85.66550227622079, 19.824577793747743], [85.66550227622079, 19.83356090549765], [85.65593349776802, 19.83356090549765], [85.65593349776802, 19.824577793747743]]]}, "properties": {"depth_m": 1.87, "severity": "Catastrophic", "elevation_m": 1.46, "dist_to_coast_km": 8.9, "district": "Puri"}}, {"type": "Feature", "geometry": {"type": "Polygon", "coordinates": [[[85.66550227622079, 19.824577793747743], [85.67507105467354, 19.824577793747743], [85.67507105467354, 19.83356090549765], [85.66550227622079, 19.83356090549765], [85.66550227622079, 19.824577793747743]]]}, "properties": {"depth_m": 1.83, "severity": "Catastrophic", "elevation_m": 1.49, "dist_to_coast_km": 9.0, "district": "Puri"}}, {"type": "Feature", "geometry": {"type": "Polygon", "coordinates": [[[85.67507105467354, 19.824577793747743], [85.68463983312631, 19.824577793747743], [85.68463983312631, 19.83356090549765], [85.67507105467354, 19.83356090549765], [85.67507105467354, 19.824577793747743]]]}, "properties": {"depth_m": 1.77, "severity": "Catastrophic", "elevation_m": 1.52, "dist_to_coast_km": 9.3, "district": "Puri"}}, {"type": "Feature", "geometry": {"type": "Polygon", "coordinates": [[[85.68463983312631, 19.824577793747743], [85.69420861157906, 19.824577793747743], [85.69420861157906, 19.83356090549765], [85.68463983312631, 19.83356090549765], [85.68463983312631, 19.824577793747743]]]}, "properties": {"depth_m": 1.68, "severity": "Catastrophic", "elevation_m": 1.57, "dist_to_coast_km": 9.7, "district": "Puri"}}, {"type": "Feature", "geometry": {"type": "Polygon", "coordinates": [[[85.69420861157906, 19.824577793747743], [85.70377739003183, 19.824577793747743], [85.70377739003183, 19.83356090549765], [85.69420861157906, 19.83356090549765], [85.69420861157906, 19.824577793747743]]]}, "properties": {"depth_m": 1.58, "severity": "Catastrophic", "elevation_m": 1.62, "dist_to_coast_km": 10.2, "district": "Puri"}}, {"type": "Feature", "geometry": {"type": "Polygon", "coordinates": [[[85.70377739003183, 19.824577793747743], [85.71334616848458, 19.824577793747743], [85.71334616848458, 19.83356090549765], [85.70377739003183, 19.83356090549765], [85.70377739003183, 19.824577793747743]]]}, "properties": {"depth_m": 1.06, "severity": "Severe", "elevation_m": 2.09, "dist_to_coast_km": 10.7, "district": "Puri"}}, {"type": "Feature", "geometry": {"type": "Polygon", "coordinates": [[[85.71334616848458, 19.824577793747743], [85.72291494693735, 19.824577793747743], [85.72291494693735, 19.83356090549765], [85.71334616848458, 19.83356090549765], [85.71334616848458, 19.824577793747743]]]}, "properties": {"depth_m": 0.93, "severity": "Severe", "elevation_m": 2.16, "dist_to_coast_km": 11.3, "district": "Puri"}}, {"type": "Feature", "geometry": {"type": "Polygon", "coordinates": [[[85.75162128229562, 19.824577793747743], [85.76119006074839, 19.824577793747743], [85.76119006074839, 19.83356090549765], [85.75162128229562, 19.83356090549765], [85.75162128229562, 19.824577793747743]]]}, "properties": {"depth_m": 0.27, "severity": "Minor", "elevation_m": 1.8, "dist_to_coast_km": 8.3, "district": "Puri"}}, {"type": "Feature", "geometry": {"type": "Polygon", "coordinates": [[[85.76119006074839, 19.824577793747743], [85.77075883920114, 19.824577793747743], [85.77075883920114, 19.83356090549765], [85.76119006074839, 19.83356090549765], [85.76119006074839, 19.824577793747743]]]}, "properties": {"depth_m": 0.47, "severity": "Moderate (Impassable)", "elevation_m": 1.69, "dist_to_coast_km": 7.4, "district": "Puri"}}, {"type": "Feature", "geometry": {"type": "Polygon", "coordinates": [[[85.77075883920114, 19.824577793747743], [85.78032761765391, 19.824577793747743], [85.78032761765391, 19.83356090549765], [85.77075883920114, 19.83356090549765], [85.77075883920114, 19.824577793747743]]]}, "properties": {"depth_m": 0.67, "severity": "Severe", "elevation_m": 1.59, "dist_to_coast_km": 6.5, "district": "Puri"}}, {"type": "Feature", "geometry": {"type": "Polygon", "coordinates": [[[85.78032761765391, 19.824577793747743], [85.78989639610666, 19.824577793747743], [85.78989639610666, 19.83356090549765], [85.78032761765391, 19.83356090549765], [85.78032761765391, 19.824577793747743]]]}, "properties": {"depth_m": 0.86, "severity": "Severe", "elevation_m": 1.48, "dist_to_coast_km": 5.7, "district": "Puri"}}, {"type": "Feature", "geometry": {"type": "Polygon", "coordinates": [[[85.78989639610666, 19.824577793747743], [85.79946517455943, 19.824577793747743], [85.79946517455943, 19.83356090549765], [85.78989639610666, 19.83356090549765], [85.78989639610666, 19.824577793747743]]]}, "properties": {"depth_m": 1.03, "severity": "Severe", "elevation_m": 1.39, "dist_to_coast_km": 4.9, "district": "Puri"}}, {"type": "Feature", "geometry": {"type": "Polygon", "coordinates": [[[85.79946517455943, 19.824577793747743], [85.80903395301218, 19.824577793747743], [85.80903395301218, 19.83356090549765], [85.79946517455943, 19.83356090549765], [85.79946517455943, 19.824577793747743]]]}, "properties": {"depth_m": 1.18, "severity": "Severe", "elevation_m": 1.3, "dist_to_coast_km": 4.2, "district": "Puri"}}, {"type": "Feature", "geometry": {"type": "Polygon", "coordinates": [[[85.80903395301218, 19.824577793747743], [85.81860273146495, 19.824577793747743], [85.81860273146495, 19.83356090549765], [85.80903395301218, 19.83356090549765], [85.80903395301218, 19.824577793747743]]]}, "properties": {"depth_m": 1.31, "severity": "Severe", "elevation_m": 1.24, "dist_to_coast_km": 3.6, "district": "Puri"}}, {"type": "Feature", "geometry": {"type": "Polygon", "coordinates": [[[85.81860273146495, 19.824577793747743], [85.8281715099177, 19.824577793747743], [85.8281715099177, 19.83356090549765], [85.81860273146495, 19.83356090549765], [85.81860273146495, 19.824577793747743]]]}, "properties": {"depth_m": 1.38, "severity": "Severe", "elevation_m": 1.2, "dist_to_coast_km": 3.3, "district": "Puri"}}, {"type": "Feature", "geometry": {"type": "Polygon", "coordinates": [[[85.8281715099177, 19.824577793747743], [85.83774028837047, 19.824577793747743], [85.83774028837047, 19.83356090549765], [85.8281715099177, 19.83356090549765], [85.8281715099177, 19.824577793747743]]]}, "properties": {"depth_m": 1.4, "severity": "Severe", "elevation_m": 1.19, "dist_to_coast_km": 3.2, "district": "Puri"}}, {"type": "Feature", "geometry": {"type": "Polygon", "coordinates": [[[85.83774028837047, 19.824577793747743], [85.84730906682321, 19.824577793747743], [85.84730906682321, 19.83356090549765], [85.83774028837047, 19.83356090549765], [85.83774028837047, 19.824577793747743]]]}, "properties": {"depth_m": 1.34, "severity": "Severe", "elevation_m": 1.22, "dist_to_coast_km": 3.5, "district": "Puri"}}, {"type": "Feature", "geometry": {"type": "Polygon", "coordinates": [[[85.84730906682321, 19.824577793747743], [85.85687784527599, 19.824577793747743], [85.85687784527599, 19.83356090549765], [85.84730906682321, 19.83356090549765], [85.84730906682321, 19.824577793747743]]]}, "properties": {"depth_m": 1.24, "severity": "Severe", "elevation_m": 1.28, "dist_to_coast_km": 4.0, "district": "Puri"}}, {"type": "Feature", "geometry": {"type": "Polygon", "coordinates": [[[85.85687784527599, 19.824577793747743], [85.86644662372873, 19.824577793747743], [85.86644662372873, 19.83356090549765], [85.85687784527599, 19.83356090549765], [85.85687784527599, 19.824577793747743]]]}, "properties": {"depth_m": 1.09, "severity": "Severe", "elevation_m": 1.36, "dist_to_coast_km": 4.6, "district": "Puri"}}, {"type": "Feature", "geometry": {"type": "Polygon", "coordinates": [[[85.86644662372873, 19.824577793747743], [85.87601540218151, 19.824577793747743], [85.87601540218151, 19.83356090549765], [85.86644662372873, 19.83356090549765], [85.86644662372873, 19.824577793747743]]]}, "properties": {"depth_m": 0.92, "severity": "Severe", "elevation_m": 1.45, "dist_to_coast_km": 5.4, "district": "Puri"}}, {"type": "Feature", "geometry": {"type": "Polygon", "coordinates": [[[85.87601540218151, 19.824577793747743], [85.88558418063425, 19.824577793747743], [85.88558418063425, 19.83356090549765], [85.87601540218151, 19.83356090549765], [85.87601540218151, 19.824577793747743]]]}, "properties": {"depth_m": 0.74, "severity": "Severe", "elevation_m": 1.55, "dist_to_coast_km": 6.2, "district": "Puri"}}, {"type": "Feature", "geometry": {"type": "Polygon", "coordinates": [[[85.88558418063425, 19.824577793747743], [85.89515295908703, 19.824577793747743], [85.89515295908703, 19.83356090549765], [85.88558418063425, 19.83356090549765], [85.88558418063425, 19.824577793747743]]]}, "properties": {"depth_m": 0.55, "severity": "Moderate (Impassable)", "elevation_m": 1.65, "dist_to_coast_km": 7.1, "district": "Puri"}}, {"type": "Feature", "geometry": {"type": "Polygon", "coordinates": [[[85.89515295908703, 19.824577793747743], [85.90472173753977, 19.824577793747743], [85.90472173753977, 19.83356090549765], [85.89515295908703, 19.83356090549765], [85.89515295908703, 19.824577793747743]]]}, "properties": {"depth_m": 0.35, "severity": "Moderate (Impassable)", "elevation_m": 1.76, "dist_to_coast_km": 8.0, "district": "Puri"}}, {"type": "Feature", "geometry": {"type": "Polygon", "coordinates": [[[85.90472173753977, 19.824577793747743], [85.91429051599255, 19.824577793747743], [85.91429051599255, 19.83356090549765], [85.90472173753977, 19.83356090549765], [85.90472173753977, 19.824577793747743]]]}, "properties": {"depth_m": 0.15, "severity": "Minor", "elevation_m": 1.87, "dist_to_coast_km": 8.9, "district": "Puri"}}, {"type": "Feature", "geometry": {"type": "Polygon", "coordinates": [[[86.02911585742567, 19.824577793747743], [86.03868463587841, 19.824577793747743], [86.03868463587841, 19.83356090549765], [86.02911585742567, 19.83356090549765], [86.02911585742567, 19.824577793747743]]]}, "properties": {"depth_m": 0.17, "severity": "Minor", "elevation_m": 1.38, "dist_to_coast_km": 4.9, "district": "Puri"}}, {"type": "Feature", "geometry": {"type": "Polygon", "coordinates": [[[86.03868463587841, 19.824577793747743], [86.04825341433119, 19.824577793747743], [86.04825341433119, 19.83356090549765], [86.03868463587841, 19.83356090549765], [86.03868463587841, 19.824577793747743]]]}, "properties": {"depth_m": 0.23, "severity": "Minor", "elevation_m": 1.35, "dist_to_coast_km": 4.6, "district": "Puri"}}, {"type": "Feature", "geometry": {"type": "Polygon", "coordinates": [[[86.04825341433119, 19.824577793747743], [86.05782219278393, 19.824577793747743], [86.05782219278393, 19.83356090549765], [86.04825341433119, 19.83356090549765], [86.04825341433119, 19.824577793747743]]]}, "properties": {"depth_m": 0.24, "severity": "Minor", "elevation_m": 1.35, "dist_to_coast_km": 4.6, "district": "Puri"}}, {"type": "Feature", "geometry": {"type": "Polygon", "coordinates": [[[86.05782219278393, 19.824577793747743], [86.0673909712367, 19.824577793747743], [86.0673909712367, 19.83356090549765], [86.05782219278393, 19.83356090549765], [86.05782219278393, 19.824577793747743]]]}, "properties": {"depth_m": 0.2, "severity": "Minor", "elevation_m": 1.37, "dist_to_coast_km": 4.7, "district": "Puri"}}, {"type": "Feature", "geometry": {"type": "Polygon", "coordinates": [[[86.0673909712367, 19.824577793747743], [86.07695974968945, 19.824577793747743], [86.07695974968945, 19.83356090549765], [86.0673909712367, 19.83356090549765], [86.0673909712367, 19.824577793747743]]]}, "properties": {"depth_m": 0.12, "severity": "Minor", "elevation_m": 1.41, "dist_to_coast_km": 5.1, "district": "Puri"}}, {"type": "Feature", "geometry": {"type": "Polygon", "coordinates": [[[85.42628281490178, 19.83356090549765], [85.43585159335456, 19.83356090549765], [85.43585159335456, 19.842544017247562], [85.42628281490178, 19.842544017247562], [85.42628281490178, 19.83356090549765]]]}, "properties": {"depth_m": 0.12, "severity": "Minor", "elevation_m": 2.52, "dist_to_coast_km": 17.7, "district": "Puri"}}, {"type": "Feature", "geometry": {"type": "Polygon", "coordinates": [[[85.43585159335456, 19.83356090549765], [85.4454203718073, 19.83356090549765], [85.4454203718073, 19.842544017247562], [85.43585159335456, 19.842544017247562], [85.43585159335456, 19.83356090549765]]]}, "properties": {"depth_m": 0.14, "severity": "Minor", "elevation_m": 2.51, "dist_to_coast_km": 17.6, "district": "Puri"}}, {"type": "Feature", "geometry": {"type": "Polygon", "coordinates": [[[85.4454203718073, 19.83356090549765], [85.45498915026008, 19.83356090549765], [85.45498915026008, 19.842544017247562], [85.4454203718073, 19.842544017247562], [85.4454203718073, 19.83356090549765]]]}, "properties": {"depth_m": 0.14, "severity": "Minor", "elevation_m": 2.51, "dist_to_coast_km": 17.6, "district": "Puri"}}, {"type": "Feature", "geometry": {"type": "Polygon", "coordinates": [[[85.45498915026008, 19.83356090549765], [85.46455792871282, 19.83356090549765], [85.46455792871282, 19.842544017247562], [85.45498915026008, 19.842544017247562], [85.45498915026008, 19.83356090549765]]]}, "properties": {"depth_m": 0.14, "severity": "Minor", "elevation_m": 2.51, "dist_to_coast_km": 17.6, "district": "Puri"}}, {"type": "Feature", "geometry": {"type": "Polygon", "coordinates": [[[85.46455792871282, 19.83356090549765], [85.4741267071656, 19.83356090549765], [85.4741267071656, 19.842544017247562], [85.46455792871282, 19.842544017247562], [85.46455792871282, 19.83356090549765]]]}, "properties": {"depth_m": 0.12, "severity": "Minor", "elevation_m": 2.52, "dist_to_coast_km": 17.7, "district": "Puri"}}, {"type": "Feature", "geometry": {"type": "Polygon", "coordinates": [[[85.52197059942938, 19.83356090549765], [85.53153937788215, 19.83356090549765], [85.53153937788215, 19.842544017247562], [85.52197059942938, 19.842544017247562], [85.52197059942938, 19.83356090549765]]]}, "properties": {"depth_m": 0.26, "severity": "Minor", "elevation_m": 2.34, "dist_to_coast_km": 16.2, "district": "Puri"}}, {"type": "Feature", "geometry": {"type": "Polygon", "coordinates": [[[85.53153937788215, 19.83356090549765], [85.5411081563349, 19.83356090549765], [85.5411081563349, 19.842544017247562], [85.53153937788215, 19.842544017247562], [85.53153937788215, 19.83356090549765]]]}, "properties": {"depth_m": 0.43, "severity": "Moderate (Impassable)", "elevation_m": 2.25, "dist_to_coast_km": 15.4, "district": "Puri"}}, {"type": "Feature", "geometry": {"type": "Polygon", "coordinates": [[[85.5411081563349, 19.83356090549765], [85.55067693478767, 19.83356090549765], [85.55067693478767, 19.842544017247562], [85.5411081563349, 19.842544017247562], [85.5411081563349, 19.83356090549765]]]}, "properties": {"depth_m": 0.6, "severity": "Moderate (Impassable)", "elevation_m": 2.16, "dist_to_coast_km": 14.6, "district": "Puri"}}, {"type": "Feature", "geometry": {"type": "Polygon", "coordinates": [[[85.55067693478767, 19.83356090549765], [85.56024571324042, 19.83356090549765], [85.56024571324042, 19.842544017247562], [85.55067693478767, 19.842544017247562], [85.55067693478767, 19.83356090549765]]]}, "properties": {"depth_m": 0.76, "severity": "Severe", "elevation_m": 2.07, "dist_to_coast_km": 13.9, "district": "Puri"}}, {"type": "Feature", "geometry": {"type": "Polygon", "coordinates": [[[85.56024571324042, 19.83356090549765], [85.5698144916932, 19.83356090549765], [85.5698144916932, 19.842544017247562], [85.56024571324042, 19.842544017247562], [85.56024571324042, 19.83356090549765]]]}, "properties": {"depth_m": 0.91, "severity": "Severe", "elevation_m": 1.99, "dist_to_coast_km": 13.2, "district": "Puri"}}, {"type": "Feature", "geometry": {"type": "Polygon", "coordinates": [[[85.5698144916932, 19.83356090549765], [85.57938327014594, 19.83356090549765], [85.57938327014594, 19.842544017247562], [85.5698144916932, 19.842544017247562], [85.5698144916932, 19.83356090549765]]]}, "properties": {"depth_m": 1.05, "severity": "Severe", "elevation_m": 1.91, "dist_to_coast_km": 12.6, "district": "Puri"}}, {"type": "Feature", "geometry": {"type": "Polygon", "coordinates": [[[85.57938327014594, 19.83356090549765], [85.58895204859871, 19.83356090549765], [85.58895204859871, 19.842544017247562], [85.57938327014594, 19.842544017247562], [85.57938327014594, 19.83356090549765]]]}, "properties": {"depth_m": 1.19, "severity": "Severe", "elevation_m": 1.84, "dist_to_coast_km": 12.0, "district": "Puri"}}, {"type": "Feature", "geometry": {"type": "Polygon", "coordinates": [[[85.58895204859871, 19.83356090549765], [85.59852082705146, 19.83356090549765], [85.59852082705146, 19.842544017247562], [85.58895204859871, 19.842544017247562], [85.58895204859871, 19.83356090549765]]]}, "properties": {"depth_m": 1.31, "severity": "Severe", "elevation_m": 1.77, "dist_to_coast_km": 11.4, "district": "Puri"}}, {"type": "Feature", "geometry": {"type": "Polygon", "coordinates": [[[85.59852082705146, 19.83356090549765], [85.60808960550423, 19.83356090549765], [85.60808960550423, 19.842544017247562], [85.59852082705146, 19.842544017247562], [85.59852082705146, 19.83356090549765]]]}, "properties": {"depth_m": 1.41, "severity": "Severe", "elevation_m": 1.71, "dist_to_coast_km": 10.9, "district": "Puri"}}, {"type": "Feature", "geometry": {"type": "Polygon", "coordinates": [[[85.60808960550423, 19.83356090549765], [85.61765838395698, 19.83356090549765], [85.61765838395698, 19.842544017247562], [85.60808960550423, 19.842544017247562], [85.60808960550423, 19.83356090549765]]]}, "properties": {"depth_m": 1.5, "severity": "Catastrophic", "elevation_m": 1.66, "dist_to_coast_km": 10.5, "district": "Puri"}}, {"type": "Feature", "geometry": {"type": "Polygon", "coordinates": [[[85.61765838395698, 19.83356090549765], [85.62722716240975, 19.83356090549765], [85.62722716240975, 19.842544017247562], [85.61765838395698, 19.842544017247562], [85.61765838395698, 19.83356090549765]]]}, "properties": {"depth_m": 1.57, "severity": "Catastrophic", "elevation_m": 1.62, "dist_to_coast_km": 10.2, "district": "Puri"}}, {"type": "Feature", "geometry": {"type": "Polygon", "coordinates": [[[85.62722716240975, 19.83356090549765], [85.6367959408625, 19.83356090549765], [85.6367959408625, 19.842544017247562], [85.62722716240975, 19.842544017247562], [85.62722716240975, 19.83356090549765]]]}, "properties": {"depth_m": 1.63, "severity": "Catastrophic", "elevation_m": 1.6, "dist_to_coast_km": 10.0, "district": "Puri"}}, {"type": "Feature", "geometry": {"type": "Polygon", "coordinates": [[[85.6367959408625, 19.83356090549765], [85.64636471931527, 19.83356090549765], [85.64636471931527, 19.842544017247562], [85.6367959408625, 19.842544017247562], [85.6367959408625, 19.83356090549765]]]}, "properties": {"depth_m": 1.66, "severity": "Catastrophic", "elevation_m": 1.58, "dist_to_coast_km": 9.8, "district": "Puri"}}, {"type": "Feature", "geometry": {"type": "Polygon", "coordinates": [[[85.64636471931527, 19.83356090549765], [85.65593349776802, 19.83356090549765], [85.65593349776802, 19.842544017247562], [85.64636471931527, 19.842544017247562], [85.64636471931527, 19.83356090549765]]]}, "properties": {"depth_m": 1.67, "severity": "Catastrophic", "elevation_m": 1.58, "dist_to_coast_km": 9.8, "district": "Puri"}}, {"type": "Feature", "geometry": {"type": "Polygon", "coordinates": [[[85.65593349776802, 19.83356090549765], [85.66550227622079, 19.83356090549765], [85.66550227622079, 19.842544017247562], [85.65593349776802, 19.842544017247562], [85.65593349776802, 19.83356090549765]]]}, "properties": {"depth_m": 1.65, "severity": "Catastrophic", "elevation_m": 1.58, "dist_to_coast_km": 9.9, "district": "Puri"}}, {"type": "Feature", "geometry": {"type": "Polygon", "coordinates": [[[85.66550227622079, 19.83356090549765], [85.67507105467354, 19.83356090549765], [85.67507105467354, 19.842544017247562], [85.66550227622079, 19.842544017247562], [85.66550227622079, 19.83356090549765]]]}, "properties": {"depth_m": 1.62, "severity": "Catastrophic", "elevation_m": 1.6, "dist_to_coast_km": 10.0, "district": "Puri"}}, {"type": "Feature", "geometry": {"type": "Polygon", "coordinates": [[[85.67507105467354, 19.83356090549765], [85.68463983312631, 19.83356090549765], [85.68463983312631, 19.842544017247562], [85.67507105467354, 19.842544017247562], [85.67507105467354, 19.83356090549765]]]}, "properties": {"depth_m": 1.56, "severity": "Catastrophic", "elevation_m": 1.63, "dist_to_coast_km": 10.3, "district": "Puri"}}, {"type": "Feature", "geometry": {"type": "Polygon", "coordinates": [[[85.68463983312631, 19.83356090549765], [85.69420861157906, 19.83356090549765], [85.69420861157906, 19.842544017247562], [85.68463983312631, 19.842544017247562], [85.68463983312631, 19.83356090549765]]]}, "properties": {"depth_m": 1.48, "severity": "Severe", "elevation_m": 1.67, "dist_to_coast_km": 10.6, "district": "Puri"}}, {"type": "Feature", "geometry": {"type": "Polygon", "coordinates": [[[85.69420861157906, 19.83356090549765], [85.70377739003183, 19.83356090549765], [85.70377739003183, 19.842544017247562], [85.69420861157906, 19.842544017247562], [85.69420861157906, 19.83356090549765]]]}, "properties": {"depth_m": 1.39, "severity": "Severe", "elevation_m": 1.73, "dist_to_coast_km": 11.1, "district": "Puri"}}, {"type": "Feature", "geometry": {"type": "Polygon", "coordinates": [[[85.70377739003183, 19.83356090549765], [85.71334616848458, 19.83356090549765], [85.71334616848458, 19.842544017247562], [85.70377739003183, 19.842544017247562], [85.70377739003183, 19.83356090549765]]]}, "properties": {"depth_m": 0.88, "severity": "Severe", "elevation_m": 2.19, "dist_to_coast_km": 11.6, "district": "Puri"}}, {"type": "Feature", "geometry": {"type": "Polygon", "coordinates": [[[85.71334616848458, 19.83356090549765], [85.72291494693735, 19.83356090549765], [85.72291494693735, 19.842544017247562], [85.71334616848458, 19.842544017247562], [85.71334616848458, 19.83356090549765]]]}, "properties": {"depth_m": 0.76, "severity": "Severe", "elevation_m": 2.25, "dist_to_coast_km": 12.1, "district": "Puri"}}, {"type": "Feature", "geometry": {"type": "Polygon", "coordinates": [[[85.75162128229562, 19.83356090549765], [85.76119006074839, 19.83356090549765], [85.76119006074839, 19.842544017247562], [85.75162128229562, 19.842544017247562], [85.75162128229562, 19.83356090549765]]]}, "properties": {"depth_m": 0.18, "severity": "Minor", "elevation_m": 1.85, "dist_to_coast_km": 8.8, "district": "Puri"}}, {"type": "Feature", "geometry": {"type": "Polygon", "coordinates": [[[85.76119006074839, 19.83356090549765], [85.77075883920114, 19.83356090549765], [85.77075883920114, 19.842544017247562], [85.76119006074839, 19.842544017247562], [85.76119006074839, 19.83356090549765]]]}, "properties": {"depth_m": 0.37, "severity": "Moderate (Impassable)", "elevation_m": 1.75, "dist_to_coast_km": 7.9, "district": "Puri"}}, {"type": "Feature", "geometry": {"type": "Polygon", "coordinates": [[[85.77075883920114, 19.83356090549765], [85.78032761765391, 19.83356090549765], [85.78032761765391, 19.842544017247562], [85.77075883920114, 19.842544017247562], [85.77075883920114, 19.83356090549765]]]}, "properties": {"depth_m": 0.55, "severity": "Moderate (Impassable)", "elevation_m": 1.65, "dist_to_coast_km": 7.1, "district": "Puri"}}, {"type": "Feature", "geometry": {"type": "Polygon", "coordinates": [[[85.78032761765391, 19.83356090549765], [85.78989639610666, 19.83356090549765], [85.78989639610666, 19.842544017247562], [85.78032761765391, 19.842544017247562], [85.78032761765391, 19.83356090549765]]]}, "properties": {"depth_m": 0.72, "severity": "Severe", "elevation_m": 1.56, "dist_to_coast_km": 6.3, "district": "Puri"}}, {"type": "Feature", "geometry": {"type": "Polygon", "coordinates": [[[85.78989639610666, 19.83356090549765], [85.79946517455943, 19.83356090549765], [85.79946517455943, 19.842544017247562], [85.78989639610666, 19.842544017247562], [85.78989639610666, 19.83356090549765]]]}, "properties": {"depth_m": 0.87, "severity": "Severe", "elevation_m": 1.47, "dist_to_coast_km": 5.6, "district": "Puri"}}, {"type": "Feature", "geometry": {"type": "Polygon", "coordinates": [[[85.79946517455943, 19.83356090549765], [85.80903395301218, 19.83356090549765], [85.80903395301218, 19.842544017247562], [85.79946517455943, 19.842544017247562], [85.79946517455943, 19.83356090549765]]]}, "properties": {"depth_m": 1.01, "severity": "Severe", "elevation_m": 1.4, "dist_to_coast_km": 5.0, "district": "Puri"}}, {"type": "Feature", "geometry": {"type": "Polygon", "coordinates": [[[85.80903395301218, 19.83356090549765], [85.81860273146495, 19.83356090549765], [85.81860273146495, 19.842544017247562], [85.80903395301218, 19.842544017247562], [85.80903395301218, 19.83356090549765]]]}, "properties": {"depth_m": 1.11, "severity": "Severe", "elevation_m": 1.35, "dist_to_coast_km": 4.6, "district": "Puri"}}, {"type": "Feature", "geometry": {"type": "Polygon", "coordinates": [[[85.81860273146495, 19.83356090549765], [85.8281715099177, 19.83356090549765], [85.8281715099177, 19.842544017247562], [85.81860273146495, 19.842544017247562], [85.81860273146495, 19.83356090549765]]]}, "properties": {"depth_m": 1.17, "severity": "Severe", "elevation_m": 1.31, "dist_to_coast_km": 4.3, "district": "Puri"}}, {"type": "Feature", "geometry": {"type": "Polygon", "coordinates": [[[85.8281715099177, 19.83356090549765], [85.83774028837047, 19.83356090549765], [85.83774028837047, 19.842544017247562], [85.8281715099177, 19.842544017247562], [85.8281715099177, 19.83356090549765]]]}, "properties": {"depth_m": 1.18, "severity": "Severe", "elevation_m": 1.31, "dist_to_coast_km": 4.2, "district": "Puri"}}, {"type": "Feature", "geometry": {"type": "Polygon", "coordinates": [[[85.83774028837047, 19.83356090549765], [85.84730906682321, 19.83356090549765], [85.84730906682321, 19.842544017247562], [85.83774028837047, 19.842544017247562], [85.83774028837047, 19.83356090549765]]]}, "properties": {"depth_m": 1.14, "severity": "Severe", "elevation_m": 1.33, "dist_to_coast_km": 4.4, "district": "Puri"}}, {"type": "Feature", "geometry": {"type": "Polygon", "coordinates": [[[85.84730906682321, 19.83356090549765], [85.85687784527599, 19.83356090549765], [85.85687784527599, 19.842544017247562], [85.84730906682321, 19.842544017247562], [85.84730906682321, 19.83356090549765]]]}, "properties": {"depth_m": 1.05, "severity": "Severe", "elevation_m": 1.38, "dist_to_coast_km": 4.8, "district": "Puri"}}, {"type": "Feature", "geometry": {"type": "Polygon", "coordinates": [[[85.85687784527599, 19.83356090549765], [85.86644662372873, 19.83356090549765], [85.86644662372873, 19.842544017247562], [85.85687784527599, 19.842544017247562], [85.85687784527599, 19.83356090549765]]]}, "properties": {"depth_m": 0.93, "severity": "Severe", "elevation_m": 1.44, "dist_to_coast_km": 5.4, "district": "Puri"}}, {"type": "Feature", "geometry": {"type": "Polygon", "coordinates": [[[85.86644662372873, 19.83356090549765], [85.87601540218151, 19.83356090549765], [85.87601540218151, 19.842544017247562], [85.86644662372873, 19.842544017247562], [85.86644662372873, 19.83356090549765]]]}, "properties": {"depth_m": 0.78, "severity": "Severe", "elevation_m": 1.53, "dist_to_coast_km": 6.0, "district": "Puri"}}, {"type": "Feature", "geometry": {"type": "Polygon", "coordinates": [[[85.87601540218151, 19.83356090549765], [85.88558418063425, 19.83356090549765], [85.88558418063425, 19.842544017247562], [85.87601540218151, 19.842544017247562], [85.87601540218151, 19.83356090549765]]]}, "properties": {"depth_m": 0.62, "severity": "Severe", "elevation_m": 1.62, "dist_to_coast_km": 6.8, "district": "Puri"}}, {"type": "Feature", "geometry": {"type": "Polygon", "coordinates": [[[85.88558418063425, 19.83356090549765], [85.89515295908703, 19.83356090549765], [85.89515295908703, 19.842544017247562], [85.88558418063425, 19.842544017247562], [85.88558418063425, 19.83356090549765]]]}, "properties": {"depth_m": 0.44, "severity": "Moderate (Impassable)", "elevation_m": 1.71, "dist_to_coast_km": 7.6, "district": "Puri"}}, {"type": "Feature", "geometry": {"type": "Polygon", "coordinates": [[[85.89515295908703, 19.83356090549765], [85.90472173753977, 19.83356090549765], [85.90472173753977, 19.842544017247562], [85.89515295908703, 19.842544017247562], [85.89515295908703, 19.83356090549765]]]}, "properties": {"depth_m": 0.25, "severity": "Minor", "elevation_m": 1.81, "dist_to_coast_km": 8.5, "district": "Puri"}}, {"type": "Feature", "geometry": {"type": "Polygon", "coordinates": [[[86.00997830052015, 19.83356090549765], [86.01954707897289, 19.83356090549765], [86.01954707897289, 19.842544017247562], [86.00997830052015, 19.842544017247562], [86.00997830052015, 19.83356090549765]]]}, "properties": {"depth_m": 0.11, "severity": "Minor", "elevation_m": 1.41, "dist_to_coast_km": 5.1, "district": "Puri"}}, {"type": "Feature", "geometry": {"type": "Polygon", "coordinates": [[[86.01954707897289, 19.83356090549765], [86.02911585742567, 19.83356090549765], [86.02911585742567, 19.842544017247562], [86.01954707897289, 19.842544017247562], [86.01954707897289, 19.83356090549765]]]}, "properties": {"depth_m": 0.26, "severity": "Minor", "elevation_m": 1.33, "dist_to_coast_km": 4.5, "district": "Puri"}}, {"type": "Feature", "geometry": {"type": "Polygon", "coordinates": [[[86.02911585742567, 19.83356090549765], [86.03868463587841, 19.83356090549765], [86.03868463587841, 19.842544017247562], [86.02911585742567, 19.842544017247562], [86.02911585742567, 19.83356090549765]]]}, "properties": {"depth_m": 0.38, "severity": "Moderate (Impassable)", "elevation_m": 1.27, "dist_to_coast_km": 3.9, "district": "Puri"}}, {"type": "Feature", "geometry": {"type": "Polygon", "coordinates": [[[86.03868463587841, 19.83356090549765], [86.04825341433119, 19.83356090549765], [86.04825341433119, 19.842544017247562], [86.03868463587841, 19.842544017247562], [86.03868463587841, 19.83356090549765]]]}, "properties": {"depth_m": 0.44, "severity": "Moderate (Impassable)", "elevation_m": 1.23, "dist_to_coast_km": 3.6, "district": "Puri"}}, {"type": "Feature", "geometry": {"type": "Polygon", "coordinates": [[[86.04825341433119, 19.83356090549765], [86.05782219278393, 19.83356090549765], [86.05782219278393, 19.842544017247562], [86.04825341433119, 19.842544017247562], [86.04825341433119, 19.83356090549765]]]}, "properties": {"depth_m": 0.46, "severity": "Moderate (Impassable)", "elevation_m": 1.23, "dist_to_coast_km": 3.6, "district": "Puri"}}, {"type": "Feature", "geometry": {"type": "Polygon", "coordinates": [[[86.05782219278393, 19.83356090549765], [86.0673909712367, 19.83356090549765], [86.0673909712367, 19.842544017247562], [86.05782219278393, 19.842544017247562], [86.05782219278393, 19.83356090549765]]]}, "properties": {"depth_m": 0.41, "severity": "Moderate (Impassable)", "elevation_m": 1.25, "dist_to_coast_km": 3.8, "district": "Puri"}}, {"type": "Feature", "geometry": {"type": "Polygon", "coordinates": [[[86.0673909712367, 19.83356090549765], [86.07695974968945, 19.83356090549765], [86.07695974968945, 19.842544017247562], [86.0673909712367, 19.842544017247562], [86.0673909712367, 19.83356090549765]]]}, "properties": {"depth_m": 0.31, "severity": "Moderate (Impassable)", "elevation_m": 1.31, "dist_to_coast_km": 4.2, "district": "Puri"}}, {"type": "Feature", "geometry": {"type": "Polygon", "coordinates": [[[86.07695974968945, 19.83356090549765], [86.08652852814222, 19.83356090549765], [86.08652852814222, 19.842544017247562], [86.07695974968945, 19.842544017247562], [86.07695974968945, 19.83356090549765]]]}, "properties": {"depth_m": 0.17, "severity": "Minor", "elevation_m": 1.38, "dist_to_coast_km": 4.9, "district": "Puri"}}, {"type": "Feature", "geometry": {"type": "Polygon", "coordinates": [[[85.52197059942938, 19.842544017247562], [85.53153937788215, 19.842544017247562], [85.53153937788215, 19.851527128997468], [85.52197059942938, 19.851527128997468], [85.52197059942938, 19.842544017247562]]]}, "properties": {"depth_m": 0.12, "severity": "Minor", "elevation_m": 2.42, "dist_to_coast_km": 16.8, "district": "Puri"}}, {"type": "Feature", "geometry": {"type": "Polygon", "coordinates": [[[85.53153937788215, 19.842544017247562], [85.5411081563349, 19.842544017247562], [85.5411081563349, 19.851527128997468], [85.53153937788215, 19.851527128997468], [85.53153937788215, 19.842544017247562]]]}, "properties": {"depth_m": 0.29, "severity": "Minor", "elevation_m": 2.33, "dist_to_coast_km": 16.1, "district": "Puri"}}, {"type": "Feature", "geometry": {"type": "Polygon", "coordinates": [[[85.5411081563349, 19.842544017247562], [85.55067693478767, 19.842544017247562], [85.55067693478767, 19.851527128997468], [85.5411081563349, 19.851527128997468], [85.5411081563349, 19.842544017247562]]]}, "properties": {"depth_m": 0.45, "severity": "Moderate (Impassable)", "elevation_m": 2.24, "dist_to_coast_km": 15.3, "district": "Puri"}}, {"type": "Feature", "geometry": {"type": "Polygon", "coordinates": [[[85.55067693478767, 19.842544017247562], [85.56024571324042, 19.842544017247562], [85.56024571324042, 19.851527128997468], [85.55067693478767, 19.851527128997468], [85.55067693478767, 19.842544017247562]]]}, "properties": {"depth_m": 0.6, "severity": "Moderate (Impassable)", "elevation_m": 2.16, "dist_to_coast_km": 14.6, "district": "Puri"}}, {"type": "Feature", "geometry": {"type": "Polygon", "coordinates": [[[85.56024571324042, 19.842544017247562], [85.5698144916932, 19.842544017247562], [85.5698144916932, 19.851527128997468], [85.56024571324042, 19.851527128997468], [85.56024571324042, 19.842544017247562]]]}, "properties": {"depth_m": 0.74, "severity": "Severe", "elevation_m": 2.08, "dist_to_coast_km": 14.0, "district": "Puri"}}, {"type": "Feature", "geometry": {"type": "Polygon", "coordinates": [[[85.5698144916932, 19.842544017247562], [85.57938327014594, 19.842544017247562], [85.57938327014594, 19.851527128997468], [85.5698144916932, 19.851527128997468], [85.5698144916932, 19.842544017247562]]]}, "properties": {"depth_m": 0.88, "severity": "Severe", "elevation_m": 2.0, "dist_to_coast_km": 13.4, "district": "Puri"}}, {"type": "Feature", "geometry": {"type": "Polygon", "coordinates": [[[85.57938327014594, 19.842544017247562], [85.58895204859871, 19.842544017247562], [85.58895204859871, 19.851527128997468], [85.57938327014594, 19.851527128997468], [85.57938327014594, 19.842544017247562]]]}, "properties": {"depth_m": 1.0, "severity": "Severe", "elevation_m": 1.94, "dist_to_coast_km": 12.8, "district": "Puri"}}, {"type": "Feature", "geometry": {"type": "Polygon", "coordinates": [[[85.58895204859871, 19.842544017247562], [85.59852082705146, 19.842544017247562], [85.59852082705146, 19.851527128997468], [85.58895204859871, 19.851527128997468], [85.58895204859871, 19.842544017247562]]]}, "properties": {"depth_m": 1.12, "severity": "Severe", "elevation_m": 1.87, "dist_to_coast_km": 12.3, "district": "Puri"}}, {"type": "Feature", "geometry": {"type": "Polygon", "coordinates": [[[85.59852082705146, 19.842544017247562], [85.60808960550423, 19.842544017247562], [85.60808960550423, 19.851527128997468], [85.59852082705146, 19.851527128997468], [85.59852082705146, 19.842544017247562]]]}, "properties": {"depth_m": 1.21, "severity": "Severe", "elevation_m": 1.82, "dist_to_coast_km": 11.8, "district": "Puri"}}, {"type": "Feature", "geometry": {"type": "Polygon", "coordinates": [[[85.60808960550423, 19.842544017247562], [85.61765838395698, 19.842544017247562], [85.61765838395698, 19.851527128997468], [85.60808960550423, 19.851527128997468], [85.60808960550423, 19.842544017247562]]]}, "properties": {"depth_m": 1.3, "severity": "Severe", "elevation_m": 1.78, "dist_to_coast_km": 11.5, "district": "Puri"}}, {"type": "Feature", "geometry": {"type": "Polygon", "coordinates": [[[85.61765838395698, 19.842544017247562], [85.62722716240975, 19.842544017247562], [85.62722716240975, 19.851527128997468], [85.61765838395698, 19.851527128997468], [85.61765838395698, 19.842544017247562]]]}, "properties": {"depth_m": 1.36, "severity": "Severe", "elevation_m": 1.74, "dist_to_coast_km": 11.2, "district": "Puri"}}, {"type": "Feature", "geometry": {"type": "Polygon", "coordinates": [[[85.62722716240975, 19.842544017247562], [85.6367959408625, 19.842544017247562], [85.6367959408625, 19.851527128997468], [85.62722716240975, 19.851527128997468], [85.62722716240975, 19.842544017247562]]]}, "properties": {"depth_m": 1.41, "severity": "Severe", "elevation_m": 1.71, "dist_to_coast_km": 11.0, "district": "Puri"}}, {"type": "Feature", "geometry": {"type": "Polygon", "coordinates": [[[85.6367959408625, 19.842544017247562], [85.64636471931527, 19.842544017247562], [85.64636471931527, 19.851527128997468], [85.6367959408625, 19.851527128997468], [85.6367959408625, 19.842544017247562]]]}, "properties": {"depth_m": 1.44, "severity": "Severe", "elevation_m": 1.7, "dist_to_coast_km": 10.8, "district": "Puri"}}, {"type": "Feature", "geometry": {"type": "Polygon", "coordinates": [[[85.64636471931527, 19.842544017247562], [85.65593349776802, 19.842544017247562], [85.65593349776802, 19.851527128997468], [85.64636471931527, 19.851527128997468], [85.64636471931527, 19.842544017247562]]]}, "properties": {"depth_m": 1.45, "severity": "Severe", "elevation_m": 1.69, "dist_to_coast_km": 10.8, "district": "Puri"}}, {"type": "Feature", "geometry": {"type": "Polygon", "coordinates": [[[85.65593349776802, 19.842544017247562], [85.66550227622079, 19.842544017247562], [85.66550227622079, 19.851527128997468], [85.65593349776802, 19.851527128997468], [85.65593349776802, 19.842544017247562]]]}, "properties": {"depth_m": 1.43, "severity": "Severe", "elevation_m": 1.7, "dist_to_coast_km": 10.8, "district": "Puri"}}, {"type": "Feature", "geometry": {"type": "Polygon", "coordinates": [[[85.66550227622079, 19.842544017247562], [85.67507105467354, 19.842544017247562], [85.67507105467354, 19.851527128997468], [85.66550227622079, 19.851527128997468], [85.66550227622079, 19.842544017247562]]]}, "properties": {"depth_m": 1.4, "severity": "Severe", "elevation_m": 1.72, "dist_to_coast_km": 11.0, "district": "Puri"}}, {"type": "Feature", "geometry": {"type": "Polygon", "coordinates": [[[85.67507105467354, 19.842544017247562], [85.68463983312631, 19.842544017247562], [85.68463983312631, 19.851527128997468], [85.67507105467354, 19.851527128997468], [85.67507105467354, 19.842544017247562]]]}, "properties": {"depth_m": 1.35, "severity": "Severe", "elevation_m": 1.75, "dist_to_coast_km": 11.2, "district": "Puri"}}, {"type": "Feature", "geometry": {"type": "Polygon", "coordinates": [[[85.68463983312631, 19.842544017247562], [85.69420861157906, 19.842544017247562], [85.69420861157906, 19.851527128997468], [85.68463983312631, 19.851527128997468], [85.68463983312631, 19.842544017247562]]]}, "properties": {"depth_m": 1.28, "severity": "Severe", "elevation_m": 1.79, "dist_to_coast_km": 11.6, "district": "Puri"}}, {"type": "Feature", "geometry": {"type": "Polygon", "coordinates": [[[85.69420861157906, 19.842544017247562], [85.70377739003183, 19.842544017247562], [85.70377739003183, 19.851527128997468], [85.69420861157906, 19.851527128997468], [85.69420861157906, 19.842544017247562]]]}, "properties": {"depth_m": 1.19, "severity": "Severe", "elevation_m": 1.83, "dist_to_coast_km": 11.9, "district": "Puri"}}, {"type": "Feature", "geometry": {"type": "Polygon", "coordinates": [[[85.70377739003183, 19.842544017247562], [85.71334616848458, 19.842544017247562], [85.71334616848458, 19.851527128997468], [85.70377739003183, 19.851527128997468], [85.70377739003183, 19.842544017247562]]]}, "properties": {"depth_m": 0.69, "severity": "Severe", "elevation_m": 2.29, "dist_to_coast_km": 12.4, "district": "Puri"}}, {"type": "Feature", "geometry": {"type": "Polygon", "coordinates": [[[85.76119006074839, 19.842544017247562], [85.77075883920114, 19.842544017247562], [85.77075883920114, 19.851527128997468], [85.76119006074839, 19.851527128997468], [85.76119006074839, 19.842544017247562]]]}, "properties": {"depth_m": 0.24, "severity": "Minor", "elevation_m": 1.82, "dist_to_coast_km": 8.5, "district": "Puri"}}, {"type": "Feature", "geometry": {"type": "Polygon", "coordinates": [[[85.77075883920114, 19.842544017247562], [85.78032761765391, 19.842544017247562], [85.78032761765391, 19.851527128997468], [85.77075883920114, 19.851527128997468], [85.77075883920114, 19.842544017247562]]]}, "properties": {"depth_m": 0.41, "severity": "Moderate (Impassable)", "elevation_m": 1.73, "dist_to_coast_km": 7.7, "district": "Puri"}}, {"type": "Feature", "geometry": {"type": "Polygon", "coordinates": [[[85.78032761765391, 19.842544017247562], [85.78989639610666, 19.842544017247562], [85.78989639610666, 19.851527128997468], [85.78032761765391, 19.851527128997468], [85.78032761765391, 19.842544017247562]]]}, "properties": {"depth_m": 0.56, "severity": "Moderate (Impassable)", "elevation_m": 1.64, "dist_to_coast_km": 7.0, "district": "Puri"}}, {"type": "Feature", "geometry": {"type": "Polygon", "coordinates": [[[85.78989639610666, 19.842544017247562], [85.79946517455943, 19.842544017247562], [85.79946517455943, 19.851527128997468], [85.78989639610666, 19.851527128997468], [85.78989639610666, 19.842544017247562]]]}, "properties": {"depth_m": 0.7, "severity": "Severe", "elevation_m": 1.57, "dist_to_coast_km": 6.4, "district": "Puri"}}, {"type": "Feature", "geometry": {"type": "Polygon", "coordinates": [[[85.79946517455943, 19.842544017247562], [85.80903395301218, 19.842544017247562], [85.80903395301218, 19.851527128997468], [85.79946517455943, 19.851527128997468], [85.79946517455943, 19.842544017247562]]]}, "properties": {"depth_m": 0.82, "severity": "Severe", "elevation_m": 1.51, "dist_to_coast_km": 5.9, "district": "Puri"}}, {"type": "Feature", "geometry": {"type": "Polygon", "coordinates": [[[85.80903395301218, 19.842544017247562], [85.81860273146495, 19.842544017247562], [85.81860273146495, 19.851527128997468], [85.80903395301218, 19.851527128997468], [85.80903395301218, 19.842544017247562]]]}, "properties": {"depth_m": 0.9, "severity": "Severe", "elevation_m": 1.46, "dist_to_coast_km": 5.5, "district": "Puri"}}, {"type": "Feature", "geometry": {"type": "Polygon", "coordinates": [[[85.81860273146495, 19.842544017247562], [85.8281715099177, 19.842544017247562], [85.8281715099177, 19.851527128997468], [85.81860273146495, 19.851527128997468], [85.81860273146495, 19.842544017247562]]]}, "properties": {"depth_m": 0.95, "severity": "Severe", "elevation_m": 1.43, "dist_to_coast_km": 5.3, "district": "Puri"}}, {"type": "Feature", "geometry": {"type": "Polygon", "coordinates": [[[85.8281715099177, 19.842544017247562], [85.83774028837047, 19.842544017247562], [85.83774028837047, 19.851527128997468], [85.8281715099177, 19.851527128997468], [85.8281715099177, 19.842544017247562]]]}, "properties": {"depth_m": 0.96, "severity": "Severe", "elevation_m": 1.43, "dist_to_coast_km": 5.2, "district": "Puri"}}, {"type": "Feature", "geometry": {"type": "Polygon", "coordinates": [[[85.83774028837047, 19.842544017247562], [85.84730906682321, 19.842544017247562], [85.84730906682321, 19.851527128997468], [85.83774028837047, 19.851527128997468], [85.83774028837047, 19.842544017247562]]]}, "properties": {"depth_m": 0.92, "severity": "Severe", "elevation_m": 1.45, "dist_to_coast_km": 5.4, "district": "Puri"}}, {"type": "Feature", "geometry": {"type": "Polygon", "coordinates": [[[85.84730906682321, 19.842544017247562], [85.85687784527599, 19.842544017247562], [85.85687784527599, 19.851527128997468], [85.84730906682321, 19.851527128997468], [85.84730906682321, 19.842544017247562]]]}, "properties": {"depth_m": 0.85, "severity": "Severe", "elevation_m": 1.49, "dist_to_coast_km": 5.7, "district": "Puri"}}, {"type": "Feature", "geometry": {"type": "Polygon", "coordinates": [[[85.85687784527599, 19.842544017247562], [85.86644662372873, 19.842544017247562], [85.86644662372873, 19.851527128997468], [85.85687784527599, 19.851527128997468], [85.85687784527599, 19.842544017247562]]]}, "properties": {"depth_m": 0.75, "severity": "Severe", "elevation_m": 1.54, "dist_to_coast_km": 6.2, "district": "Puri"}}, {"type": "Feature", "geometry": {"type": "Polygon", "coordinates": [[[85.86644662372873, 19.842544017247562], [85.87601540218151, 19.842544017247562], [85.87601540218151, 19.851527128997468], [85.86644662372873, 19.851527128997468], [85.86644662372873, 19.842544017247562]]]}, "properties": {"depth_m": 0.62, "severity": "Severe", "elevation_m": 1.61, "dist_to_coast_km": 6.8, "district": "Puri"}}, {"type": "Feature", "geometry": {"type": "Polygon", "coordinates": [[[85.87601540218151, 19.842544017247562], [85.88558418063425, 19.842544017247562], [85.88558418063425, 19.851527128997468], [85.87601540218151, 19.851527128997468], [85.87601540218151, 19.842544017247562]]]}, "properties": {"depth_m": 0.47, "severity": "Moderate (Impassable)", "elevation_m": 1.69, "dist_to_coast_km": 7.5, "district": "Puri"}}, {"type": "Feature", "geometry": {"type": "Polygon", "coordinates": [[[85.88558418063425, 19.842544017247562], [85.89515295908703, 19.842544017247562], [85.89515295908703, 19.851527128997468], [85.88558418063425, 19.851527128997468], [85.88558418063425, 19.842544017247562]]]}, "properties": {"depth_m": 0.31, "severity": "Moderate (Impassable)", "elevation_m": 1.78, "dist_to_coast_km": 8.2, "district": "Puri"}}, {"type": "Feature", "geometry": {"type": "Polygon", "coordinates": [[[85.89515295908703, 19.842544017247562], [85.90472173753977, 19.842544017247562], [85.90472173753977, 19.851527128997468], [85.89515295908703, 19.851527128997468], [85.89515295908703, 19.842544017247562]]]}, "properties": {"depth_m": 0.13, "severity": "Minor", "elevation_m": 1.88, "dist_to_coast_km": 9.0, "district": "Puri"}}, {"type": "Feature", "geometry": {"type": "Polygon", "coordinates": [[[86.00997830052015, 19.842544017247562], [86.01954707897289, 19.842544017247562], [86.01954707897289, 19.851527128997468], [86.00997830052015, 19.851527128997468], [86.00997830052015, 19.842544017247562]]]}, "properties": {"depth_m": 0.25, "severity": "Minor", "elevation_m": 1.34, "dist_to_coast_km": 4.5, "district": "Puri"}}, {"type": "Feature", "geometry": {"type": "Polygon", "coordinates": [[[86.01954707897289, 19.842544017247562], [86.02911585742567, 19.842544017247562], [86.02911585742567, 19.851527128997468], [86.01954707897289, 19.851527128997468], [86.01954707897289, 19.842544017247562]]]}, "properties": {"depth_m": 0.42, "severity": "Moderate (Impassable)", "elevation_m": 1.24, "dist_to_coast_km": 3.7, "district": "Puri"}}, {"type": "Feature", "geometry": {"type": "Polygon", "coordinates": [[[86.02911585742567, 19.842544017247562], [86.03868463587841, 19.842544017247562], [86.03868463587841, 19.851527128997468], [86.02911585742567, 19.851527128997468], [86.02911585742567, 19.842544017247562]]]}, "properties": {"depth_m": 0.57, "severity": "Moderate (Impassable)", "elevation_m": 1.17, "dist_to_coast_km": 3.1, "district": "Puri"}}, {"type": "Feature", "geometry": {"type": "Polygon", "coordinates": [[[86.03868463587841, 19.842544017247562], [86.04825341433119, 19.842544017247562], [86.04825341433119, 19.851527128997468], [86.03868463587841, 19.851527128997468], [86.03868463587841, 19.842544017247562]]]}, "properties": {"depth_m": 0.66, "severity": "Severe", "elevation_m": 1.12, "dist_to_coast_km": 2.6, "district": "Puri"}}, {"type": "Feature", "geometry": {"type": "Polygon", "coordinates": [[[86.04825341433119, 19.842544017247562], [86.05782219278393, 19.842544017247562], [86.05782219278393, 19.851527128997468], [86.04825341433119, 19.851527128997468], [86.04825341433119, 19.842544017247562]]]}, "properties": {"depth_m": 0.67, "severity": "Severe", "elevation_m": 1.11, "dist_to_coast_km": 2.6, "district": "Puri"}}, {"type": "Feature", "geometry": {"type": "Polygon", "coordinates": [[[86.05782219278393, 19.842544017247562], [86.0673909712367, 19.842544017247562], [86.0673909712367, 19.851527128997468], [86.05782219278393, 19.851527128997468], [86.05782219278393, 19.842544017247562]]]}, "properties": {"depth_m": 0.61, "severity": "Severe", "elevation_m": 1.14, "dist_to_coast_km": 2.9, "district": "Puri"}}, {"type": "Feature", "geometry": {"type": "Polygon", "coordinates": [[[86.0673909712367, 19.842544017247562], [86.07695974968945, 19.842544017247562], [86.07695974968945, 19.851527128997468], [86.0673909712367, 19.851527128997468], [86.0673909712367, 19.842544017247562]]]}, "properties": {"depth_m": 0.48, "severity": "Moderate (Impassable)", "elevation_m": 1.21, "dist_to_coast_km": 3.4, "district": "Puri"}}, {"type": "Feature", "geometry": {"type": "Polygon", "coordinates": [[[86.07695974968945, 19.842544017247562], [86.08652852814222, 19.842544017247562], [86.08652852814222, 19.851527128997468], [86.07695974968945, 19.851527128997468], [86.07695974968945, 19.842544017247562]]]}, "properties": {"depth_m": 0.32, "severity": "Moderate (Impassable)", "elevation_m": 1.3, "dist_to_coast_km": 4.2, "district": "Puri"}}, {"type": "Feature", "geometry": {"type": "Polygon", "coordinates": [[[86.08652852814222, 19.842544017247562], [86.09609730659497, 19.842544017247562], [86.09609730659497, 19.851527128997468], [86.08652852814222, 19.851527128997468], [86.08652852814222, 19.842544017247562]]]}, "properties": {"depth_m": 0.14, "severity": "Minor", "elevation_m": 1.4, "dist_to_coast_km": 5.0, "district": "Puri"}}, {"type": "Feature", "geometry": {"type": "Polygon", "coordinates": [[[85.53153937788215, 19.851527128997468], [85.5411081563349, 19.851527128997468], [85.5411081563349, 19.86051024074738], [85.53153937788215, 19.86051024074738], [85.53153937788215, 19.851527128997468]]]}, "properties": {"depth_m": 0.14, "severity": "Minor", "elevation_m": 2.41, "dist_to_coast_km": 16.7, "district": "Puri"}}, {"type": "Feature", "geometry": {"type": "Polygon", "coordinates": [[[85.5411081563349, 19.851527128997468], [85.55067693478767, 19.851527128997468], [85.55067693478767, 19.86051024074738], [85.5411081563349, 19.86051024074738], [85.5411081563349, 19.851527128997468]]]}, "properties": {"depth_m": 0.29, "severity": "Minor", "elevation_m": 2.33, "dist_to_coast_km": 16.0, "district": "Puri"}}, {"type": "Feature", "geometry": {"type": "Polygon", "coordinates": [[[85.55067693478767, 19.851527128997468], [85.56024571324042, 19.851527128997468], [85.56024571324042, 19.86051024074738], [85.55067693478767, 19.86051024074738], [85.55067693478767, 19.851527128997468]]]}, "properties": {"depth_m": 0.43, "severity": "Moderate (Impassable)", "elevation_m": 2.25, "dist_to_coast_km": 15.4, "district": "Puri"}}, {"type": "Feature", "geometry": {"type": "Polygon", "coordinates": [[[85.56024571324042, 19.851527128997468], [85.5698144916932, 19.851527128997468], [85.5698144916932, 19.86051024074738], [85.56024571324042, 19.86051024074738], [85.56024571324042, 19.851527128997468]]]}, "properties": {"depth_m": 0.57, "severity": "Moderate (Impassable)", "elevation_m": 2.17, "dist_to_coast_km": 14.8, "district": "Puri"}}, {"type": "Feature", "geometry": {"type": "Polygon", "coordinates": [[[85.5698144916932, 19.851527128997468], [85.57938327014594, 19.851527128997468], [85.57938327014594, 19.86051024074738], [85.5698144916932, 19.86051024074738], [85.5698144916932, 19.851527128997468]]]}, "properties": {"depth_m": 0.7, "severity": "Severe", "elevation_m": 2.1, "dist_to_coast_km": 14.2, "district": "Puri"}}, {"type": "Feature", "geometry": {"type": "Polygon", "coordinates": [[[85.57938327014594, 19.851527128997468], [85.58895204859871, 19.851527128997468], [85.58895204859871, 19.86051024074738], [85.57938327014594, 19.86051024074738], [85.57938327014594, 19.851527128997468]]]}, "properties": {"depth_m": 0.82, "severity": "Severe", "elevation_m": 2.04, "dist_to_coast_km": 13.7, "district": "Puri"}}, {"type": "Feature", "geometry": {"type": "Polygon", "coordinates": [[[85.58895204859871, 19.851527128997468], [85.59852082705146, 19.851527128997468], [85.59852082705146, 19.86051024074738], [85.58895204859871, 19.86051024074738], [85.58895204859871, 19.851527128997468]]]}, "properties": {"depth_m": 0.92, "severity": "Severe", "elevation_m": 1.98, "dist_to_coast_km": 13.2, "district": "Puri"}}, {"type": "Feature", "geometry": {"type": "Polygon", "coordinates": [[[85.59852082705146, 19.851527128997468], [85.60808960550423, 19.851527128997468], [85.60808960550423, 19.86051024074738], [85.59852082705146, 19.86051024074738], [85.59852082705146, 19.851527128997468]]]}, "properties": {"depth_m": 1.01, "severity": "Severe", "elevation_m": 1.93, "dist_to_coast_km": 12.8, "district": "Puri"}}, {"type": "Feature", "geometry": {"type": "Polygon", "coordinates": [[[85.60808960550423, 19.851527128997468], [85.61765838395698, 19.851527128997468], [85.61765838395698, 19.86051024074738], [85.60808960550423, 19.86051024074738], [85.60808960550423, 19.851527128997468]]]}, "properties": {"depth_m": 1.09, "severity": "Severe", "elevation_m": 1.89, "dist_to_coast_km": 12.4, "district": "Puri"}}, {"type": "Feature", "geometry": {"type": "Polygon", "coordinates": [[[85.61765838395698, 19.851527128997468], [85.62722716240975, 19.851527128997468], [85.62722716240975, 19.86051024074738], [85.61765838395698, 19.86051024074738], [85.61765838395698, 19.851527128997468]]]}, "properties": {"depth_m": 1.15, "severity": "Severe", "elevation_m": 1.86, "dist_to_coast_km": 12.1, "district": "Puri"}}, {"type": "Feature", "geometry": {"type": "Polygon", "coordinates": [[[85.62722716240975, 19.851527128997468], [85.6367959408625, 19.851527128997468], [85.6367959408625, 19.86051024074738], [85.62722716240975, 19.86051024074738], [85.62722716240975, 19.851527128997468]]]}, "properties": {"depth_m": 1.19, "severity": "Severe", "elevation_m": 1.83, "dist_to_coast_km": 11.9, "district": "Puri"}}, {"type": "Feature", "geometry": {"type": "Polygon", "coordinates": [[[85.6367959408625, 19.851527128997468], [85.64636471931527, 19.851527128997468], [85.64636471931527, 19.86051024074738], [85.6367959408625, 19.86051024074738], [85.6367959408625, 19.851527128997468]]]}, "properties": {"depth_m": 1.22, "severity": "Severe", "elevation_m": 1.82, "dist_to_coast_km": 11.8, "district": "Puri"}}, {"type": "Feature", "geometry": {"type": "Polygon", "coordinates": [[[85.64636471931527, 19.851527128997468], [85.65593349776802, 19.851527128997468], [85.65593349776802, 19.86051024074738], [85.64636471931527, 19.86051024074738], [85.64636471931527, 19.851527128997468]]]}, "properties": {"depth_m": 1.23, "severity": "Severe", "elevation_m": 1.81, "dist_to_coast_km": 11.8, "district": "Puri"}}, {"type": "Feature", "geometry": {"type": "Polygon", "coordinates": [[[85.65593349776802, 19.851527128997468], [85.66550227622079, 19.851527128997468], [85.66550227622079, 19.86051024074738], [85.65593349776802, 19.86051024074738], [85.65593349776802, 19.851527128997468]]]}, "properties": {"depth_m": 1.21, "severity": "Severe", "elevation_m": 1.82, "dist_to_coast_km": 11.8, "district": "Puri"}}, {"type": "Feature", "geometry": {"type": "Polygon", "coordinates": [[[85.66550227622079, 19.851527128997468], [85.67507105467354, 19.851527128997468], [85.67507105467354, 19.86051024074738], [85.66550227622079, 19.86051024074738], [85.66550227622079, 19.851527128997468]]]}, "properties": {"depth_m": 1.18, "severity": "Severe", "elevation_m": 1.84, "dist_to_coast_km": 12.0, "district": "Puri"}}, {"type": "Feature", "geometry": {"type": "Polygon", "coordinates": [[[85.67507105467354, 19.851527128997468], [85.68463983312631, 19.851527128997468], [85.68463983312631, 19.86051024074738], [85.67507105467354, 19.86051024074738], [85.67507105467354, 19.851527128997468]]]}, "properties": {"depth_m": 1.14, "severity": "Severe", "elevation_m": 1.86, "dist_to_coast_km": 12.2, "district": "Puri"}}, {"type": "Feature", "geometry": {"type": "Polygon", "coordinates": [[[85.68463983312631, 19.851527128997468], [85.69420861157906, 19.851527128997468], [85.69420861157906, 19.86051024074738], [85.68463983312631, 19.86051024074738], [85.68463983312631, 19.851527128997468]]]}, "properties": {"depth_m": 1.07, "severity": "Severe", "elevation_m": 1.9, "dist_to_coast_km": 12.5, "district": "Puri"}}, {"type": "Feature", "geometry": {"type": "Polygon", "coordinates": [[[85.69420861157906, 19.851527128997468], [85.70377739003183, 19.851527128997468], [85.70377739003183, 19.86051024074738], [85.69420861157906, 19.86051024074738], [85.69420861157906, 19.851527128997468]]]}, "properties": {"depth_m": 0.99, "severity": "Severe", "elevation_m": 1.94, "dist_to_coast_km": 12.9, "district": "Puri"}}, {"type": "Feature", "geometry": {"type": "Polygon", "coordinates": [[[85.70377739003183, 19.851527128997468], [85.71334616848458, 19.851527128997468], [85.71334616848458, 19.86051024074738], [85.70377739003183, 19.86051024074738], [85.70377739003183, 19.851527128997468]]]}, "properties": {"depth_m": 0.5, "severity": "Moderate (Impassable)", "elevation_m": 2.39, "dist_to_coast_km": 13.3, "district": "Puri"}}, {"type": "Feature", "geometry": {"type": "Polygon", "coordinates": [[[85.77075883920114, 19.851527128997468], [85.78032761765391, 19.851527128997468], [85.78032761765391, 19.86051024074738], [85.77075883920114, 19.86051024074738], [85.77075883920114, 19.851527128997468]]]}, "properties": {"depth_m": 0.25, "severity": "Minor", "elevation_m": 1.81, "dist_to_coast_km": 8.4, "district": "Puri"}}, {"type": "Feature", "geometry": {"type": "Polygon", "coordinates": [[[85.78032761765391, 19.851527128997468], [85.78989639610666, 19.851527128997468], [85.78989639610666, 19.86051024074738], [85.78032761765391, 19.86051024074738], [85.78032761765391, 19.851527128997468]]]}, "properties": {"depth_m": 0.39, "severity": "Moderate (Impassable)", "elevation_m": 1.74, "dist_to_coast_km": 7.8, "district": "Puri"}}, {"type": "Feature", "geometry": {"type": "Polygon", "coordinates": [[[85.78989639610666, 19.851527128997468], [85.79946517455943, 19.851527128997468], [85.79946517455943, 19.86051024074738], [85.78989639610666, 19.86051024074738], [85.78989639610666, 19.851527128997468]]]}, "properties": {"depth_m": 0.52, "severity": "Moderate (Impassable)", "elevation_m": 1.67, "dist_to_coast_km": 7.2, "district": "Puri"}}, {"type": "Feature", "geometry": {"type": "Polygon", "coordinates": [[[85.79946517455943, 19.851527128997468], [85.80903395301218, 19.851527128997468], [85.80903395301218, 19.86051024074738], [85.79946517455943, 19.86051024074738], [85.79946517455943, 19.851527128997468]]]}, "properties": {"depth_m": 0.62, "severity": "Severe", "elevation_m": 1.61, "dist_to_coast_km": 6.8, "district": "Puri"}}, {"type": "Feature", "geometry": {"type": "Polygon", "coordinates": [[[85.80903395301218, 19.851527128997468], [85.81860273146495, 19.851527128997468], [85.81860273146495, 19.86051024074738], [85.80903395301218, 19.86051024074738], [85.80903395301218, 19.851527128997468]]]}, "properties": {"depth_m": 0.69, "severity": "Severe", "elevation_m": 1.57, "dist_to_coast_km": 6.5, "district": "Puri"}}, {"type": "Feature", "geometry": {"type": "Polygon", "coordinates": [[[85.81860273146495, 19.851527128997468], [85.8281715099177, 19.851527128997468], [85.8281715099177, 19.86051024074738], [85.81860273146495, 19.86051024074738], [85.81860273146495, 19.851527128997468]]]}, "properties": {"depth_m": 0.73, "severity": "Severe", "elevation_m": 1.55, "dist_to_coast_km": 6.3, "district": "Puri"}}, {"type": "Feature", "geometry": {"type": "Polygon", "coordinates": [[[85.8281715099177, 19.851527128997468], [85.83774028837047, 19.851527128997468], [85.83774028837047, 19.86051024074738], [85.8281715099177, 19.86051024074738], [85.8281715099177, 19.851527128997468]]]}, "properties": {"depth_m": 0.74, "severity": "Severe", "elevation_m": 1.55, "dist_to_coast_km": 6.2, "district": "Puri"}}, {"type": "Feature", "geometry": {"type": "Polygon", "coordinates": [[[85.83774028837047, 19.851527128997468], [85.84730906682321, 19.851527128997468], [85.84730906682321, 19.86051024074738], [85.83774028837047, 19.86051024074738], [85.83774028837047, 19.851527128997468]]]}, "properties": {"depth_m": 0.71, "severity": "Severe", "elevation_m": 1.56, "dist_to_coast_km": 6.4, "district": "Puri"}}, {"type": "Feature", "geometry": {"type": "Polygon", "coordinates": [[[85.84730906682321, 19.851527128997468], [85.85687784527599, 19.851527128997468], [85.85687784527599, 19.86051024074738], [85.84730906682321, 19.86051024074738], [85.84730906682321, 19.851527128997468]]]}, "properties": {"depth_m": 0.65, "severity": "Severe", "elevation_m": 1.6, "dist_to_coast_km": 6.6, "district": "Puri"}}, {"type": "Feature", "geometry": {"type": "Polygon", "coordinates": [[[85.85687784527599, 19.851527128997468], [85.86644662372873, 19.851527128997468], [85.86644662372873, 19.86051024074738], [85.85687784527599, 19.86051024074738], [85.85687784527599, 19.851527128997468]]]}, "properties": {"depth_m": 0.56, "severity": "Moderate (Impassable)", "elevation_m": 1.65, "dist_to_coast_km": 7.1, "district": "Puri"}}, {"type": "Feature", "geometry": {"type": "Polygon", "coordinates": [[[85.86644662372873, 19.851527128997468], [85.87601540218151, 19.851527128997468], [85.87601540218151, 19.86051024074738], [85.86644662372873, 19.86051024074738], [85.86644662372873, 19.851527128997468]]]}, "properties": {"depth_m": 0.44, "severity": "Moderate (Impassable)", "elevation_m": 1.71, "dist_to_coast_km": 7.6, "district": "Puri"}}, {"type": "Feature", "geometry": {"type": "Polygon", "coordinates": [[[85.87601540218151, 19.851527128997468], [85.88558418063425, 19.851527128997468], [85.88558418063425, 19.86051024074738], [85.87601540218151, 19.86051024074738], [85.87601540218151, 19.851527128997468]]]}, "properties": {"depth_m": 0.31, "severity": "Moderate (Impassable)", "elevation_m": 1.78, "dist_to_coast_km": 8.2, "district": "Puri"}}, {"type": "Feature", "geometry": {"type": "Polygon", "coordinates": [[[85.88558418063425, 19.851527128997468], [85.89515295908703, 19.851527128997468], [85.89515295908703, 19.86051024074738], [85.88558418063425, 19.86051024074738], [85.88558418063425, 19.851527128997468]]]}, "properties": {"depth_m": 0.16, "severity": "Minor", "elevation_m": 1.86, "dist_to_coast_km": 8.9, "district": "Puri"}}, {"type": "Feature", "geometry": {"type": "Polygon", "coordinates": [[[86.00040952206737, 19.851527128997468], [86.00997830052015, 19.851527128997468], [86.00997830052015, 19.86051024074738], [86.00040952206737, 19.86051024074738], [86.00040952206737, 19.851527128997468]]]}, "properties": {"depth_m": 0.15, "severity": "Minor", "elevation_m": 1.39, "dist_to_coast_km": 4.9, "district": "Puri"}}, {"type": "Feature", "geometry": {"type": "Polygon", "coordinates": [[[86.00997830052015, 19.851527128997468], [86.01954707897289, 19.851527128997468], [86.01954707897289, 19.86051024074738], [86.00997830052015, 19.86051024074738], [86.00997830052015, 19.851527128997468]]]}, "properties": {"depth_m": 0.36, "severity": "Moderate (Impassable)", "elevation_m": 1.28, "dist_to_coast_km": 4.0, "district": "Puri"}}, {"type": "Feature", "geometry": {"type": "Polygon", "coordinates": [[[86.01954707897289, 19.851527128997468], [86.02911585742567, 19.851527128997468], [86.02911585742567, 19.86051024074738], [86.01954707897289, 19.86051024074738], [86.01954707897289, 19.851527128997468]]]}, "properties": {"depth_m": 0.56, "severity": "Moderate (Impassable)", "elevation_m": 1.17, "dist_to_coast_km": 3.1, "district": "Puri"}}, {"type": "Feature", "geometry": {"type": "Polygon", "coordinates": [[[86.02911585742567, 19.851527128997468], [86.03868463587841, 19.851527128997468], [86.03868463587841, 19.86051024074738], [86.02911585742567, 19.86051024074738], [86.02911585742567, 19.851527128997468]]]}, "properties": {"depth_m": 0.74, "severity": "Severe", "elevation_m": 1.08, "dist_to_coast_km": 2.3, "district": "Puri"}}, {"type": "Feature", "geometry": {"type": "Polygon", "coordinates": [[[86.03868463587841, 19.851527128997468], [86.04825341433119, 19.851527128997468], [86.04825341433119, 19.86051024074738], [86.03868463587841, 19.86051024074738], [86.03868463587841, 19.851527128997468]]]}, "properties": {"depth_m": 0.87, "severity": "Severe", "elevation_m": 1.0, "dist_to_coast_km": 1.7, "district": "Puri"}}, {"type": "Feature", "geometry": {"type": "Polygon", "coordinates": [[[86.04825341433119, 19.851527128997468], [86.05782219278393, 19.851527128997468], [86.05782219278393, 19.86051024074738], [86.04825341433119, 19.86051024074738], [86.04825341433119, 19.851527128997468]]]}, "properties": {"depth_m": 0.89, "severity": "Severe", "elevation_m": 0.99, "dist_to_coast_km": 1.6, "district": "Puri"}}, {"type": "Feature", "geometry": {"type": "Polygon", "coordinates": [[[86.05782219278393, 19.851527128997468], [86.0673909712367, 19.851527128997468], [86.0673909712367, 19.86051024074738], [86.05782219278393, 19.86051024074738], [86.05782219278393, 19.851527128997468]]]}, "properties": {"depth_m": 0.79, "severity": "Severe", "elevation_m": 1.04, "dist_to_coast_km": 2.0, "district": "Puri"}}, {"type": "Feature", "geometry": {"type": "Polygon", "coordinates": [[[86.0673909712367, 19.851527128997468], [86.07695974968945, 19.851527128997468], [86.07695974968945, 19.86051024074738], [86.0673909712367, 19.86051024074738], [86.0673909712367, 19.851527128997468]]]}, "properties": {"depth_m": 0.63, "severity": "Severe", "elevation_m": 1.14, "dist_to_coast_km": 2.8, "district": "Puri"}}, {"type": "Feature", "geometry": {"type": "Polygon", "coordinates": [[[86.07695974968945, 19.851527128997468], [86.08652852814222, 19.851527128997468], [86.08652852814222, 19.86051024074738], [86.07695974968945, 19.86051024074738], [86.07695974968945, 19.851527128997468]]]}, "properties": {"depth_m": 0.43, "severity": "Moderate (Impassable)", "elevation_m": 1.24, "dist_to_coast_km": 3.7, "district": "Puri"}}, {"type": "Feature", "geometry": {"type": "Polygon", "coordinates": [[[86.08652852814222, 19.851527128997468], [86.09609730659497, 19.851527128997468], [86.09609730659497, 19.86051024074738], [86.08652852814222, 19.86051024074738], [86.08652852814222, 19.851527128997468]]]}, "properties": {"depth_m": 0.23, "severity": "Minor", "elevation_m": 1.35, "dist_to_coast_km": 4.6, "district": "Puri"}}, {"type": "Feature", "geometry": {"type": "Polygon", "coordinates": [[[85.5411081563349, 19.86051024074738], [85.55067693478767, 19.86051024074738], [85.55067693478767, 19.869493352497287], [85.5411081563349, 19.869493352497287], [85.5411081563349, 19.86051024074738]]]}, "properties": {"depth_m": 0.12, "severity": "Minor", "elevation_m": 2.42, "dist_to_coast_km": 16.8, "district": "Puri"}}, {"type": "Feature", "geometry": {"type": "Polygon", "coordinates": [[[85.55067693478767, 19.86051024074738], [85.56024571324042, 19.86051024074738], [85.56024571324042, 19.869493352497287], [85.55067693478767, 19.869493352497287], [85.55067693478767, 19.86051024074738]]]}, "properties": {"depth_m": 0.26, "severity": "Minor", "elevation_m": 2.34, "dist_to_coast_km": 16.2, "district": "Puri"}}, {"type": "Feature", "geometry": {"type": "Polygon", "coordinates": [[[85.56024571324042, 19.86051024074738], [85.5698144916932, 19.86051024074738], [85.5698144916932, 19.869493352497287], [85.56024571324042, 19.869493352497287], [85.56024571324042, 19.86051024074738]]]}, "properties": {"depth_m": 0.39, "severity": "Moderate (Impassable)", "elevation_m": 2.27, "dist_to_coast_km": 15.6, "district": "Puri"}}, {"type": "Feature", "geometry": {"type": "Polygon", "coordinates": [[[85.5698144916932, 19.86051024074738], [85.57938327014594, 19.86051024074738], [85.57938327014594, 19.869493352497287], [85.5698144916932, 19.869493352497287], [85.5698144916932, 19.86051024074738]]]}, "properties": {"depth_m": 0.51, "severity": "Moderate (Impassable)", "elevation_m": 2.2, "dist_to_coast_km": 15.0, "district": "Puri"}}, {"type": "Feature", "geometry": {"type": "Polygon", "coordinates": [[[85.57938327014594, 19.86051024074738], [85.58895204859871, 19.86051024074738], [85.58895204859871, 19.869493352497287], [85.57938327014594, 19.869493352497287], [85.57938327014594, 19.86051024074738]]]}, "properties": {"depth_m": 0.62, "severity": "Severe", "elevation_m": 2.14, "dist_to_coast_km": 14.5, "district": "Puri"}}, {"type": "Feature", "geometry": {"type": "Polygon", "coordinates": [[[85.58895204859871, 19.86051024074738], [85.59852082705146, 19.86051024074738], [85.59852082705146, 19.869493352497287], [85.58895204859871, 19.869493352497287], [85.58895204859871, 19.86051024074738]]]}, "properties": {"depth_m": 0.72, "severity": "Severe", "elevation_m": 2.09, "dist_to_coast_km": 14.1, "district": "Puri"}}, {"type": "Feature", "geometry": {"type": "Polygon", "coordinates": [[[85.59852082705146, 19.86051024074738], [85.60808960550423, 19.86051024074738], [85.60808960550423, 19.869493352497287], [85.59852082705146, 19.869493352497287], [85.59852082705146, 19.86051024074738]]]}, "properties": {"depth_m": 0.81, "severity": "Severe", "elevation_m": 2.04, "dist_to_coast_km": 13.7, "district": "Puri"}}, {"type": "Feature", "geometry": {"type": "Polygon", "coordinates": [[[85.60808960550423, 19.86051024074738], [85.61765838395698, 19.86051024074738], [85.61765838395698, 19.869493352497287], [85.60808960550423, 19.869493352497287], [85.60808960550423, 19.86051024074738]]]}, "properties": {"depth_m": 0.88, "severity": "Severe", "elevation_m": 2.0, "dist_to_coast_km": 13.4, "district": "Puri"}}, {"type": "Feature", "geometry": {"type": "Polygon", "coordinates": [[[85.61765838395698, 19.86051024074738], [85.62722716240975, 19.86051024074738], [85.62722716240975, 19.869493352497287], [85.61765838395698, 19.869493352497287], [85.61765838395698, 19.86051024074738]]]}, "properties": {"depth_m": 0.94, "severity": "Severe", "elevation_m": 1.97, "dist_to_coast_km": 13.1, "district": "Puri"}}, {"type": "Feature", "geometry": {"type": "Polygon", "coordinates": [[[85.62722716240975, 19.86051024074738], [85.6367959408625, 19.86051024074738], [85.6367959408625, 19.869493352497287], [85.62722716240975, 19.869493352497287], [85.62722716240975, 19.86051024074738]]]}, "properties": {"depth_m": 0.98, "severity": "Severe", "elevation_m": 1.95, "dist_to_coast_km": 12.9, "district": "Puri"}}, {"type": "Feature", "geometry": {"type": "Polygon", "coordinates": [[[85.6367959408625, 19.86051024074738], [85.64636471931527, 19.86051024074738], [85.64636471931527, 19.869493352497287], [85.6367959408625, 19.869493352497287], [85.6367959408625, 19.86051024074738]]]}, "properties": {"depth_m": 1.0, "severity": "Severe", "elevation_m": 1.94, "dist_to_coast_km": 12.8, "district": "Puri"}}, {"type": "Feature", "geometry": {"type": "Polygon", "coordinates": [[[85.64636471931527, 19.86051024074738], [85.65593349776802, 19.86051024074738], [85.65593349776802, 19.869493352497287], [85.64636471931527, 19.869493352497287], [85.64636471931527, 19.86051024074738]]]}, "properties": {"depth_m": 1.01, "severity": "Severe", "elevation_m": 1.93, "dist_to_coast_km": 12.8, "district": "Puri"}}, {"type": "Feature", "geometry": {"type": "Polygon", "coordinates": [[[85.65593349776802, 19.86051024074738], [85.66550227622079, 19.86051024074738], [85.66550227622079, 19.869493352497287], [85.65593349776802, 19.869493352497287], [85.65593349776802, 19.86051024074738]]]}, "properties": {"depth_m": 1.0, "severity": "Severe", "elevation_m": 1.94, "dist_to_coast_km": 12.8, "district": "Puri"}}, {"type": "Feature", "geometry": {"type": "Polygon", "coordinates": [[[85.66550227622079, 19.86051024074738], [85.67507105467354, 19.86051024074738], [85.67507105467354, 19.869493352497287], [85.66550227622079, 19.869493352497287], [85.66550227622079, 19.86051024074738]]]}, "properties": {"depth_m": 0.97, "severity": "Severe", "elevation_m": 1.96, "dist_to_coast_km": 13.0, "district": "Puri"}}, {"type": "Feature", "geometry": {"type": "Polygon", "coordinates": [[[85.67507105467354, 19.86051024074738], [85.68463983312631, 19.86051024074738], [85.68463983312631, 19.869493352497287], [85.67507105467354, 19.869493352497287], [85.67507105467354, 19.86051024074738]]]}, "properties": {"depth_m": 0.92, "severity": "Severe", "elevation_m": 1.98, "dist_to_coast_km": 13.2, "district": "Puri"}}, {"type": "Feature", "geometry": {"type": "Polygon", "coordinates": [[[85.68463983312631, 19.86051024074738], [85.69420861157906, 19.86051024074738], [85.69420861157906, 19.869493352497287], [85.68463983312631, 19.869493352497287], [85.68463983312631, 19.86051024074738]]]}, "properties": {"depth_m": 0.86, "severity": "Severe", "elevation_m": 2.01, "dist_to_coast_km": 13.4, "district": "Puri"}}, {"type": "Feature", "geometry": {"type": "Polygon", "coordinates": [[[85.69420861157906, 19.86051024074738], [85.70377739003183, 19.86051024074738], [85.70377739003183, 19.869493352497287], [85.69420861157906, 19.869493352497287], [85.69420861157906, 19.86051024074738]]]}, "properties": {"depth_m": 0.79, "severity": "Severe", "elevation_m": 2.05, "dist_to_coast_km": 13.8, "district": "Puri"}}, {"type": "Feature", "geometry": {"type": "Polygon", "coordinates": [[[85.70377739003183, 19.86051024074738], [85.71334616848458, 19.86051024074738], [85.71334616848458, 19.869493352497287], [85.70377739003183, 19.869493352497287], [85.70377739003183, 19.86051024074738]]]}, "properties": {"depth_m": 0.3, "severity": "Moderate (Impassable)", "elevation_m": 2.5, "dist_to_coast_km": 14.2, "district": "Puri"}}, {"type": "Feature", "geometry": {"type": "Polygon", "coordinates": [[[85.78032761765391, 19.86051024074738], [85.78989639610666, 19.86051024074738], [85.78989639610666, 19.869493352497287], [85.78032761765391, 19.869493352497287], [85.78032761765391, 19.86051024074738]]]}, "properties": {"depth_m": 0.21, "severity": "Minor", "elevation_m": 1.83, "dist_to_coast_km": 8.6, "district": "Puri"}}, {"type": "Feature", "geometry": {"type": "Polygon", "coordinates": [[[85.78989639610666, 19.86051024074738], [85.79946517455943, 19.86051024074738], [85.79946517455943, 19.869493352497287], [85.78989639610666, 19.869493352497287], [85.78989639610666, 19.86051024074738]]]}, "properties": {"depth_m": 0.32, "severity": "Moderate (Impassable)", "elevation_m": 1.77, "dist_to_coast_km": 8.1, "district": "Puri"}}, {"type": "Feature", "geometry": {"type": "Polygon", "coordinates": [[[85.79946517455943, 19.86051024074738], [85.80903395301218, 19.86051024074738], [85.80903395301218, 19.869493352497287], [85.79946517455943, 19.869493352497287], [85.79946517455943, 19.86051024074738]]]}, "properties": {"depth_m": 0.41, "severity": "Moderate (Impassable)", "elevation_m": 1.73, "dist_to_coast_km": 7.7, "district": "Puri"}}, {"type": "Feature", "geometry": {"type": "Polygon", "coordinates": [[[85.80903395301218, 19.86051024074738], [85.81860273146495, 19.86051024074738], [85.81860273146495, 19.869493352497287], [85.80903395301218, 19.869493352497287], [85.80903395301218, 19.86051024074738]]]}, "properties": {"depth_m": 0.48, "severity": "Moderate (Impassable)", "elevation_m": 1.69, "dist_to_coast_km": 7.4, "district": "Puri"}}, {"type": "Feature", "geometry": {"type": "Polygon", "coordinates": [[[85.81860273146495, 19.86051024074738], [85.8281715099177, 19.86051024074738], [85.8281715099177, 19.869493352497287], [85.81860273146495, 19.869493352497287], [85.81860273146495, 19.86051024074738]]]}, "properties": {"depth_m": 0.51, "severity": "Moderate (Impassable)", "elevation_m": 1.67, "dist_to_coast_km": 7.3, "district": "Puri"}}, {"type": "Feature", "geometry": {"type": "Polygon", "coordinates": [[[85.8281715099177, 19.86051024074738], [85.83774028837047, 19.86051024074738], [85.83774028837047, 19.869493352497287], [85.8281715099177, 19.869493352497287], [85.8281715099177, 19.86051024074738]]]}, "properties": {"depth_m": 0.52, "severity": "Moderate (Impassable)", "elevation_m": 1.67, "dist_to_coast_km": 7.2, "district": "Puri"}}, {"type": "Feature", "geometry": {"type": "Polygon", "coordinates": [[[85.83774028837047, 19.86051024074738], [85.84730906682321, 19.86051024074738], [85.84730906682321, 19.869493352497287], [85.83774028837047, 19.869493352497287], [85.83774028837047, 19.86051024074738]]]}, "properties": {"depth_m": 0.49, "severity": "Moderate (Impassable)", "elevation_m": 1.68, "dist_to_coast_km": 7.3, "district": "Puri"}}, {"type": "Feature", "geometry": {"type": "Polygon", "coordinates": [[[85.84730906682321, 19.86051024074738], [85.85687784527599, 19.86051024074738], [85.85687784527599, 19.869493352497287], [85.84730906682321, 19.869493352497287], [85.84730906682321, 19.86051024074738]]]}, "properties": {"depth_m": 0.44, "severity": "Moderate (Impassable)", "elevation_m": 1.71, "dist_to_coast_km": 7.6, "district": "Puri"}}, {"type": "Feature", "geometry": {"type": "Polygon", "coordinates": [[[85.85687784527599, 19.86051024074738], [85.86644662372873, 19.86051024074738], [85.86644662372873, 19.869493352497287], [85.85687784527599, 19.869493352497287], [85.85687784527599, 19.86051024074738]]]}, "properties": {"depth_m": 0.36, "severity": "Moderate (Impassable)", "elevation_m": 1.75, "dist_to_coast_km": 8.0, "district": "Puri"}}, {"type": "Feature", "geometry": {"type": "Polygon", "coordinates": [[[85.86644662372873, 19.86051024074738], [85.87601540218151, 19.86051024074738], [85.87601540218151, 19.869493352497287], [85.86644662372873, 19.869493352497287], [85.86644662372873, 19.86051024074738]]]}, "properties": {"depth_m": 0.26, "severity": "Minor", "elevation_m": 1.81, "dist_to_coast_km": 8.4, "district": "Puri"}}, {"type": "Feature", "geometry": {"type": "Polygon", "coordinates": [[[85.87601540218151, 19.86051024074738], [85.88558418063425, 19.86051024074738], [85.88558418063425, 19.869493352497287], [85.87601540218151, 19.869493352497287], [85.87601540218151, 19.86051024074738]]]}, "properties": {"depth_m": 0.14, "severity": "Minor", "elevation_m": 1.88, "dist_to_coast_km": 9.0, "district": "Puri"}}, {"type": "Feature", "geometry": {"type": "Polygon", "coordinates": [[[86.00040952206737, 19.86051024074738], [86.00997830052015, 19.86051024074738], [86.00997830052015, 19.869493352497287], [86.00040952206737, 19.869493352497287], [86.00040952206737, 19.86051024074738]]]}, "properties": {"depth_m": 0.2, "severity": "Minor", "elevation_m": 1.37, "dist_to_coast_km": 4.7, "district": "Puri"}}, {"type": "Feature", "geometry": {"type": "Polygon", "coordinates": [[[86.00997830052015, 19.86051024074738], [86.01954707897289, 19.86051024074738], [86.01954707897289, 19.869493352497287], [86.00997830052015, 19.869493352497287], [86.00997830052015, 19.86051024074738]]]}, "properties": {"depth_m": 0.42, "severity": "Moderate (Impassable)", "elevation_m": 1.25, "dist_to_coast_km": 3.7, "district": "Puri"}}, {"type": "Feature", "geometry": {"type": "Polygon", "coordinates": [[[86.01954707897289, 19.86051024074738], [86.02911585742567, 19.86051024074738], [86.02911585742567, 19.869493352497287], [86.01954707897289, 19.869493352497287], [86.01954707897289, 19.86051024074738]]]}, "properties": {"depth_m": 0.64, "severity": "Severe", "elevation_m": 1.13, "dist_to_coast_km": 2.7, "district": "Puri"}}, {"type": "Feature", "geometry": {"type": "Polygon", "coordinates": [[[86.02911585742567, 19.86051024074738], [86.03868463587841, 19.86051024074738], [86.03868463587841, 19.869493352497287], [86.02911585742567, 19.869493352497287], [86.02911585742567, 19.86051024074738]]]}, "properties": {"depth_m": 0.85, "severity": "Severe", "elevation_m": 1.01, "dist_to_coast_km": 1.8, "district": "Puri"}}, {"type": "Feature", "geometry": {"type": "Polygon", "coordinates": [[[86.03868463587841, 19.86051024074738], [86.04825341433119, 19.86051024074738], [86.04825341433119, 19.869493352497287], [86.03868463587841, 19.869493352497287], [86.03868463587841, 19.86051024074738]]]}, "properties": {"depth_m": 1.05, "severity": "Severe", "elevation_m": 0.91, "dist_to_coast_km": 0.9, "district": "Puri"}}, {"type": "Feature", "geometry": {"type": "Polygon", "coordinates": [[[86.04825341433119, 19.86051024074738], [86.05782219278393, 19.86051024074738], [86.05782219278393, 19.869493352497287], [86.04825341433119, 19.869493352497287], [86.04825341433119, 19.86051024074738]]]}, "properties": {"depth_m": 1.1, "severity": "Severe", "elevation_m": 0.88, "dist_to_coast_km": 0.6, "district": "Puri"}}, {"type": "Feature", "geometry": {"type": "Polygon", "coordinates": [[[86.05782219278393, 19.86051024074738], [86.0673909712367, 19.86051024074738], [86.0673909712367, 19.869493352497287], [86.05782219278393, 19.869493352497287], [86.05782219278393, 19.86051024074738]]]}, "properties": {"depth_m": 0.93, "severity": "Severe", "elevation_m": 0.97, "dist_to_coast_km": 1.4, "district": "Puri"}}, {"type": "Feature", "geometry": {"type": "Polygon", "coordinates": [[[86.0673909712367, 19.86051024074738], [86.07695974968945, 19.86051024074738], [86.07695974968945, 19.869493352497287], [86.0673909712367, 19.869493352497287], [86.0673909712367, 19.86051024074738]]]}, "properties": {"depth_m": 0.72, "severity": "Severe", "elevation_m": 1.09, "dist_to_coast_km": 2.4, "district": "Puri"}}, {"type": "Feature", "geometry": {"type": "Polygon", "coordinates": [[[86.07695974968945, 19.86051024074738], [86.08652852814222, 19.86051024074738], [86.08652852814222, 19.869493352497287], [86.07695974968945, 19.869493352497287], [86.07695974968945, 19.86051024074738]]]}, "properties": {"depth_m": 0.5, "severity": "Moderate (Impassable)", "elevation_m": 1.2, "dist_to_coast_km": 3.4, "district": "Puri"}}, {"type": "Feature", "geometry": {"type": "Polygon", "coordinates": [[[86.08652852814222, 19.86051024074738], [86.09609730659497, 19.86051024074738], [86.09609730659497, 19.869493352497287], [86.08652852814222, 19.869493352497287], [86.08652852814222, 19.86051024074738]]]}, "properties": {"depth_m": 0.28, "severity": "Minor", "elevation_m": 1.32, "dist_to_coast_km": 4.4, "district": "Puri"}}, {"type": "Feature", "geometry": {"type": "Polygon", "coordinates": [[[85.56024571324042, 19.869493352497287], [85.5698144916932, 19.869493352497287], [85.5698144916932, 19.8784764642472], [85.56024571324042, 19.8784764642472], [85.56024571324042, 19.869493352497287]]]}, "properties": {"depth_m": 0.21, "severity": "Minor", "elevation_m": 2.37, "dist_to_coast_km": 16.4, "district": "Puri"}}, {"type": "Feature", "geometry": {"type": "Polygon", "coordinates": [[[85.5698144916932, 19.869493352497287], [85.57938327014594, 19.869493352497287], [85.57938327014594, 19.8784764642472], [85.5698144916932, 19.8784764642472], [85.5698144916932, 19.869493352497287]]]}, "properties": {"depth_m": 0.33, "severity": "Moderate (Impassable)", "elevation_m": 2.31, "dist_to_coast_km": 15.9, "district": "Puri"}}, {"type": "Feature", "geometry": {"type": "Polygon", "coordinates": [[[85.57938327014594, 19.869493352497287], [85.58895204859871, 19.869493352497287], [85.58895204859871, 19.8784764642472], [85.57938327014594, 19.8784764642472], [85.57938327014594, 19.869493352497287]]]}, "properties": {"depth_m": 0.43, "severity": "Moderate (Impassable)", "elevation_m": 2.25, "dist_to_coast_km": 15.4, "district": "Puri"}}, {"type": "Feature", "geometry": {"type": "Polygon", "coordinates": [[[85.58895204859871, 19.869493352497287], [85.59852082705146, 19.869493352497287], [85.59852082705146, 19.8784764642472], [85.58895204859871, 19.8784764642472], [85.58895204859871, 19.869493352497287]]]}, "properties": {"depth_m": 0.52, "severity": "Moderate (Impassable)", "elevation_m": 2.2, "dist_to_coast_km": 15.0, "district": "Puri"}}, {"type": "Feature", "geometry": {"type": "Polygon", "coordinates": [[[85.59852082705146, 19.869493352497287], [85.60808960550423, 19.869493352497287], [85.60808960550423, 19.8784764642472], [85.59852082705146, 19.8784764642472], [85.59852082705146, 19.869493352497287]]]}, "properties": {"depth_m": 0.6, "severity": "Severe", "elevation_m": 2.16, "dist_to_coast_km": 14.6, "district": "Puri"}}, {"type": "Feature", "geometry": {"type": "Polygon", "coordinates": [[[85.60808960550423, 19.869493352497287], [85.61765838395698, 19.869493352497287], [85.61765838395698, 19.8784764642472], [85.60808960550423, 19.8784764642472], [85.60808960550423, 19.869493352497287]]]}, "properties": {"depth_m": 0.67, "severity": "Severe", "elevation_m": 2.12, "dist_to_coast_km": 14.3, "district": "Puri"}}, {"type": "Feature", "geometry": {"type": "Polygon", "coordinates": [[[85.61765838395698, 19.869493352497287], [85.62722716240975, 19.869493352497287], [85.62722716240975, 19.8784764642472], [85.61765838395698, 19.8784764642472], [85.61765838395698, 19.869493352497287]]]}, "properties": {"depth_m": 0.72, "severity": "Severe", "elevation_m": 2.09, "dist_to_coast_km": 14.1, "district": "Puri"}}, {"type": "Feature", "geometry": {"type": "Polygon", "coordinates": [[[85.62722716240975, 19.869493352497287], [85.6367959408625, 19.869493352497287], [85.6367959408625, 19.8784764642472], [85.62722716240975, 19.8784764642472], [85.62722716240975, 19.869493352497287]]]}, "properties": {"depth_m": 0.76, "severity": "Severe", "elevation_m": 2.07, "dist_to_coast_km": 13.9, "district": "Puri"}}, {"type": "Feature", "geometry": {"type": "Polygon", "coordinates": [[[85.6367959408625, 19.869493352497287], [85.64636471931527, 19.869493352497287], [85.64636471931527, 19.8784764642472], [85.6367959408625, 19.8784764642472], [85.6367959408625, 19.869493352497287]]]}, "properties": {"depth_m": 0.78, "severity": "Severe", "elevation_m": 2.06, "dist_to_coast_km": 13.8, "district": "Puri"}}, {"type": "Feature", "geometry": {"type": "Polygon", "coordinates": [[[85.64636471931527, 19.869493352497287], [85.65593349776802, 19.869493352497287], [85.65593349776802, 19.8784764642472], [85.64636471931527, 19.8784764642472], [85.64636471931527, 19.869493352497287]]]}, "properties": {"depth_m": 0.79, "severity": "Severe", "elevation_m": 2.05, "dist_to_coast_km": 13.8, "district": "Puri"}}, {"type": "Feature", "geometry": {"type": "Polygon", "coordinates": [[[85.65593349776802, 19.869493352497287], [85.66550227622079, 19.869493352497287], [85.66550227622079, 19.8784764642472], [85.65593349776802, 19.8784764642472], [85.65593349776802, 19.869493352497287]]]}, "properties": {"depth_m": 0.78, "severity": "Severe", "elevation_m": 2.06, "dist_to_coast_km": 13.8, "district": "Puri"}}, {"type": "Feature", "geometry": {"type": "Polygon", "coordinates": [[[85.66550227622079, 19.869493352497287], [85.67507105467354, 19.869493352497287], [85.67507105467354, 19.8784764642472], [85.66550227622079, 19.8784764642472], [85.66550227622079, 19.869493352497287]]]}, "properties": {"depth_m": 0.75, "severity": "Severe", "elevation_m": 2.07, "dist_to_coast_km": 13.9, "district": "Puri"}}, {"type": "Feature", "geometry": {"type": "Polygon", "coordinates": [[[85.67507105467354, 19.869493352497287], [85.68463983312631, 19.869493352497287], [85.68463983312631, 19.8784764642472], [85.67507105467354, 19.8784764642472], [85.67507105467354, 19.869493352497287]]]}, "properties": {"depth_m": 0.71, "severity": "Severe", "elevation_m": 2.1, "dist_to_coast_km": 14.1, "district": "Puri"}}, {"type": "Feature", "geometry": {"type": "Polygon", "coordinates": [[[85.68463983312631, 19.869493352497287], [85.69420861157906, 19.869493352497287], [85.69420861157906, 19.8784764642472], [85.68463983312631, 19.8784764642472], [85.68463983312631, 19.869493352497287]]]}, "properties": {"depth_m": 0.65, "severity": "Severe", "elevation_m": 2.13, "dist_to_coast_km": 14.4, "district": "Puri"}}, {"type": "Feature", "geometry": {"type": "Polygon", "coordinates": [[[85.69420861157906, 19.869493352497287], [85.70377739003183, 19.869493352497287], [85.70377739003183, 19.8784764642472], [85.69420861157906, 19.8784764642472], [85.69420861157906, 19.869493352497287]]]}, "properties": {"depth_m": 0.58, "severity": "Moderate (Impassable)", "elevation_m": 2.17, "dist_to_coast_km": 14.7, "district": "Puri"}}, {"type": "Feature", "geometry": {"type": "Polygon", "coordinates": [[[85.70377739003183, 19.869493352497287], [85.71334616848458, 19.869493352497287], [85.71334616848458, 19.8784764642472], [85.70377739003183, 19.8784764642472], [85.70377739003183, 19.869493352497287]]]}, "properties": {"depth_m": 0.1, "severity": "Minor", "elevation_m": 2.61, "dist_to_coast_km": 15.1, "district": "Puri"}}, {"type": "Feature", "geometry": {"type": "Polygon", "coordinates": [[[85.78989639610666, 19.869493352497287], [85.79946517455943, 19.869493352497287], [85.79946517455943, 19.8784764642472], [85.78989639610666, 19.8784764642472], [85.78989639610666, 19.869493352497287]]]}, "properties": {"depth_m": 0.13, "severity": "Minor", "elevation_m": 1.88, "dist_to_coast_km": 9.0, "district": "Puri"}}, {"type": "Feature", "geometry": {"type": "Polygon", "coordinates": [[[85.79946517455943, 19.869493352497287], [85.80903395301218, 19.869493352497287], [85.80903395301218, 19.8784764642472], [85.79946517455943, 19.8784764642472], [85.79946517455943, 19.869493352497287]]]}, "properties": {"depth_m": 0.21, "severity": "Minor", "elevation_m": 1.84, "dist_to_coast_km": 8.7, "district": "Puri"}}, {"type": "Feature", "geometry": {"type": "Polygon", "coordinates": [[[85.80903395301218, 19.869493352497287], [85.81860273146495, 19.869493352497287], [85.81860273146495, 19.8784764642472], [85.80903395301218, 19.8784764642472], [85.80903395301218, 19.869493352497287]]]}, "properties": {"depth_m": 0.26, "severity": "Minor", "elevation_m": 1.81, "dist_to_coast_km": 8.4, "district": "Puri"}}, {"type": "Feature", "geometry": {"type": "Polygon", "coordinates": [[[85.81860273146495, 19.869493352497287], [85.8281715099177, 19.869493352497287], [85.8281715099177, 19.8784764642472], [85.81860273146495, 19.8784764642472], [85.81860273146495, 19.869493352497287]]]}, "properties": {"depth_m": 0.29, "severity": "Minor", "elevation_m": 1.79, "dist_to_coast_km": 8.3, "district": "Puri"}}, {"type": "Feature", "geometry": {"type": "Polygon", "coordinates": [[[85.8281715099177, 19.869493352497287], [85.83774028837047, 19.869493352497287], [85.83774028837047, 19.8784764642472], [85.8281715099177, 19.8784764642472], [85.8281715099177, 19.869493352497287]]]}, "properties": {"depth_m": 0.3, "severity": "Minor", "elevation_m": 1.79, "dist_to_coast_km": 8.2, "district": "Puri"}}, {"type": "Feature", "geometry": {"type": "Polygon", "coordinates": [[[85.83774028837047, 19.869493352497287], [85.84730906682321, 19.869493352497287], [85.84730906682321, 19.8784764642472], [85.83774028837047, 19.8784764642472], [85.83774028837047, 19.869493352497287]]]}, "properties": {"depth_m": 0.28, "severity": "Minor", "elevation_m": 1.8, "dist_to_coast_km": 8.3, "district": "Puri"}}, {"type": "Feature", "geometry": {"type": "Polygon", "coordinates": [[[85.84730906682321, 19.869493352497287], [85.85687784527599, 19.869493352497287], [85.85687784527599, 19.8784764642472], [85.84730906682321, 19.8784764642472], [85.84730906682321, 19.869493352497287]]]}, "properties": {"depth_m": 0.23, "severity": "Minor", "elevation_m": 1.83, "dist_to_coast_km": 8.5, "district": "Puri"}}, {"type": "Feature", "geometry": {"type": "Polygon", "coordinates": [[[85.85687784527599, 19.869493352497287], [85.86644662372873, 19.869493352497287], [85.86644662372873, 19.8784764642472], [85.85687784527599, 19.8784764642472], [85.85687784527599, 19.869493352497287]]]}, "properties": {"depth_m": 0.16, "severity": "Minor", "elevation_m": 1.86, "dist_to_coast_km": 8.9, "district": "Puri"}}, {"type": "Feature", "geometry": {"type": "Polygon", "coordinates": [[[86.00040952206737, 19.869493352497287], [86.00997830052015, 19.869493352497287], [86.00997830052015, 19.8784764642472], [86.00040952206737, 19.8784764642472], [86.00040952206737, 19.869493352497287]]]}, "properties": {"depth_m": 0.2, "severity": "Minor", "elevation_m": 1.36, "dist_to_coast_km": 4.7, "district": "Puri"}}, {"type": "Feature", "geometry": {"type": "Polygon", "coordinates": [[[86.00997830052015, 19.869493352497287], [86.01954707897289, 19.869493352497287], [86.01954707897289, 19.8784764642472], [86.00997830052015, 19.8784764642472], [86.00997830052015, 19.869493352497287]]]}, "properties": {"depth_m": 0.42, "severity": "Moderate (Impassable)", "elevation_m": 1.25, "dist_to_coast_km": 3.7, "district": "Puri"}}, {"type": "Feature", "geometry": {"type": "Polygon", "coordinates": [[[86.01954707897289, 19.869493352497287], [86.02911585742567, 19.869493352497287], [86.02911585742567, 19.8784764642472], [86.01954707897289, 19.8784764642472], [86.01954707897289, 19.869493352497287]]]}, "properties": {"depth_m": 0.64, "severity": "Severe", "elevation_m": 1.13, "dist_to_coast_km": 2.7, "district": "Puri"}}, {"type": "Feature", "geometry": {"type": "Polygon", "coordinates": [[[86.02911585742567, 19.869493352497287], [86.03868463587841, 19.869493352497287], [86.03868463587841, 19.8784764642472], [86.02911585742567, 19.8784764642472], [86.02911585742567, 19.869493352497287]]]}, "properties": {"depth_m": 0.86, "severity": "Severe", "elevation_m": 1.01, "dist_to_coast_km": 1.7, "district": "Puri"}}, {"type": "Feature", "geometry": {"type": "Polygon", "coordinates": [[[86.03868463587841, 19.869493352497287], [86.04825341433119, 19.869493352497287], [86.04825341433119, 19.8784764642472], [86.03868463587841, 19.8784764642472], [86.03868463587841, 19.869493352497287]]]}, "properties": {"depth_m": 1.06, "severity": "Severe", "elevation_m": 0.9, "dist_to_coast_km": 0.8, "district": "Puri"}}, {"type": "Feature", "geometry": {"type": "Polygon", "coordinates": [[[86.04825341433119, 19.869493352497287], [86.05782219278393, 19.869493352497287], [86.05782219278393, 19.8784764642472], [86.04825341433119, 19.8784764642472], [86.04825341433119, 19.869493352497287]]]}, "properties": {"depth_m": 1.12, "severity": "Severe", "elevation_m": 0.87, "dist_to_coast_km": 0.5, "district": "Puri"}}, {"type": "Feature", "geometry": {"type": "Polygon", "coordinates": [[[86.05782219278393, 19.869493352497287], [86.0673909712367, 19.869493352497287], [86.0673909712367, 19.8784764642472], [86.05782219278393, 19.8784764642472], [86.05782219278393, 19.869493352497287]]]}, "properties": {"depth_m": 0.93, "severity": "Severe", "elevation_m": 0.97, "dist_to_coast_km": 1.4, "district": "Puri"}}, {"type": "Feature", "geometry": {"type": "Polygon", "coordinates": [[[86.0673909712367, 19.869493352497287], [86.07695974968945, 19.869493352497287], [86.07695974968945, 19.8784764642472], [86.0673909712367, 19.8784764642472], [86.0673909712367, 19.869493352497287]]]}, "properties": {"depth_m": 0.72, "severity": "Severe", "elevation_m": 1.08, "dist_to_coast_km": 2.4, "district": "Puri"}}, {"type": "Feature", "geometry": {"type": "Polygon", "coordinates": [[[86.07695974968945, 19.869493352497287], [86.08652852814222, 19.869493352497287], [86.08652852814222, 19.8784764642472], [86.07695974968945, 19.8784764642472], [86.07695974968945, 19.869493352497287]]]}, "properties": {"depth_m": 0.5, "severity": "Moderate (Impassable)", "elevation_m": 1.2, "dist_to_coast_km": 3.3, "district": "Puri"}}, {"type": "Feature", "geometry": {"type": "Polygon", "coordinates": [[[86.08652852814222, 19.869493352497287], [86.09609730659497, 19.869493352497287], [86.09609730659497, 19.8784764642472], [86.08652852814222, 19.8784764642472], [86.08652852814222, 19.869493352497287]]]}, "properties": {"depth_m": 0.28, "severity": "Minor", "elevation_m": 1.32, "dist_to_coast_km": 4.3, "district": "Puri"}}, {"type": "Feature", "geometry": {"type": "Polygon", "coordinates": [[[85.5698144916932, 19.8784764642472], [85.57938327014594, 19.8784764642472], [85.57938327014594, 19.887459575997106], [85.5698144916932, 19.887459575997106], [85.5698144916932, 19.8784764642472]]]}, "properties": {"depth_m": 0.13, "severity": "Minor", "elevation_m": 2.41, "dist_to_coast_km": 16.8, "district": "Puri"}}, {"type": "Feature", "geometry": {"type": "Polygon", "coordinates": [[[85.57938327014594, 19.8784764642472], [85.58895204859871, 19.8784764642472], [85.58895204859871, 19.887459575997106], [85.57938327014594, 19.887459575997106], [85.57938327014594, 19.8784764642472]]]}, "properties": {"depth_m": 0.23, "severity": "Minor", "elevation_m": 2.36, "dist_to_coast_km": 16.3, "district": "Puri"}}, {"type": "Feature", "geometry": {"type": "Polygon", "coordinates": [[[85.58895204859871, 19.8784764642472], [85.59852082705146, 19.8784764642472], [85.59852082705146, 19.887459575997106], [85.58895204859871, 19.887459575997106], [85.58895204859871, 19.8784764642472]]]}, "properties": {"depth_m": 0.32, "severity": "Moderate (Impassable)", "elevation_m": 2.31, "dist_to_coast_km": 15.9, "district": "Puri"}}, {"type": "Feature", "geometry": {"type": "Polygon", "coordinates": [[[85.59852082705146, 19.8784764642472], [85.60808960550423, 19.8784764642472], [85.60808960550423, 19.887459575997106], [85.59852082705146, 19.887459575997106], [85.59852082705146, 19.8784764642472]]]}, "properties": {"depth_m": 0.39, "severity": "Moderate (Impassable)", "elevation_m": 2.27, "dist_to_coast_km": 15.6, "district": "Puri"}}, {"type": "Feature", "geometry": {"type": "Polygon", "coordinates": [[[85.60808960550423, 19.8784764642472], [85.61765838395698, 19.8784764642472], [85.61765838395698, 19.887459575997106], [85.60808960550423, 19.887459575997106], [85.60808960550423, 19.8784764642472]]]}, "properties": {"depth_m": 0.46, "severity": "Moderate (Impassable)", "elevation_m": 2.23, "dist_to_coast_km": 15.3, "district": "Puri"}}, {"type": "Feature", "geometry": {"type": "Polygon", "coordinates": [[[85.61765838395698, 19.8784764642472], [85.62722716240975, 19.8784764642472], [85.62722716240975, 19.887459575997106], [85.61765838395698, 19.887459575997106], [85.61765838395698, 19.8784764642472]]]}, "properties": {"depth_m": 0.51, "severity": "Moderate (Impassable)", "elevation_m": 2.21, "dist_to_coast_km": 15.1, "district": "Puri"}}, {"type": "Feature", "geometry": {"type": "Polygon", "coordinates": [[[85.62722716240975, 19.8784764642472], [85.6367959408625, 19.8784764642472], [85.6367959408625, 19.887459575997106], [85.62722716240975, 19.887459575997106], [85.62722716240975, 19.8784764642472]]]}, "properties": {"depth_m": 0.54, "severity": "Moderate (Impassable)", "elevation_m": 2.19, "dist_to_coast_km": 14.9, "district": "Puri"}}, {"type": "Feature", "geometry": {"type": "Polygon", "coordinates": [[[85.6367959408625, 19.8784764642472], [85.64636471931527, 19.8784764642472], [85.64636471931527, 19.887459575997106], [85.6367959408625, 19.887459575997106], [85.6367959408625, 19.8784764642472]]]}, "properties": {"depth_m": 0.56, "severity": "Moderate (Impassable)", "elevation_m": 2.18, "dist_to_coast_km": 14.8, "district": "Puri"}}, {"type": "Feature", "geometry": {"type": "Polygon", "coordinates": [[[85.64636471931527, 19.8784764642472], [85.65593349776802, 19.8784764642472], [85.65593349776802, 19.887459575997106], [85.64636471931527, 19.887459575997106], [85.64636471931527, 19.8784764642472]]]}, "properties": {"depth_m": 0.57, "severity": "Moderate (Impassable)", "elevation_m": 2.17, "dist_to_coast_km": 14.8, "district": "Puri"}}, {"type": "Feature", "geometry": {"type": "Polygon", "coordinates": [[[85.65593349776802, 19.8784764642472], [85.66550227622079, 19.8784764642472], [85.66550227622079, 19.887459575997106], [85.65593349776802, 19.887459575997106], [85.65593349776802, 19.8784764642472]]]}, "properties": {"depth_m": 0.56, "severity": "Moderate (Impassable)", "elevation_m": 2.18, "dist_to_coast_km": 14.8, "district": "Puri"}}, {"type": "Feature", "geometry": {"type": "Polygon", "coordinates": [[[85.66550227622079, 19.8784764642472], [85.67507105467354, 19.8784764642472], [85.67507105467354, 19.887459575997106], [85.66550227622079, 19.887459575997106], [85.66550227622079, 19.8784764642472]]]}, "properties": {"depth_m": 0.53, "severity": "Moderate (Impassable)", "elevation_m": 2.19, "dist_to_coast_km": 14.9, "district": "Puri"}}, {"type": "Feature", "geometry": {"type": "Polygon", "coordinates": [[[85.67507105467354, 19.8784764642472], [85.68463983312631, 19.8784764642472], [85.68463983312631, 19.887459575997106], [85.67507105467354, 19.887459575997106], [85.67507105467354, 19.8784764642472]]]}, "properties": {"depth_m": 0.5, "severity": "Moderate (Impassable)", "elevation_m": 2.21, "dist_to_coast_km": 15.1, "district": "Puri"}}, {"type": "Feature", "geometry": {"type": "Polygon", "coordinates": [[[85.68463983312631, 19.8784764642472], [85.69420861157906, 19.8784764642472], [85.69420861157906, 19.887459575997106], [85.68463983312631, 19.887459575997106], [85.68463983312631, 19.8784764642472]]]}, "properties": {"depth_m": 0.44, "severity": "Moderate (Impassable)", "elevation_m": 2.24, "dist_to_coast_km": 15.3, "district": "Puri"}}, {"type": "Feature", "geometry": {"type": "Polygon", "coordinates": [[[85.69420861157906, 19.8784764642472], [85.70377739003183, 19.8784764642472], [85.70377739003183, 19.887459575997106], [85.69420861157906, 19.887459575997106], [85.69420861157906, 19.8784764642472]]]}, "properties": {"depth_m": 0.38, "severity": "Moderate (Impassable)", "elevation_m": 2.28, "dist_to_coast_km": 15.6, "district": "Puri"}}, {"type": "Feature", "geometry": {"type": "Polygon", "coordinates": [[[86.00040952206737, 19.8784764642472], [86.00997830052015, 19.8784764642472], [86.00997830052015, 19.887459575997106], [86.00040952206737, 19.887459575997106], [86.00040952206737, 19.8784764642472]]]}, "properties": {"depth_m": 0.16, "severity": "Minor", "elevation_m": 1.39, "dist_to_coast_km": 4.9, "district": "Puri"}}, {"type": "Feature", "geometry": {"type": "Polygon", "coordinates": [[[86.00997830052015, 19.8784764642472], [86.01954707897289, 19.8784764642472], [86.01954707897289, 19.887459575997106], [86.00997830052015, 19.887459575997106], [86.00997830052015, 19.8784764642472]]]}, "properties": {"depth_m": 0.37, "severity": "Moderate (Impassable)", "elevation_m": 1.27, "dist_to_coast_km": 4.0, "district": "Puri"}}, {"type": "Feature", "geometry": {"type": "Polygon", "coordinates": [[[86.01954707897289, 19.8784764642472], [86.02911585742567, 19.8784764642472], [86.02911585742567, 19.887459575997106], [86.01954707897289, 19.887459575997106], [86.01954707897289, 19.8784764642472]]]}, "properties": {"depth_m": 0.57, "severity": "Moderate (Impassable)", "elevation_m": 1.17, "dist_to_coast_km": 3.0, "district": "Puri"}}, {"type": "Feature", "geometry": {"type": "Polygon", "coordinates": [[[86.02911585742567, 19.8784764642472], [86.03868463587841, 19.8784764642472], [86.03868463587841, 19.887459575997106], [86.02911585742567, 19.887459575997106], [86.02911585742567, 19.8784764642472]]]}, "properties": {"depth_m": 0.75, "severity": "Severe", "elevation_m": 1.07, "dist_to_coast_km": 2.2, "district": "Puri"}}, {"type": "Feature", "geometry": {"type": "Polygon", "coordinates": [[[86.03868463587841, 19.8784764642472], [86.04825341433119, 19.8784764642472], [86.04825341433119, 19.887459575997106], [86.03868463587841, 19.887459575997106], [86.03868463587841, 19.8784764642472]]]}, "properties": {"depth_m": 0.89, "severity": "Severe", "elevation_m": 0.99, "dist_to_coast_km": 1.6, "district": "Puri"}}, {"type": "Feature", "geometry": {"type": "Polygon", "coordinates": [[[86.04825341433119, 19.8784764642472], [86.05782219278393, 19.8784764642472], [86.05782219278393, 19.887459575997106], [86.04825341433119, 19.887459575997106], [86.04825341433119, 19.8784764642472]]]}, "properties": {"depth_m": 0.92, "severity": "Severe", "elevation_m": 0.98, "dist_to_coast_km": 1.5, "district": "Puri"}}, {"type": "Feature", "geometry": {"type": "Polygon", "coordinates": [[[86.05782219278393, 19.8784764642472], [86.0673909712367, 19.8784764642472], [86.0673909712367, 19.887459575997106], [86.05782219278393, 19.887459575997106], [86.05782219278393, 19.8784764642472]]]}, "properties": {"depth_m": 0.81, "severity": "Severe", "elevation_m": 1.03, "dist_to_coast_km": 2.0, "district": "Puri"}}, {"type": "Feature", "geometry": {"type": "Polygon", "coordinates": [[[86.0673909712367, 19.8784764642472], [86.07695974968945, 19.8784764642472], [86.07695974968945, 19.887459575997106], [86.0673909712367, 19.887459575997106], [86.0673909712367, 19.8784764642472]]]}, "properties": {"depth_m": 0.64, "severity": "Severe", "elevation_m": 1.13, "dist_to_coast_km": 2.7, "district": "Puri"}}, {"type": "Feature", "geometry": {"type": "Polygon", "coordinates": [[[86.07695974968945, 19.8784764642472], [86.08652852814222, 19.8784764642472], [86.08652852814222, 19.887459575997106], [86.07695974968945, 19.887459575997106], [86.07695974968945, 19.8784764642472]]]}, "properties": {"depth_m": 0.44, "severity": "Moderate (Impassable)", "elevation_m": 1.23, "dist_to_coast_km": 3.6, "district": "Puri"}}, {"type": "Feature", "geometry": {"type": "Polygon", "coordinates": [[[86.08652852814222, 19.8784764642472], [86.09609730659497, 19.8784764642472], [86.09609730659497, 19.887459575997106], [86.08652852814222, 19.887459575997106], [86.08652852814222, 19.8784764642472]]]}, "properties": {"depth_m": 0.24, "severity": "Minor", "elevation_m": 1.35, "dist_to_coast_km": 4.6, "district": "Puri"}}, {"type": "Feature", "geometry": {"type": "Polygon", "coordinates": [[[85.58895204859871, 19.887459575997106], [85.59852082705146, 19.887459575997106], [85.59852082705146, 19.89644268774702], [85.58895204859871, 19.89644268774702], [85.58895204859871, 19.887459575997106]]]}, "properties": {"depth_m": 0.11, "severity": "Minor", "elevation_m": 2.42, "dist_to_coast_km": 16.8, "district": "Puri"}}, {"type": "Feature", "geometry": {"type": "Polygon", "coordinates": [[[85.59852082705146, 19.887459575997106], [85.60808960550423, 19.887459575997106], [85.60808960550423, 19.89644268774702], [85.59852082705146, 19.89644268774702], [85.59852082705146, 19.887459575997106]]]}, "properties": {"depth_m": 0.18, "severity": "Minor", "elevation_m": 2.38, "dist_to_coast_km": 16.5, "district": "Puri"}}, {"type": "Feature", "geometry": {"type": "Polygon", "coordinates": [[[85.60808960550423, 19.887459575997106], [85.61765838395698, 19.887459575997106], [85.61765838395698, 19.89644268774702], [85.60808960550423, 19.89644268774702], [85.60808960550423, 19.887459575997106]]]}, "properties": {"depth_m": 0.24, "severity": "Minor", "elevation_m": 2.35, "dist_to_coast_km": 16.3, "district": "Puri"}}, {"type": "Feature", "geometry": {"type": "Polygon", "coordinates": [[[85.61765838395698, 19.887459575997106], [85.62722716240975, 19.887459575997106], [85.62722716240975, 19.89644268774702], [85.61765838395698, 19.89644268774702], [85.61765838395698, 19.887459575997106]]]}, "properties": {"depth_m": 0.29, "severity": "Minor", "elevation_m": 2.33, "dist_to_coast_km": 16.0, "district": "Puri"}}, {"type": "Feature", "geometry": {"type": "Polygon", "coordinates": [[[85.62722716240975, 19.887459575997106], [85.6367959408625, 19.887459575997106], [85.6367959408625, 19.89644268774702], [85.62722716240975, 19.89644268774702], [85.62722716240975, 19.887459575997106]]]}, "properties": {"depth_m": 0.32, "severity": "Moderate (Impassable)", "elevation_m": 2.31, "dist_to_coast_km": 15.9, "district": "Puri"}}, {"type": "Feature", "geometry": {"type": "Polygon", "coordinates": [[[85.6367959408625, 19.887459575997106], [85.64636471931527, 19.887459575997106], [85.64636471931527, 19.89644268774702], [85.6367959408625, 19.89644268774702], [85.6367959408625, 19.887459575997106]]]}, "properties": {"depth_m": 0.34, "severity": "Moderate (Impassable)", "elevation_m": 2.3, "dist_to_coast_km": 15.8, "district": "Puri"}}, {"type": "Feature", "geometry": {"type": "Polygon", "coordinates": [[[85.64636471931527, 19.887459575997106], [85.65593349776802, 19.887459575997106], [85.65593349776802, 19.89644268774702], [85.64636471931527, 19.89644268774702], [85.64636471931527, 19.887459575997106]]]}, "properties": {"depth_m": 0.35, "severity": "Moderate (Impassable)", "elevation_m": 2.29, "dist_to_coast_km": 15.8, "district": "Puri"}}, {"type": "Feature", "geometry": {"type": "Polygon", "coordinates": [[[85.65593349776802, 19.887459575997106], [85.66550227622079, 19.887459575997106], [85.66550227622079, 19.89644268774702], [85.65593349776802, 19.89644268774702], [85.65593349776802, 19.887459575997106]]]}, "properties": {"depth_m": 0.34, "severity": "Moderate (Impassable)", "elevation_m": 2.3, "dist_to_coast_km": 15.8, "district": "Puri"}}, {"type": "Feature", "geometry": {"type": "Polygon", "coordinates": [[[85.66550227622079, 19.887459575997106], [85.67507105467354, 19.887459575997106], [85.67507105467354, 19.89644268774702], [85.66550227622079, 19.89644268774702], [85.66550227622079, 19.887459575997106]]]}, "properties": {"depth_m": 0.32, "severity": "Moderate (Impassable)", "elevation_m": 2.31, "dist_to_coast_km": 15.9, "district": "Puri"}}, {"type": "Feature", "geometry": {"type": "Polygon", "coordinates": [[[85.67507105467354, 19.887459575997106], [85.68463983312631, 19.887459575997106], [85.68463983312631, 19.89644268774702], [85.67507105467354, 19.89644268774702], [85.67507105467354, 19.887459575997106]]]}, "properties": {"depth_m": 0.28, "severity": "Minor", "elevation_m": 2.33, "dist_to_coast_km": 16.1, "district": "Puri"}}, {"type": "Feature", "geometry": {"type": "Polygon", "coordinates": [[[85.68463983312631, 19.887459575997106], [85.69420861157906, 19.887459575997106], [85.69420861157906, 19.89644268774702], [85.68463983312631, 19.89644268774702], [85.68463983312631, 19.887459575997106]]]}, "properties": {"depth_m": 0.23, "severity": "Minor", "elevation_m": 2.36, "dist_to_coast_km": 16.3, "district": "Puri"}}, {"type": "Feature", "geometry": {"type": "Polygon", "coordinates": [[[85.69420861157906, 19.887459575997106], [85.70377739003183, 19.887459575997106], [85.70377739003183, 19.89644268774702], [85.69420861157906, 19.89644268774702], [85.69420861157906, 19.887459575997106]]]}, "properties": {"depth_m": 0.17, "severity": "Minor", "elevation_m": 2.39, "dist_to_coast_km": 16.6, "district": "Puri"}}, {"type": "Feature", "geometry": {"type": "Polygon", "coordinates": [[[86.00997830052015, 19.887459575997106], [86.01954707897289, 19.887459575997106], [86.01954707897289, 19.89644268774702], [86.00997830052015, 19.89644268774702], [86.00997830052015, 19.887459575997106]]]}, "properties": {"depth_m": 0.27, "severity": "Minor", "elevation_m": 1.33, "dist_to_coast_km": 4.4, "district": "Puri"}}, {"type": "Feature", "geometry": {"type": "Polygon", "coordinates": [[[86.01954707897289, 19.887459575997106], [86.02911585742567, 19.887459575997106], [86.02911585742567, 19.89644268774702], [86.01954707897289, 19.89644268774702], [86.01954707897289, 19.887459575997106]]]}, "properties": {"depth_m": 0.44, "severity": "Moderate (Impassable)", "elevation_m": 1.24, "dist_to_coast_km": 3.6, "district": "Puri"}}, {"type": "Feature", "geometry": {"type": "Polygon", "coordinates": [[[86.02911585742567, 19.887459575997106], [86.03868463587841, 19.887459575997106], [86.03868463587841, 19.89644268774702], [86.02911585742567, 19.89644268774702], [86.02911585742567, 19.887459575997106]]]}, "properties": {"depth_m": 0.59, "severity": "Moderate (Impassable)", "elevation_m": 1.16, "dist_to_coast_km": 3.0, "district": "Puri"}}, {"type": "Feature", "geometry": {"type": "Polygon", "coordinates": [[[86.03868463587841, 19.887459575997106], [86.04825341433119, 19.887459575997106], [86.04825341433119, 19.89644268774702], [86.03868463587841, 19.89644268774702], [86.03868463587841, 19.887459575997106]]]}, "properties": {"depth_m": 0.68, "severity": "Severe", "elevation_m": 1.1, "dist_to_coast_km": 2.5, "district": "Puri"}}, {"type": "Feature", "geometry": {"type": "Polygon", "coordinates": [[[86.04825341433119, 19.887459575997106], [86.05782219278393, 19.887459575997106], [86.05782219278393, 19.89644268774702], [86.04825341433119, 19.89644268774702], [86.04825341433119, 19.887459575997106]]]}, "properties": {"depth_m": 0.7, "severity": "Severe", "elevation_m": 1.1, "dist_to_coast_km": 2.5, "district": "Puri"}}, {"type": "Feature", "geometry": {"type": "Polygon", "coordinates": [[[86.05782219278393, 19.887459575997106], [86.0673909712367, 19.887459575997106], [86.0673909712367, 19.89644268774702], [86.05782219278393, 19.89644268774702], [86.05782219278393, 19.887459575997106]]]}, "properties": {"depth_m": 0.63, "severity": "Severe", "elevation_m": 1.13, "dist_to_coast_km": 2.8, "district": "Puri"}}, {"type": "Feature", "geometry": {"type": "Polygon", "coordinates": [[[86.0673909712367, 19.887459575997106], [86.07695974968945, 19.887459575997106], [86.07695974968945, 19.89644268774702], [86.0673909712367, 19.89644268774702], [86.0673909712367, 19.887459575997106]]]}, "properties": {"depth_m": 0.5, "severity": "Moderate (Impassable)", "elevation_m": 1.2, "dist_to_coast_km": 3.4, "district": "Puri"}}, {"type": "Feature", "geometry": {"type": "Polygon", "coordinates": [[[86.07695974968945, 19.887459575997106], [86.08652852814222, 19.887459575997106], [86.08652852814222, 19.89644268774702], [86.07695974968945, 19.89644268774702], [86.07695974968945, 19.887459575997106]]]}, "properties": {"depth_m": 0.33, "severity": "Moderate (Impassable)", "elevation_m": 1.29, "dist_to_coast_km": 4.1, "district": "Puri"}}, {"type": "Feature", "geometry": {"type": "Polygon", "coordinates": [[[86.08652852814222, 19.887459575997106], [86.09609730659497, 19.887459575997106], [86.09609730659497, 19.89644268774702], [86.08652852814222, 19.89644268774702], [86.08652852814222, 19.887459575997106]]]}, "properties": {"depth_m": 0.15, "severity": "Minor", "elevation_m": 1.4, "dist_to_coast_km": 5.0, "district": "Puri"}}, {"type": "Feature", "geometry": {"type": "Polygon", "coordinates": [[[85.62722716240975, 19.89644268774702], [85.6367959408625, 19.89644268774702], [85.6367959408625, 19.905425799496925], [85.62722716240975, 19.905425799496925], [85.62722716240975, 19.89644268774702]]]}, "properties": {"depth_m": 0.1, "severity": "Minor", "elevation_m": 2.43, "dist_to_coast_km": 16.9, "district": "Puri"}}, {"type": "Feature", "geometry": {"type": "Polygon", "coordinates": [[[85.6367959408625, 19.89644268774702], [85.64636471931527, 19.89644268774702], [85.64636471931527, 19.905425799496925], [85.6367959408625, 19.905425799496925], [85.6367959408625, 19.89644268774702]]]}, "properties": {"depth_m": 0.12, "severity": "Minor", "elevation_m": 2.42, "dist_to_coast_km": 16.8, "district": "Puri"}}, {"type": "Feature", "geometry": {"type": "Polygon", "coordinates": [[[85.64636471931527, 19.89644268774702], [85.65593349776802, 19.89644268774702], [85.65593349776802, 19.905425799496925], [85.64636471931527, 19.905425799496925], [85.64636471931527, 19.89644268774702]]]}, "properties": {"depth_m": 0.13, "severity": "Minor", "elevation_m": 2.41, "dist_to_coast_km": 16.8, "district": "Puri"}}, {"type": "Feature", "geometry": {"type": "Polygon", "coordinates": [[[85.65593349776802, 19.89644268774702], [85.66550227622079, 19.89644268774702], [85.66550227622079, 19.905425799496925], [85.65593349776802, 19.905425799496925], [85.65593349776802, 19.89644268774702]]]}, "properties": {"depth_m": 0.12, "severity": "Minor", "elevation_m": 2.42, "dist_to_coast_km": 16.8, "district": "Puri"}}, {"type": "Feature", "geometry": {"type": "Polygon", "coordinates": [[[86.00997830052015, 19.89644268774702], [86.01954707897289, 19.89644268774702], [86.01954707897289, 19.905425799496925], [86.00997830052015, 19.905425799496925], [86.00997830052015, 19.89644268774702]]]}, "properties": {"depth_m": 0.13, "severity": "Minor", "elevation_m": 1.4, "dist_to_coast_km": 5.0, "district": "Puri"}}, {"type": "Feature", "geometry": {"type": "Polygon", "coordinates": [[[86.01954707897289, 19.89644268774702], [86.02911585742567, 19.89644268774702], [86.02911585742567, 19.905425799496925], [86.01954707897289, 19.905425799496925], [86.01954707897289, 19.89644268774702]]]}, "properties": {"depth_m": 0.28, "severity": "Minor", "elevation_m": 1.32, "dist_to_coast_km": 4.4, "district": "Puri"}}, {"type": "Feature", "geometry": {"type": "Polygon", "coordinates": [[[86.02911585742567, 19.89644268774702], [86.03868463587841, 19.89644268774702], [86.03868463587841, 19.905425799496925], [86.02911585742567, 19.905425799496925], [86.02911585742567, 19.89644268774702]]]}, "properties": {"depth_m": 0.4, "severity": "Moderate (Impassable)", "elevation_m": 1.26, "dist_to_coast_km": 3.8, "district": "Puri"}}, {"type": "Feature", "geometry": {"type": "Polygon", "coordinates": [[[86.03868463587841, 19.89644268774702], [86.04825341433119, 19.89644268774702], [86.04825341433119, 19.905425799496925], [86.03868463587841, 19.905425799496925], [86.03868463587841, 19.89644268774702]]]}, "properties": {"depth_m": 0.47, "severity": "Moderate (Impassable)", "elevation_m": 1.22, "dist_to_coast_km": 3.5, "district": "Puri"}}, {"type": "Feature", "geometry": {"type": "Polygon", "coordinates": [[[86.04825341433119, 19.89644268774702], [86.05782219278393, 19.89644268774702], [86.05782219278393, 19.905425799496925], [86.04825341433119, 19.905425799496925], [86.04825341433119, 19.89644268774702]]]}, "properties": {"depth_m": 0.48, "severity": "Moderate (Impassable)", "elevation_m": 1.21, "dist_to_coast_km": 3.5, "district": "Puri"}}, {"type": "Feature", "geometry": {"type": "Polygon", "coordinates": [[[86.05782219278393, 19.89644268774702], [86.0673909712367, 19.89644268774702], [86.0673909712367, 19.905425799496925], [86.05782219278393, 19.905425799496925], [86.05782219278393, 19.89644268774702]]]}, "properties": {"depth_m": 0.43, "severity": "Moderate (Impassable)", "elevation_m": 1.24, "dist_to_coast_km": 3.7, "district": "Puri"}}, {"type": "Feature", "geometry": {"type": "Polygon", "coordinates": [[[86.0673909712367, 19.89644268774702], [86.07695974968945, 19.89644268774702], [86.07695974968945, 19.905425799496925], [86.0673909712367, 19.905425799496925], [86.0673909712367, 19.89644268774702]]]}, "properties": {"depth_m": 0.33, "severity": "Moderate (Impassable)", "elevation_m": 1.3, "dist_to_coast_km": 4.1, "district": "Puri"}}, {"type": "Feature", "geometry": {"type": "Polygon", "coordinates": [[[86.07695974968945, 19.89644268774702], [86.08652852814222, 19.89644268774702], [86.08652852814222, 19.905425799496925], [86.07695974968945, 19.905425799496925], [86.07695974968945, 19.89644268774702]]]}, "properties": {"depth_m": 0.19, "severity": "Minor", "elevation_m": 1.37, "dist_to_coast_km": 4.8, "district": "Puri"}}, {"type": "Feature", "geometry": {"type": "Polygon", "coordinates": [[[86.02911585742567, 19.905425799496925], [86.03868463587841, 19.905425799496925], [86.03868463587841, 19.914408911246838], [86.02911585742567, 19.914408911246838], [86.02911585742567, 19.905425799496925]]]}, "properties": {"depth_m": 0.2, "severity": "Minor", "elevation_m": 1.37, "dist_to_coast_km": 4.7, "district": "Puri"}}, {"type": "Feature", "geometry": {"type": "Polygon", "coordinates": [[[86.03868463587841, 19.905425799496925], [86.04825341433119, 19.905425799496925], [86.04825341433119, 19.914408911246838], [86.03868463587841, 19.914408911246838], [86.03868463587841, 19.905425799496925]]]}, "properties": {"depth_m": 0.25, "severity": "Minor", "elevation_m": 1.34, "dist_to_coast_km": 4.5, "district": "Puri"}}, {"type": "Feature", "geometry": {"type": "Polygon", "coordinates": [[[86.04825341433119, 19.905425799496925], [86.05782219278393, 19.905425799496925], [86.05782219278393, 19.914408911246838], [86.04825341433119, 19.914408911246838], [86.04825341433119, 19.905425799496925]]]}, "properties": {"depth_m": 0.26, "severity": "Minor", "elevation_m": 1.33, "dist_to_coast_km": 4.4, "district": "Puri"}}, {"type": "Feature", "geometry": {"type": "Polygon", "coordinates": [[[86.05782219278393, 19.905425799496925], [86.0673909712367, 19.905425799496925], [86.0673909712367, 19.914408911246838], [86.05782219278393, 19.914408911246838], [86.05782219278393, 19.905425799496925]]]}, "properties": {"depth_m": 0.22, "severity": "Minor", "elevation_m": 1.36, "dist_to_coast_km": 4.6, "district": "Puri"}}, {"type": "Feature", "geometry": {"type": "Polygon", "coordinates": [[[86.0673909712367, 19.905425799496925], [86.07695974968945, 19.905425799496925], [86.07695974968945, 19.914408911246838], [86.0673909712367, 19.914408911246838], [86.0673909712367, 19.905425799496925]]]}, "properties": {"depth_m": 0.14, "severity": "Minor", "elevation_m": 1.4, "dist_to_coast_km": 5.0, "district": "Puri"}}, {"type": "Feature", "geometry": {"type": "Polygon", "coordinates": [[[86.2587665402919, 19.932375134746657], [86.26833531874465, 19.932375134746657], [86.26833531874465, 19.941358246496563], [86.2587665402919, 19.941358246496563], [86.2587665402919, 19.932375134746657]]]}, "properties": {"depth_m": 0.12, "severity": "Minor", "elevation_m": 1.38, "dist_to_coast_km": 4.8, "district": "Puri"}}, {"type": "Feature", "geometry": {"type": "Polygon", "coordinates": [[[86.26833531874465, 19.932375134746657], [86.27790409719742, 19.932375134746657], [86.27790409719742, 19.941358246496563], [86.26833531874465, 19.941358246496563], [86.26833531874465, 19.932375134746657]]]}, "properties": {"depth_m": 0.13, "severity": "Minor", "elevation_m": 1.38, "dist_to_coast_km": 4.8, "district": "Puri"}}, {"type": "Feature", "geometry": {"type": "Polygon", "coordinates": [[[86.23962898338638, 19.941358246496563], [86.24919776183913, 19.941358246496563], [86.24919776183913, 19.950341358246476], [86.23962898338638, 19.950341358246476], [86.23962898338638, 19.941358246496563]]]}, "properties": {"depth_m": 0.17, "severity": "Minor", "elevation_m": 1.36, "dist_to_coast_km": 4.6, "district": "Puri"}}, {"type": "Feature", "geometry": {"type": "Polygon", "coordinates": [[[86.24919776183913, 19.941358246496563], [86.2587665402919, 19.941358246496563], [86.2587665402919, 19.950341358246476], [86.24919776183913, 19.950341358246476], [86.24919776183913, 19.941358246496563]]]}, "properties": {"depth_m": 0.28, "severity": "Minor", "elevation_m": 1.3, "dist_to_coast_km": 4.1, "district": "Puri"}}, {"type": "Feature", "geometry": {"type": "Polygon", "coordinates": [[[86.2587665402919, 19.941358246496563], [86.26833531874465, 19.941358246496563], [86.26833531874465, 19.950341358246476], [86.2587665402919, 19.950341358246476], [86.2587665402919, 19.941358246496563]]]}, "properties": {"depth_m": 0.34, "severity": "Moderate (Impassable)", "elevation_m": 1.26, "dist_to_coast_km": 3.9, "district": "Puri"}}, {"type": "Feature", "geometry": {"type": "Polygon", "coordinates": [[[86.26833531874465, 19.941358246496563], [86.27790409719742, 19.941358246496563], [86.27790409719742, 19.950341358246476], [86.26833531874465, 19.950341358246476], [86.26833531874465, 19.941358246496563]]]}, "properties": {"depth_m": 0.35, "severity": "Moderate (Impassable)", "elevation_m": 1.26, "dist_to_coast_km": 3.8, "district": "Puri"}}, {"type": "Feature", "geometry": {"type": "Polygon", "coordinates": [[[86.27790409719742, 19.941358246496563], [86.28747287565017, 19.941358246496563], [86.28747287565017, 19.950341358246476], [86.27790409719742, 19.950341358246476], [86.27790409719742, 19.941358246496563]]]}, "properties": {"depth_m": 0.31, "severity": "Moderate (Impassable)", "elevation_m": 1.28, "dist_to_coast_km": 4.0, "district": "Puri"}}, {"type": "Feature", "geometry": {"type": "Polygon", "coordinates": [[[86.28747287565017, 19.941358246496563], [86.29704165410294, 19.941358246496563], [86.29704165410294, 19.950341358246476], [86.28747287565017, 19.950341358246476], [86.28747287565017, 19.941358246496563]]]}, "properties": {"depth_m": 0.21, "severity": "Minor", "elevation_m": 1.33, "dist_to_coast_km": 4.5, "district": "Puri"}}, {"type": "Feature", "geometry": {"type": "Polygon", "coordinates": [[[86.23006020493361, 19.950341358246476], [86.23962898338638, 19.950341358246476], [86.23962898338638, 19.959324469996382], [86.23006020493361, 19.959324469996382], [86.23006020493361, 19.950341358246476]]]}, "properties": {"depth_m": 0.17, "severity": "Minor", "elevation_m": 1.35, "dist_to_coast_km": 4.6, "district": "Puri"}}, {"type": "Feature", "geometry": {"type": "Polygon", "coordinates": [[[86.23962898338638, 19.950341358246476], [86.24919776183913, 19.950341358246476], [86.24919776183913, 19.959324469996382], [86.23962898338638, 19.959324469996382], [86.23962898338638, 19.950341358246476]]]}, "properties": {"depth_m": 0.34, "severity": "Moderate (Impassable)", "elevation_m": 1.26, "dist_to_coast_km": 3.9, "district": "Puri"}}, {"type": "Feature", "geometry": {"type": "Polygon", "coordinates": [[[86.24919776183913, 19.950341358246476], [86.2587665402919, 19.950341358246476], [86.2587665402919, 19.959324469996382], [86.24919776183913, 19.959324469996382], [86.24919776183913, 19.950341358246476]]]}, "properties": {"depth_m": 0.47, "severity": "Moderate (Impassable)", "elevation_m": 1.19, "dist_to_coast_km": 3.3, "district": "Puri"}}, {"type": "Feature", "geometry": {"type": "Polygon", "coordinates": [[[86.2587665402919, 19.950341358246476], [86.26833531874465, 19.950341358246476], [86.26833531874465, 19.959324469996382], [86.2587665402919, 19.959324469996382], [86.2587665402919, 19.950341358246476]]]}, "properties": {"depth_m": 0.56, "severity": "Moderate (Impassable)", "elevation_m": 1.15, "dist_to_coast_km": 2.9, "district": "Puri"}}, {"type": "Feature", "geometry": {"type": "Polygon", "coordinates": [[[86.26833531874465, 19.950341358246476], [86.27790409719742, 19.950341358246476], [86.27790409719742, 19.959324469996382], [86.26833531874465, 19.959324469996382], [86.26833531874465, 19.950341358246476]]]}, "properties": {"depth_m": 0.57, "severity": "Moderate (Impassable)", "elevation_m": 1.14, "dist_to_coast_km": 2.8, "district": "Puri"}}, {"type": "Feature", "geometry": {"type": "Polygon", "coordinates": [[[86.27790409719742, 19.950341358246476], [86.28747287565017, 19.950341358246476], [86.28747287565017, 19.959324469996382], [86.27790409719742, 19.959324469996382], [86.27790409719742, 19.950341358246476]]]}, "properties": {"depth_m": 0.51, "severity": "Moderate (Impassable)", "elevation_m": 1.17, "dist_to_coast_km": 3.1, "district": "Puri"}}, {"type": "Feature", "geometry": {"type": "Polygon", "coordinates": [[[86.28747287565017, 19.950341358246476], [86.29704165410294, 19.950341358246476], [86.29704165410294, 19.959324469996382], [86.28747287565017, 19.959324469996382], [86.28747287565017, 19.950341358246476]]]}, "properties": {"depth_m": 0.39, "severity": "Moderate (Impassable)", "elevation_m": 1.24, "dist_to_coast_km": 3.6, "district": "Puri"}}, {"type": "Feature", "geometry": {"type": "Polygon", "coordinates": [[[86.29704165410294, 19.950341358246476], [86.30661043255569, 19.950341358246476], [86.30661043255569, 19.959324469996382], [86.29704165410294, 19.959324469996382], [86.29704165410294, 19.950341358246476]]]}, "properties": {"depth_m": 0.23, "severity": "Minor", "elevation_m": 1.32, "dist_to_coast_km": 4.3, "district": "Puri"}}, {"type": "Feature", "geometry": {"type": "Polygon", "coordinates": [[[86.23006020493361, 19.959324469996382], [86.23962898338638, 19.959324469996382], [86.23962898338638, 19.968307581746295], [86.23006020493361, 19.968307581746295], [86.23006020493361, 19.959324469996382]]]}, "properties": {"depth_m": 0.29, "severity": "Minor", "elevation_m": 1.29, "dist_to_coast_km": 4.1, "district": "Puri"}}, {"type": "Feature", "geometry": {"type": "Polygon", "coordinates": [[[86.23962898338638, 19.959324469996382], [86.24919776183913, 19.959324469996382], [86.24919776183913, 19.968307581746295], [86.23962898338638, 19.968307581746295], [86.23962898338638, 19.959324469996382]]]}, "properties": {"depth_m": 0.48, "severity": "Moderate (Impassable)", "elevation_m": 1.19, "dist_to_coast_km": 3.2, "district": "Puri"}}, {"type": "Feature", "geometry": {"type": "Polygon", "coordinates": [[[86.24919776183913, 19.959324469996382], [86.2587665402919, 19.959324469996382], [86.2587665402919, 19.968307581746295], [86.24919776183913, 19.968307581746295], [86.24919776183913, 19.959324469996382]]]}, "properties": {"depth_m": 0.65, "severity": "Severe", "elevation_m": 1.09, "dist_to_coast_km": 2.5, "district": "Puri"}}, {"type": "Feature", "geometry": {"type": "Polygon", "coordinates": [[[86.2587665402919, 19.959324469996382], [86.26833531874465, 19.959324469996382], [86.26833531874465, 19.968307581746295], [86.2587665402919, 19.968307581746295], [86.2587665402919, 19.959324469996382]]]}, "properties": {"depth_m": 0.77, "severity": "Severe", "elevation_m": 1.03, "dist_to_coast_km": 1.9, "district": "Puri"}}, {"type": "Feature", "geometry": {"type": "Polygon", "coordinates": [[[86.26833531874465, 19.959324469996382], [86.27790409719742, 19.959324469996382], [86.27790409719742, 19.968307581746295], [86.26833531874465, 19.968307581746295], [86.26833531874465, 19.959324469996382]]]}, "properties": {"depth_m": 0.79, "severity": "Severe", "elevation_m": 1.02, "dist_to_coast_km": 1.8, "district": "Puri"}}, {"type": "Feature", "geometry": {"type": "Polygon", "coordinates": [[[86.27790409719742, 19.959324469996382], [86.28747287565017, 19.959324469996382], [86.28747287565017, 19.968307581746295], [86.27790409719742, 19.968307581746295], [86.27790409719742, 19.959324469996382]]]}, "properties": {"depth_m": 0.7, "severity": "Severe", "elevation_m": 1.07, "dist_to_coast_km": 2.2, "district": "Puri"}}, {"type": "Feature", "geometry": {"type": "Polygon", "coordinates": [[[86.28747287565017, 19.959324469996382], [86.29704165410294, 19.959324469996382], [86.29704165410294, 19.968307581746295], [86.28747287565017, 19.968307581746295], [86.28747287565017, 19.959324469996382]]]}, "properties": {"depth_m": 0.54, "severity": "Moderate (Impassable)", "elevation_m": 1.15, "dist_to_coast_km": 2.9, "district": "Puri"}}, {"type": "Feature", "geometry": {"type": "Polygon", "coordinates": [[[86.29704165410294, 19.959324469996382], [86.30661043255569, 19.959324469996382], [86.30661043255569, 19.968307581746295], [86.29704165410294, 19.968307581746295], [86.29704165410294, 19.959324469996382]]]}, "properties": {"depth_m": 0.36, "severity": "Moderate (Impassable)", "elevation_m": 1.25, "dist_to_coast_km": 3.8, "district": "Puri"}}, {"type": "Feature", "geometry": {"type": "Polygon", "coordinates": [[[86.30661043255569, 19.959324469996382], [86.31617921100846, 19.959324469996382], [86.31617921100846, 19.968307581746295], [86.30661043255569, 19.968307581746295], [86.30661043255569, 19.959324469996382]]]}, "properties": {"depth_m": 0.16, "severity": "Minor", "elevation_m": 1.36, "dist_to_coast_km": 4.7, "district": "Puri"}}, {"type": "Feature", "geometry": {"type": "Polygon", "coordinates": [[[86.22049142648086, 19.968307581746295], [86.23006020493361, 19.968307581746295], [86.23006020493361, 19.9772906934962], [86.22049142648086, 19.9772906934962], [86.22049142648086, 19.968307581746295]]]}, "properties": {"depth_m": 0.15, "severity": "Minor", "elevation_m": 1.37, "dist_to_coast_km": 4.7, "district": "Puri"}}, {"type": "Feature", "geometry": {"type": "Polygon", "coordinates": [[[86.23006020493361, 19.968307581746295], [86.23962898338638, 19.968307581746295], [86.23962898338638, 19.9772906934962], [86.23006020493361, 19.9772906934962], [86.23006020493361, 19.968307581746295]]]}, "properties": {"depth_m": 0.36, "severity": "Moderate (Impassable)", "elevation_m": 1.25, "dist_to_coast_km": 3.8, "district": "Puri"}}, {"type": "Feature", "geometry": {"type": "Polygon", "coordinates": [[[86.23962898338638, 19.968307581746295], [86.24919776183913, 19.968307581746295], [86.24919776183913, 19.9772906934962], [86.23962898338638, 19.9772906934962], [86.23962898338638, 19.968307581746295]]]}, "properties": {"depth_m": 0.58, "severity": "Moderate (Impassable)", "elevation_m": 1.13, "dist_to_coast_km": 2.8, "district": "Puri"}}, {"type": "Feature", "geometry": {"type": "Polygon", "coordinates": [[[86.24919776183913, 19.968307581746295], [86.2587665402919, 19.968307581746295], [86.2587665402919, 19.9772906934962], [86.24919776183913, 19.9772906934962], [86.24919776183913, 19.968307581746295]]]}, "properties": {"depth_m": 0.78, "severity": "Severe", "elevation_m": 1.02, "dist_to_coast_km": 1.9, "district": "Puri"}}, {"type": "Feature", "geometry": {"type": "Polygon", "coordinates": [[[86.2587665402919, 19.968307581746295], [86.26833531874465, 19.968307581746295], [86.26833531874465, 19.9772906934962], [86.2587665402919, 19.9772906934962], [86.2587665402919, 19.968307581746295]]]}, "properties": {"depth_m": 0.96, "severity": "Severe", "elevation_m": 0.93, "dist_to_coast_km": 1.0, "district": "Puri"}}, {"type": "Feature", "geometry": {"type": "Polygon", "coordinates": [[[86.26833531874465, 19.968307581746295], [86.27790409719742, 19.968307581746295], [86.27790409719742, 19.9772906934962], [86.26833531874465, 19.9772906934962], [86.26833531874465, 19.968307581746295]]]}, "properties": {"depth_m": 1.0, "severity": "Severe", "elevation_m": 0.9, "dist_to_coast_km": 0.9, "district": "Puri"}}, {"type": "Feature", "geometry": {"type": "Polygon", "coordinates": [[[86.27790409719742, 19.968307581746295], [86.28747287565017, 19.968307581746295], [86.28747287565017, 19.9772906934962], [86.27790409719742, 19.9772906934962], [86.27790409719742, 19.968307581746295]]]}, "properties": {"depth_m": 0.85, "severity": "Severe", "elevation_m": 0.99, "dist_to_coast_km": 1.5, "district": "Puri"}}, {"type": "Feature", "geometry": {"type": "Polygon", "coordinates": [[[86.28747287565017, 19.968307581746295], [86.29704165410294, 19.968307581746295], [86.29704165410294, 19.9772906934962], [86.28747287565017, 19.9772906934962], [86.28747287565017, 19.968307581746295]]]}, "properties": {"depth_m": 0.65, "severity": "Severe", "elevation_m": 1.1, "dist_to_coast_km": 2.5, "district": "Puri"}}, {"type": "Feature", "geometry": {"type": "Polygon", "coordinates": [[[86.29704165410294, 19.968307581746295], [86.30661043255569, 19.968307581746295], [86.30661043255569, 19.9772906934962], [86.29704165410294, 19.9772906934962], [86.29704165410294, 19.968307581746295]]]}, "properties": {"depth_m": 0.44, "severity": "Moderate (Impassable)", "elevation_m": 1.21, "dist_to_coast_km": 3.4, "district": "Puri"}}, {"type": "Feature", "geometry": {"type": "Polygon", "coordinates": [[[86.30661043255569, 19.968307581746295], [86.31617921100846, 19.968307581746295], [86.31617921100846, 19.9772906934962], [86.30661043255569, 19.9772906934962], [86.30661043255569, 19.968307581746295]]]}, "properties": {"depth_m": 0.22, "severity": "Minor", "elevation_m": 1.33, "dist_to_coast_km": 4.4, "district": "Puri"}}, {"type": "Feature", "geometry": {"type": "Polygon", "coordinates": [[[86.22049142648086, 19.9772906934962], [86.23006020493361, 19.9772906934962], [86.23006020493361, 19.986273805246114], [86.22049142648086, 19.986273805246114], [86.22049142648086, 19.9772906934962]]]}, "properties": {"depth_m": 0.16, "severity": "Minor", "elevation_m": 1.36, "dist_to_coast_km": 4.7, "district": "Puri"}}, {"type": "Feature", "geometry": {"type": "Polygon", "coordinates": [[[86.23006020493361, 19.9772906934962], [86.23962898338638, 19.9772906934962], [86.23962898338638, 19.986273805246114], [86.23006020493361, 19.986273805246114], [86.23006020493361, 19.9772906934962]]]}, "properties": {"depth_m": 0.38, "severity": "Moderate (Impassable)", "elevation_m": 1.24, "dist_to_coast_km": 3.7, "district": "Puri"}}, {"type": "Feature", "geometry": {"type": "Polygon", "coordinates": [[[86.23962898338638, 19.9772906934962], [86.24919776183913, 19.9772906934962], [86.24919776183913, 19.986273805246114], [86.23962898338638, 19.986273805246114], [86.23962898338638, 19.9772906934962]]]}, "properties": {"depth_m": 0.6, "severity": "Severe", "elevation_m": 1.12, "dist_to_coast_km": 2.7, "district": "Puri"}}, {"type": "Feature", "geometry": {"type": "Polygon", "coordinates": [[[86.24919776183913, 19.9772906934962], [86.2587665402919, 19.9772906934962], [86.2587665402919, 19.986273805246114], [86.24919776183913, 19.986273805246114], [86.24919776183913, 19.9772906934962]]]}, "properties": {"depth_m": 0.82, "severity": "Severe", "elevation_m": 1.0, "dist_to_coast_km": 1.7, "district": "Puri"}}, {"type": "Feature", "geometry": {"type": "Polygon", "coordinates": [[[86.2587665402919, 19.9772906934962], [86.26833531874465, 19.9772906934962], [86.26833531874465, 19.986273805246114], [86.2587665402919, 19.986273805246114], [86.2587665402919, 19.9772906934962]]]}, "properties": {"depth_m": 1.04, "severity": "Severe", "elevation_m": 0.88, "dist_to_coast_km": 0.7, "district": "Puri"}}, {"type": "Feature", "geometry": {"type": "Polygon", "coordinates": [[[86.26833531874465, 19.9772906934962], [86.27790409719742, 19.9772906934962], [86.27790409719742, 19.986273805246114], [86.26833531874465, 19.986273805246114], [86.26833531874465, 19.9772906934962]]]}, "properties": {"depth_m": 1.11, "severity": "Severe", "elevation_m": 0.85, "dist_to_coast_km": 0.4, "district": "Puri"}}, {"type": "Feature", "geometry": {"type": "Polygon", "coordinates": [[[86.27790409719742, 19.9772906934962], [86.28747287565017, 19.9772906934962], [86.28747287565017, 19.986273805246114], [86.27790409719742, 19.986273805246114], [86.27790409719742, 19.9772906934962]]]}, "properties": {"depth_m": 0.9, "severity": "Severe", "elevation_m": 0.96, "dist_to_coast_km": 1.3, "district": "Puri"}}, {"type": "Feature", "geometry": {"type": "Polygon", "coordinates": [[[86.28747287565017, 19.9772906934962], [86.29704165410294, 19.9772906934962], [86.29704165410294, 19.986273805246114], [86.28747287565017, 19.986273805246114], [86.28747287565017, 19.9772906934962]]]}, "properties": {"depth_m": 0.68, "severity": "Severe", "elevation_m": 1.08, "dist_to_coast_km": 2.3, "district": "Puri"}}, {"type": "Feature", "geometry": {"type": "Polygon", "coordinates": [[[86.29704165410294, 19.9772906934962], [86.30661043255569, 19.9772906934962], [86.30661043255569, 19.986273805246114], [86.29704165410294, 19.986273805246114], [86.29704165410294, 19.9772906934962]]]}, "properties": {"depth_m": 0.46, "severity": "Moderate (Impassable)", "elevation_m": 1.2, "dist_to_coast_km": 3.3, "district": "Puri"}}, {"type": "Feature", "geometry": {"type": "Polygon", "coordinates": [[[86.30661043255569, 19.9772906934962], [86.31617921100846, 19.9772906934962], [86.31617921100846, 19.986273805246114], [86.30661043255569, 19.986273805246114], [86.30661043255569, 19.9772906934962]]]}, "properties": {"depth_m": 0.24, "severity": "Minor", "elevation_m": 1.32, "dist_to_coast_km": 4.3, "district": "Puri"}}, {"type": "Feature", "geometry": {"type": "Polygon", "coordinates": [[[86.22049142648086, 19.986273805246114], [86.23006020493361, 19.986273805246114], [86.23006020493361, 19.99525691699602], [86.22049142648086, 19.99525691699602], [86.22049142648086, 19.986273805246114]]]}, "properties": {"depth_m": 0.13, "severity": "Minor", "elevation_m": 1.38, "dist_to_coast_km": 4.8, "district": "Puri"}}, {"type": "Feature", "geometry": {"type": "Polygon", "coordinates": [[[86.23006020493361, 19.986273805246114], [86.23962898338638, 19.986273805246114], [86.23962898338638, 19.99525691699602], [86.23006020493361, 19.99525691699602], [86.23006020493361, 19.986273805246114]]]}, "properties": {"depth_m": 0.34, "severity": "Moderate (Impassable)", "elevation_m": 1.26, "dist_to_coast_km": 3.9, "district": "Puri"}}, {"type": "Feature", "geometry": {"type": "Polygon", "coordinates": [[[86.23962898338638, 19.986273805246114], [86.24919776183913, 19.986273805246114], [86.24919776183913, 19.99525691699602], [86.23962898338638, 19.99525691699602], [86.23962898338638, 19.986273805246114]]]}, "properties": {"depth_m": 0.55, "severity": "Moderate (Impassable)", "elevation_m": 1.15, "dist_to_coast_km": 2.9, "district": "Puri"}}, {"type": "Feature", "geometry": {"type": "Polygon", "coordinates": [[[86.24919776183913, 19.986273805246114], [86.2587665402919, 19.986273805246114], [86.2587665402919, 19.99525691699602], [86.24919776183913, 19.99525691699602], [86.24919776183913, 19.986273805246114]]]}, "properties": {"depth_m": 0.74, "severity": "Severe", "elevation_m": 1.05, "dist_to_coast_km": 2.1, "district": "Puri"}}, {"type": "Feature", "geometry": {"type": "Polygon", "coordinates": [[[86.2587665402919, 19.986273805246114], [86.26833531874465, 19.986273805246114], [86.26833531874465, 19.99525691699602], [86.2587665402919, 19.99525691699602], [86.2587665402919, 19.986273805246114]]]}, "properties": {"depth_m": 0.89, "severity": "Severe", "elevation_m": 0.96, "dist_to_coast_km": 1.4, "district": "Puri"}}, {"type": "Feature", "geometry": {"type": "Polygon", "coordinates": [[[86.26833531874465, 19.986273805246114], [86.27790409719742, 19.986273805246114], [86.27790409719742, 19.99525691699602], [86.26833531874465, 19.99525691699602], [86.26833531874465, 19.986273805246114]]]}, "properties": {"depth_m": 0.92, "severity": "Severe", "elevation_m": 0.95, "dist_to_coast_km": 1.2, "district": "Puri"}}, {"type": "Feature", "geometry": {"type": "Polygon", "coordinates": [[[86.27790409719742, 19.986273805246114], [86.28747287565017, 19.986273805246114], [86.28747287565017, 19.99525691699602], [86.27790409719742, 19.99525691699602], [86.27790409719742, 19.986273805246114]]]}, "properties": {"depth_m": 0.8, "severity": "Severe", "elevation_m": 1.01, "dist_to_coast_km": 1.8, "district": "Puri"}}, {"type": "Feature", "geometry": {"type": "Polygon", "coordinates": [[[86.28747287565017, 19.986273805246114], [86.29704165410294, 19.986273805246114], [86.29704165410294, 19.99525691699602], [86.28747287565017, 19.99525691699602], [86.28747287565017, 19.986273805246114]]]}, "properties": {"depth_m": 0.61, "severity": "Severe", "elevation_m": 1.11, "dist_to_coast_km": 2.6, "district": "Puri"}}, {"type": "Feature", "geometry": {"type": "Polygon", "coordinates": [[[86.29704165410294, 19.986273805246114], [86.30661043255569, 19.986273805246114], [86.30661043255569, 19.99525691699602], [86.29704165410294, 19.99525691699602], [86.29704165410294, 19.986273805246114]]]}, "properties": {"depth_m": 0.41, "severity": "Moderate (Impassable)", "elevation_m": 1.22, "dist_to_coast_km": 3.5, "district": "Puri"}}, {"type": "Feature", "geometry": {"type": "Polygon", "coordinates": [[[86.30661043255569, 19.986273805246114], [86.31617921100846, 19.986273805246114], [86.31617921100846, 19.99525691699602], [86.30661043255569, 19.99525691699602], [86.30661043255569, 19.986273805246114]]]}, "properties": {"depth_m": 0.2, "severity": "Minor", "elevation_m": 1.34, "dist_to_coast_km": 4.5, "district": "Puri"}}, {"type": "Feature", "geometry": {"type": "Polygon", "coordinates": [[[86.23006020493361, 19.99525691699602], [86.23962898338638, 19.99525691699602], [86.23962898338638, 20.004240028745933], [86.23006020493361, 20.004240028745933], [86.23006020493361, 19.99525691699602]]]}, "properties": {"depth_m": 0.25, "severity": "Minor", "elevation_m": 1.31, "dist_to_coast_km": 4.3, "district": "Puri"}}, {"type": "Feature", "geometry": {"type": "Polygon", "coordinates": [[[86.23962898338638, 19.99525691699602], [86.24919776183913, 19.99525691699602], [86.24919776183913, 20.004240028745933], [86.23962898338638, 20.004240028745933], [86.23962898338638, 19.99525691699602]]]}, "properties": {"depth_m": 0.43, "severity": "Moderate (Impassable)", "elevation_m": 1.22, "dist_to_coast_km": 3.5, "district": "Puri"}}, {"type": "Feature", "geometry": {"type": "Polygon", "coordinates": [[[86.24919776183913, 19.99525691699602], [86.2587665402919, 19.99525691699602], [86.2587665402919, 20.004240028745933], [86.24919776183913, 20.004240028745933], [86.24919776183913, 19.99525691699602]]]}, "properties": {"depth_m": 0.58, "severity": "Moderate (Impassable)", "elevation_m": 1.13, "dist_to_coast_km": 2.8, "district": "Puri"}}, {"type": "Feature", "geometry": {"type": "Polygon", "coordinates": [[[86.2587665402919, 19.99525691699602], [86.26833531874465, 19.99525691699602], [86.26833531874465, 20.004240028745933], [86.2587665402919, 20.004240028745933], [86.2587665402919, 19.99525691699602]]]}, "properties": {"depth_m": 0.68, "severity": "Severe", "elevation_m": 1.08, "dist_to_coast_km": 2.3, "district": "Puri"}}, {"type": "Feature", "geometry": {"type": "Polygon", "coordinates": [[[86.26833531874465, 19.99525691699602], [86.27790409719742, 19.99525691699602], [86.27790409719742, 20.004240028745933], [86.26833531874465, 20.004240028745933], [86.26833531874465, 19.99525691699602]]]}, "properties": {"depth_m": 0.7, "severity": "Severe", "elevation_m": 1.07, "dist_to_coast_km": 2.2, "district": "Puri"}}, {"type": "Feature", "geometry": {"type": "Polygon", "coordinates": [[[86.27790409719742, 19.99525691699602], [86.28747287565017, 19.99525691699602], [86.28747287565017, 20.004240028745933], [86.27790409719742, 20.004240028745933], [86.27790409719742, 19.99525691699602]]]}, "properties": {"depth_m": 0.63, "severity": "Severe", "elevation_m": 1.11, "dist_to_coast_km": 2.6, "district": "Puri"}}, {"type": "Feature", "geometry": {"type": "Polygon", "coordinates": [[[86.28747287565017, 19.99525691699602], [86.29704165410294, 19.99525691699602], [86.29704165410294, 20.004240028745933], [86.28747287565017, 20.004240028745933], [86.28747287565017, 19.99525691699602]]]}, "properties": {"depth_m": 0.49, "severity": "Moderate (Impassable)", "elevation_m": 1.18, "dist_to_coast_km": 3.2, "district": "Puri"}}, {"type": "Feature", "geometry": {"type": "Polygon", "coordinates": [[[86.29704165410294, 19.99525691699602], [86.30661043255569, 19.99525691699602], [86.30661043255569, 20.004240028745933], [86.29704165410294, 20.004240028745933], [86.29704165410294, 19.99525691699602]]]}, "properties": {"depth_m": 0.31, "severity": "Moderate (Impassable)", "elevation_m": 1.28, "dist_to_coast_km": 4.0, "district": "Puri"}}, {"type": "Feature", "geometry": {"type": "Polygon", "coordinates": [[[86.30661043255569, 19.99525691699602], [86.31617921100846, 19.99525691699602], [86.31617921100846, 20.004240028745933], [86.30661043255569, 20.004240028745933], [86.30661043255569, 19.99525691699602]]]}, "properties": {"depth_m": 0.12, "severity": "Minor", "elevation_m": 1.38, "dist_to_coast_km": 4.9, "district": "Puri"}}, {"type": "Feature", "geometry": {"type": "Polygon", "coordinates": [[[86.23006020493361, 20.004240028745933], [86.23962898338638, 20.004240028745933], [86.23962898338638, 20.01322314049584], [86.23006020493361, 20.01322314049584], [86.23006020493361, 20.004240028745933]]]}, "properties": {"depth_m": 0.12, "severity": "Minor", "elevation_m": 1.38, "dist_to_coast_km": 4.9, "district": "Puri"}}, {"type": "Feature", "geometry": {"type": "Polygon", "coordinates": [[[86.23962898338638, 20.004240028745933], [86.24919776183913, 20.004240028745933], [86.24919776183913, 20.01322314049584], [86.23962898338638, 20.01322314049584], [86.23962898338638, 20.004240028745933]]]}, "properties": {"depth_m": 0.27, "severity": "Minor", "elevation_m": 1.3, "dist_to_coast_km": 4.2, "district": "Puri"}}, {"type": "Feature", "geometry": {"type": "Polygon", "coordinates": [[[86.24919776183913, 20.004240028745933], [86.2587665402919, 20.004240028745933], [86.2587665402919, 20.01322314049584], [86.24919776183913, 20.01322314049584], [86.24919776183913, 20.004240028745933]]]}, "properties": {"depth_m": 0.4, "severity": "Moderate (Impassable)", "elevation_m": 1.23, "dist_to_coast_km": 3.6, "district": "Puri"}}, {"type": "Feature", "geometry": {"type": "Polygon", "coordinates": [[[86.2587665402919, 20.004240028745933], [86.26833531874465, 20.004240028745933], [86.26833531874465, 20.01322314049584], [86.2587665402919, 20.01322314049584], [86.2587665402919, 20.004240028745933]]]}, "properties": {"depth_m": 0.47, "severity": "Moderate (Impassable)", "elevation_m": 1.19, "dist_to_coast_km": 3.3, "district": "Puri"}}, {"type": "Feature", "geometry": {"type": "Polygon", "coordinates": [[[86.26833531874465, 20.004240028745933], [86.27790409719742, 20.004240028745933], [86.27790409719742, 20.01322314049584], [86.26833531874465, 20.01322314049584], [86.26833531874465, 20.004240028745933]]]}, "properties": {"depth_m": 0.48, "severity": "Moderate (Impassable)", "elevation_m": 1.19, "dist_to_coast_km": 3.2, "district": "Puri"}}, {"type": "Feature", "geometry": {"type": "Polygon", "coordinates": [[[86.27790409719742, 20.004240028745933], [86.28747287565017, 20.004240028745933], [86.28747287565017, 20.01322314049584], [86.27790409719742, 20.01322314049584], [86.27790409719742, 20.004240028745933]]]}, "properties": {"depth_m": 0.43, "severity": "Moderate (Impassable)", "elevation_m": 1.22, "dist_to_coast_km": 3.5, "district": "Puri"}}, {"type": "Feature", "geometry": {"type": "Polygon", "coordinates": [[[86.28747287565017, 20.004240028745933], [86.29704165410294, 20.004240028745933], [86.29704165410294, 20.01322314049584], [86.28747287565017, 20.01322314049584], [86.28747287565017, 20.004240028745933]]]}, "properties": {"depth_m": 0.32, "severity": "Moderate (Impassable)", "elevation_m": 1.27, "dist_to_coast_km": 4.0, "district": "Puri"}}, {"type": "Feature", "geometry": {"type": "Polygon", "coordinates": [[[86.29704165410294, 20.004240028745933], [86.30661043255569, 20.004240028745933], [86.30661043255569, 20.01322314049584], [86.29704165410294, 20.01322314049584], [86.29704165410294, 20.004240028745933]]]}, "properties": {"depth_m": 0.18, "severity": "Minor", "elevation_m": 1.35, "dist_to_coast_km": 4.6, "district": "Puri"}}, {"type": "Feature", "geometry": {"type": "Polygon", "coordinates": [[[86.24919776183913, 20.01322314049584], [86.2587665402919, 20.01322314049584], [86.2587665402919, 20.022206252245752], [86.24919776183913, 20.022206252245752], [86.24919776183913, 20.01322314049584]]]}, "properties": {"depth_m": 0.2, "severity": "Minor", "elevation_m": 1.34, "dist_to_coast_km": 4.5, "district": "Puri"}}, {"type": "Feature", "geometry": {"type": "Polygon", "coordinates": [[[86.2587665402919, 20.01322314049584], [86.26833531874465, 20.01322314049584], [86.26833531874465, 20.022206252245752], [86.2587665402919, 20.022206252245752], [86.2587665402919, 20.01322314049584]]]}, "properties": {"depth_m": 0.26, "severity": "Minor", "elevation_m": 1.31, "dist_to_coast_km": 4.2, "district": "Puri"}}, {"type": "Feature", "geometry": {"type": "Polygon", "coordinates": [[[86.26833531874465, 20.01322314049584], [86.27790409719742, 20.01322314049584], [86.27790409719742, 20.022206252245752], [86.26833531874465, 20.022206252245752], [86.26833531874465, 20.01322314049584]]]}, "properties": {"depth_m": 0.26, "severity": "Minor", "elevation_m": 1.3, "dist_to_coast_km": 4.2, "district": "Puri"}}, {"type": "Feature", "geometry": {"type": "Polygon", "coordinates": [[[86.27790409719742, 20.01322314049584], [86.28747287565017, 20.01322314049584], [86.28747287565017, 20.022206252245752], [86.27790409719742, 20.022206252245752], [86.27790409719742, 20.01322314049584]]]}, "properties": {"depth_m": 0.22, "severity": "Minor", "elevation_m": 1.33, "dist_to_coast_km": 4.4, "district": "Puri"}}, {"type": "Feature", "geometry": {"type": "Polygon", "coordinates": [[[86.28747287565017, 20.01322314049584], [86.29704165410294, 20.01322314049584], [86.29704165410294, 20.022206252245752], [86.28747287565017, 20.022206252245752], [86.28747287565017, 20.01322314049584]]]}, "properties": {"depth_m": 0.14, "severity": "Minor", "elevation_m": 1.38, "dist_to_coast_km": 4.8, "district": "Puri"}}, {"type": "Feature", "geometry": {"type": "Polygon", "coordinates": [[[86.4214357739888, 20.103054257994934], [86.43100455244158, 20.103054257994934], [86.43100455244158, 20.112037369744847], [86.4214357739888, 20.112037369744847], [86.4214357739888, 20.103054257994934]]]}, "properties": {"depth_m": 0.17, "severity": "Minor", "elevation_m": 1.22, "dist_to_coast_km": 6.0, "district": "Jagatsinghpur"}}, {"type": "Feature", "geometry": {"type": "Polygon", "coordinates": [[[86.43100455244158, 20.103054257994934], [86.44057333089432, 20.103054257994934], [86.44057333089432, 20.112037369744847], [86.43100455244158, 20.112037369744847], [86.43100455244158, 20.103054257994934]]]}, "properties": {"depth_m": 0.2, "severity": "Minor", "elevation_m": 1.2, "dist_to_coast_km": 5.8, "district": "Jagatsinghpur"}}, {"type": "Feature", "geometry": {"type": "Polygon", "coordinates": [[[86.44057333089432, 20.103054257994934], [86.4501421093471, 20.103054257994934], [86.4501421093471, 20.112037369744847], [86.44057333089432, 20.112037369744847], [86.44057333089432, 20.103054257994934]]]}, "properties": {"depth_m": 0.2, "severity": "Minor", "elevation_m": 1.2, "dist_to_coast_km": 5.9, "district": "Jagatsinghpur"}}, {"type": "Feature", "geometry": {"type": "Polygon", "coordinates": [[[86.4501421093471, 20.103054257994934], [86.45971088779984, 20.103054257994934], [86.45971088779984, 20.112037369744847], [86.4501421093471, 20.112037369744847], [86.4501421093471, 20.103054257994934]]]}, "properties": {"depth_m": 0.16, "severity": "Minor", "elevation_m": 1.22, "dist_to_coast_km": 6.0, "district": "Jagatsinghpur"}}, {"type": "Feature", "geometry": {"type": "Polygon", "coordinates": [[[86.40229821708328, 20.112037369744847], [86.41186699553606, 20.112037369744847], [86.41186699553606, 20.121020481494753], [86.40229821708328, 20.121020481494753], [86.40229821708328, 20.112037369744847]]]}, "properties": {"depth_m": 0.19, "severity": "Minor", "elevation_m": 1.21, "dist_to_coast_km": 5.9, "district": "Jagatsinghpur"}}, {"type": "Feature", "geometry": {"type": "Polygon", "coordinates": [[[86.41186699553606, 20.112037369744847], [86.4214357739888, 20.112037369744847], [86.4214357739888, 20.121020481494753], [86.41186699553606, 20.121020481494753], [86.41186699553606, 20.112037369744847]]]}, "properties": {"depth_m": 0.3, "severity": "Minor", "elevation_m": 1.15, "dist_to_coast_km": 5.4, "district": "Jagatsinghpur"}}, {"type": "Feature", "geometry": {"type": "Polygon", "coordinates": [[[86.4214357739888, 20.112037369744847], [86.43100455244158, 20.112037369744847], [86.43100455244158, 20.121020481494753], [86.4214357739888, 20.121020481494753], [86.4214357739888, 20.112037369744847]]]}, "properties": {"depth_m": 0.38, "severity": "Moderate (Impassable)", "elevation_m": 1.11, "dist_to_coast_km": 5.0, "district": "Jagatsinghpur"}}, {"type": "Feature", "geometry": {"type": "Polygon", "coordinates": [[[86.43100455244158, 20.112037369744847], [86.44057333089432, 20.112037369744847], [86.44057333089432, 20.121020481494753], [86.43100455244158, 20.121020481494753], [86.43100455244158, 20.112037369744847]]]}, "properties": {"depth_m": 0.42, "severity": "Moderate (Impassable)", "elevation_m": 1.08, "dist_to_coast_km": 4.9, "district": "Jagatsinghpur"}}, {"type": "Feature", "geometry": {"type": "Polygon", "coordinates": [[[86.44057333089432, 20.112037369744847], [86.4501421093471, 20.112037369744847], [86.4501421093471, 20.121020481494753], [86.44057333089432, 20.121020481494753], [86.44057333089432, 20.112037369744847]]]}, "properties": {"depth_m": 0.42, "severity": "Moderate (Impassable)", "elevation_m": 1.08, "dist_to_coast_km": 4.9, "district": "Jagatsinghpur"}}, {"type": "Feature", "geometry": {"type": "Polygon", "coordinates": [[[86.4501421093471, 20.112037369744847], [86.45971088779984, 20.112037369744847], [86.45971088779984, 20.121020481494753], [86.4501421093471, 20.121020481494753], [86.4501421093471, 20.112037369744847]]]}, "properties": {"depth_m": 0.37, "severity": "Moderate (Impassable)", "elevation_m": 1.11, "dist_to_coast_km": 5.1, "district": "Jagatsinghpur"}}, {"type": "Feature", "geometry": {"type": "Polygon", "coordinates": [[[86.45971088779984, 20.112037369744847], [86.46927966625262, 20.112037369744847], [86.46927966625262, 20.121020481494753], [86.45971088779984, 20.121020481494753], [86.45971088779984, 20.112037369744847]]]}, "properties": {"depth_m": 0.29, "severity": "Minor", "elevation_m": 1.16, "dist_to_coast_km": 5.5, "district": "Jagatsinghpur"}}, {"type": "Feature", "geometry": {"type": "Polygon", "coordinates": [[[86.46927966625262, 20.112037369744847], [86.47884844470536, 20.112037369744847], [86.47884844470536, 20.121020481494753], [86.46927966625262, 20.121020481494753], [86.46927966625262, 20.112037369744847]]]}, "properties": {"depth_m": 0.17, "severity": "Minor", "elevation_m": 1.22, "dist_to_coast_km": 6.0, "district": "Jagatsinghpur"}}, {"type": "Feature", "geometry": {"type": "Polygon", "coordinates": [[[86.39272943863054, 20.121020481494753], [86.40229821708328, 20.121020481494753], [86.40229821708328, 20.130003593244666], [86.39272943863054, 20.130003593244666], [86.39272943863054, 20.121020481494753]]]}, "properties": {"depth_m": 0.2, "severity": "Minor", "elevation_m": 1.2, "dist_to_coast_km": 5.9, "district": "Jagatsinghpur"}}, {"type": "Feature", "geometry": {"type": "Polygon", "coordinates": [[[86.40229821708328, 20.121020481494753], [86.41186699553606, 20.121020481494753], [86.41186699553606, 20.130003593244666], [86.40229821708328, 20.130003593244666], [86.40229821708328, 20.121020481494753]]]}, "properties": {"depth_m": 0.36, "severity": "Moderate (Impassable)", "elevation_m": 1.12, "dist_to_coast_km": 5.1, "district": "Jagatsinghpur"}}, {"type": "Feature", "geometry": {"type": "Polygon", "coordinates": [[[86.41186699553606, 20.121020481494753], [86.4214357739888, 20.121020481494753], [86.4214357739888, 20.130003593244666], [86.41186699553606, 20.130003593244666], [86.41186699553606, 20.121020481494753]]]}, "properties": {"depth_m": 0.49, "severity": "Moderate (Impassable)", "elevation_m": 1.05, "dist_to_coast_km": 4.5, "district": "Jagatsinghpur"}}, {"type": "Feature", "geometry": {"type": "Polygon", "coordinates": [[[86.4214357739888, 20.121020481494753], [86.43100455244158, 20.121020481494753], [86.43100455244158, 20.130003593244666], [86.4214357739888, 20.130003593244666], [86.4214357739888, 20.121020481494753]]]}, "properties": {"depth_m": 0.59, "severity": "Moderate (Impassable)", "elevation_m": 0.99, "dist_to_coast_km": 4.1, "district": "Jagatsinghpur"}}, {"type": "Feature", "geometry": {"type": "Polygon", "coordinates": [[[86.43100455244158, 20.121020481494753], [86.44057333089432, 20.121020481494753], [86.44057333089432, 20.130003593244666], [86.43100455244158, 20.130003593244666], [86.43100455244158, 20.121020481494753]]]}, "properties": {"depth_m": 0.64, "severity": "Severe", "elevation_m": 0.96, "dist_to_coast_km": 3.9, "district": "Jagatsinghpur"}}, {"type": "Feature", "geometry": {"type": "Polygon", "coordinates": [[[86.44057333089432, 20.121020481494753], [86.4501421093471, 20.121020481494753], [86.4501421093471, 20.130003593244666], [86.44057333089432, 20.130003593244666], [86.44057333089432, 20.121020481494753]]]}, "properties": {"depth_m": 0.64, "severity": "Severe", "elevation_m": 0.97, "dist_to_coast_km": 3.9, "district": "Jagatsinghpur"}}, {"type": "Feature", "geometry": {"type": "Polygon", "coordinates": [[[86.4501421093471, 20.121020481494753], [86.45971088779984, 20.121020481494753], [86.45971088779984, 20.130003593244666], [86.4501421093471, 20.130003593244666], [86.4501421093471, 20.121020481494753]]]}, "properties": {"depth_m": 0.58, "severity": "Moderate (Impassable)", "elevation_m": 1.0, "dist_to_coast_km": 4.1, "district": "Jagatsinghpur"}}, {"type": "Feature", "geometry": {"type": "Polygon", "coordinates": [[[86.45971088779984, 20.121020481494753], [86.46927966625262, 20.121020481494753], [86.46927966625262, 20.130003593244666], [86.45971088779984, 20.130003593244666], [86.45971088779984, 20.121020481494753]]]}, "properties": {"depth_m": 0.48, "severity": "Moderate (Impassable)", "elevation_m": 1.05, "dist_to_coast_km": 4.6, "district": "Jagatsinghpur"}}, {"type": "Feature", "geometry": {"type": "Polygon", "coordinates": [[[86.46927966625262, 20.121020481494753], [86.47884844470536, 20.121020481494753], [86.47884844470536, 20.130003593244666], [86.46927966625262, 20.130003593244666], [86.46927966625262, 20.121020481494753]]]}, "properties": {"depth_m": 0.34, "severity": "Moderate (Impassable)", "elevation_m": 1.13, "dist_to_coast_km": 5.2, "district": "Jagatsinghpur"}}, {"type": "Feature", "geometry": {"type": "Polygon", "coordinates": [[[86.47884844470536, 20.121020481494753], [86.48841722315814, 20.121020481494753], [86.48841722315814, 20.130003593244666], [86.47884844470536, 20.130003593244666], [86.47884844470536, 20.121020481494753]]]}, "properties": {"depth_m": 0.18, "severity": "Minor", "elevation_m": 1.21, "dist_to_coast_km": 6.0, "district": "Jagatsinghpur"}}, {"type": "Feature", "geometry": {"type": "Polygon", "coordinates": [[[86.38316066017777, 20.130003593244666], [86.39272943863054, 20.130003593244666], [86.39272943863054, 20.138986704994572], [86.38316066017777, 20.138986704994572], [86.38316066017777, 20.130003593244666]]]}, "properties": {"depth_m": 0.14, "severity": "Minor", "elevation_m": 1.24, "dist_to_coast_km": 6.1, "district": "Jagatsinghpur"}}, {"type": "Feature", "geometry": {"type": "Polygon", "coordinates": [[[86.39272943863054, 20.130003593244666], [86.40229821708328, 20.130003593244666], [86.40229821708328, 20.138986704994572], [86.39272943863054, 20.138986704994572], [86.39272943863054, 20.130003593244666]]]}, "properties": {"depth_m": 0.33, "severity": "Moderate (Impassable)", "elevation_m": 1.13, "dist_to_coast_km": 5.3, "district": "Jagatsinghpur"}}, {"type": "Feature", "geometry": {"type": "Polygon", "coordinates": [[[86.40229821708328, 20.130003593244666], [86.41186699553606, 20.130003593244666], [86.41186699553606, 20.138986704994572], [86.40229821708328, 20.138986704994572], [86.40229821708328, 20.130003593244666]]]}, "properties": {"depth_m": 0.51, "severity": "Moderate (Impassable)", "elevation_m": 1.03, "dist_to_coast_km": 4.5, "district": "Jagatsinghpur"}}, {"type": "Feature", "geometry": {"type": "Polygon", "coordinates": [[[86.41186699553606, 20.130003593244666], [86.4214357739888, 20.130003593244666], [86.4214357739888, 20.138986704994572], [86.41186699553606, 20.138986704994572], [86.41186699553606, 20.130003593244666]]]}, "properties": {"depth_m": 0.67, "severity": "Severe", "elevation_m": 0.95, "dist_to_coast_km": 3.7, "district": "Jagatsinghpur"}}, {"type": "Feature", "geometry": {"type": "Polygon", "coordinates": [[[86.4214357739888, 20.130003593244666], [86.43100455244158, 20.130003593244666], [86.43100455244158, 20.138986704994572], [86.4214357739888, 20.138986704994572], [86.4214357739888, 20.130003593244666]]]}, "properties": {"depth_m": 0.79, "severity": "Severe", "elevation_m": 0.88, "dist_to_coast_km": 3.2, "district": "Jagatsinghpur"}}, {"type": "Feature", "geometry": {"type": "Polygon", "coordinates": [[[86.43100455244158, 20.130003593244666], [86.44057333089432, 20.130003593244666], [86.44057333089432, 20.138986704994572], [86.43100455244158, 20.138986704994572], [86.43100455244158, 20.130003593244666]]]}, "properties": {"depth_m": 0.86, "severity": "Severe", "elevation_m": 0.84, "dist_to_coast_km": 2.9, "district": "Jagatsinghpur"}}, {"type": "Feature", "geometry": {"type": "Polygon", "coordinates": [[[86.44057333089432, 20.130003593244666], [86.4501421093471, 20.130003593244666], [86.4501421093471, 20.138986704994572], [86.44057333089432, 20.138986704994572], [86.44057333089432, 20.130003593244666]]]}, "properties": {"depth_m": 0.85, "severity": "Severe", "elevation_m": 0.85, "dist_to_coast_km": 2.9, "district": "Jagatsinghpur"}}, {"type": "Feature", "geometry": {"type": "Polygon", "coordinates": [[[86.4501421093471, 20.130003593244666], [86.45971088779984, 20.130003593244666], [86.45971088779984, 20.138986704994572], [86.4501421093471, 20.138986704994572], [86.4501421093471, 20.130003593244666]]]}, "properties": {"depth_m": 0.78, "severity": "Severe", "elevation_m": 0.89, "dist_to_coast_km": 3.2, "district": "Jagatsinghpur"}}, {"type": "Feature", "geometry": {"type": "Polygon", "coordinates": [[[86.45971088779984, 20.130003593244666], [86.46927966625262, 20.130003593244666], [86.46927966625262, 20.138986704994572], [86.45971088779984, 20.138986704994572], [86.45971088779984, 20.130003593244666]]]}, "properties": {"depth_m": 0.65, "severity": "Severe", "elevation_m": 0.96, "dist_to_coast_km": 3.8, "district": "Jagatsinghpur"}}, {"type": "Feature", "geometry": {"type": "Polygon", "coordinates": [[[86.46927966625262, 20.130003593244666], [86.47884844470536, 20.130003593244666], [86.47884844470536, 20.138986704994572], [86.46927966625262, 20.138986704994572], [86.46927966625262, 20.130003593244666]]]}, "properties": {"depth_m": 0.49, "severity": "Moderate (Impassable)", "elevation_m": 1.05, "dist_to_coast_km": 4.5, "district": "Jagatsinghpur"}}, {"type": "Feature", "geometry": {"type": "Polygon", "coordinates": [[[86.47884844470536, 20.130003593244666], [86.48841722315814, 20.130003593244666], [86.48841722315814, 20.138986704994572], [86.47884844470536, 20.138986704994572], [86.47884844470536, 20.130003593244666]]]}, "properties": {"depth_m": 0.31, "severity": "Moderate (Impassable)", "elevation_m": 1.14, "dist_to_coast_km": 5.4, "district": "Jagatsinghpur"}}, {"type": "Feature", "geometry": {"type": "Polygon", "coordinates": [[[86.48841722315814, 20.130003593244666], [86.49798600161088, 20.130003593244666], [86.49798600161088, 20.138986704994572], [86.48841722315814, 20.138986704994572], [86.48841722315814, 20.130003593244666]]]}, "properties": {"depth_m": 0.12, "severity": "Minor", "elevation_m": 1.25, "dist_to_coast_km": 6.2, "district": "Jagatsinghpur"}}, {"type": "Feature", "geometry": {"type": "Polygon", "coordinates": [[[86.38316066017777, 20.138986704994572], [86.39272943863054, 20.138986704994572], [86.39272943863054, 20.147969816744485], [86.38316066017777, 20.147969816744485], [86.38316066017777, 20.138986704994572]]]}, "properties": {"depth_m": 0.23, "severity": "Minor", "elevation_m": 1.19, "dist_to_coast_km": 5.7, "district": "Jagatsinghpur"}}, {"type": "Feature", "geometry": {"type": "Polygon", "coordinates": [[[86.39272943863054, 20.138986704994572], [86.40229821708328, 20.138986704994572], [86.40229821708328, 20.147969816744485], [86.39272943863054, 20.147969816744485], [86.39272943863054, 20.138986704994572]]]}, "properties": {"depth_m": 0.43, "severity": "Moderate (Impassable)", "elevation_m": 1.08, "dist_to_coast_km": 4.8, "district": "Jagatsinghpur"}}, {"type": "Feature", "geometry": {"type": "Polygon", "coordinates": [[[86.40229821708328, 20.138986704994572], [86.41186699553606, 20.138986704994572], [86.41186699553606, 20.147969816744485], [86.40229821708328, 20.147969816744485], [86.40229821708328, 20.138986704994572]]]}, "properties": {"depth_m": 0.63, "severity": "Severe", "elevation_m": 0.97, "dist_to_coast_km": 3.9, "district": "Jagatsinghpur"}}, {"type": "Feature", "geometry": {"type": "Polygon", "coordinates": [[[86.41186699553606, 20.138986704994572], [86.4214357739888, 20.138986704994572], [86.4214357739888, 20.147969816744485], [86.41186699553606, 20.147969816744485], [86.41186699553606, 20.138986704994572]]]}, "properties": {"depth_m": 0.82, "severity": "Severe", "elevation_m": 0.87, "dist_to_coast_km": 3.1, "district": "Jagatsinghpur"}}, {"type": "Feature", "geometry": {"type": "Polygon", "coordinates": [[[86.4214357739888, 20.138986704994572], [86.43100455244158, 20.138986704994572], [86.43100455244158, 20.147969816744485], [86.4214357739888, 20.147969816744485], [86.4214357739888, 20.138986704994572]]]}, "properties": {"depth_m": 0.98, "severity": "Severe", "elevation_m": 0.78, "dist_to_coast_km": 2.3, "district": "Jagatsinghpur"}}, {"type": "Feature", "geometry": {"type": "Polygon", "coordinates": [[[86.43100455244158, 20.138986704994572], [86.44057333089432, 20.138986704994572], [86.44057333089432, 20.147969816744485], [86.43100455244158, 20.147969816744485], [86.43100455244158, 20.138986704994572]]]}, "properties": {"depth_m": 1.07, "severity": "Severe", "elevation_m": 0.73, "dist_to_coast_km": 1.9, "district": "Jagatsinghpur"}}, {"type": "Feature", "geometry": {"type": "Polygon", "coordinates": [[[86.44057333089432, 20.138986704994572], [86.4501421093471, 20.138986704994572], [86.4501421093471, 20.147969816744485], [86.44057333089432, 20.147969816744485], [86.44057333089432, 20.138986704994572]]]}, "properties": {"depth_m": 1.07, "severity": "Severe", "elevation_m": 0.73, "dist_to_coast_km": 1.9, "district": "Jagatsinghpur"}}, {"type": "Feature", "geometry": {"type": "Polygon", "coordinates": [[[86.4501421093471, 20.138986704994572], [86.45971088779984, 20.138986704994572], [86.45971088779984, 20.147969816744485], [86.4501421093471, 20.147969816744485], [86.4501421093471, 20.138986704994572]]]}, "properties": {"depth_m": 0.96, "severity": "Severe", "elevation_m": 0.79, "dist_to_coast_km": 2.4, "district": "Jagatsinghpur"}}, {"type": "Feature", "geometry": {"type": "Polygon", "coordinates": [[[86.45971088779984, 20.138986704994572], [86.46927966625262, 20.138986704994572], [86.46927966625262, 20.147969816744485], [86.45971088779984, 20.147969816744485], [86.45971088779984, 20.138986704994572]]]}, "properties": {"depth_m": 0.8, "severity": "Severe", "elevation_m": 0.88, "dist_to_coast_km": 3.1, "district": "Jagatsinghpur"}}, {"type": "Feature", "geometry": {"type": "Polygon", "coordinates": [[[86.46927966625262, 20.138986704994572], [86.47884844470536, 20.138986704994572], [86.47884844470536, 20.147969816744485], [86.46927966625262, 20.147969816744485], [86.46927966625262, 20.138986704994572]]]}, "properties": {"depth_m": 0.61, "severity": "Severe", "elevation_m": 0.98, "dist_to_coast_km": 4.0, "district": "Jagatsinghpur"}}, {"type": "Feature", "geometry": {"type": "Polygon", "coordinates": [[[86.47884844470536, 20.138986704994572], [86.48841722315814, 20.138986704994572], [86.48841722315814, 20.147969816744485], [86.47884844470536, 20.147969816744485], [86.47884844470536, 20.138986704994572]]]}, "properties": {"depth_m": 0.41, "severity": "Moderate (Impassable)", "elevation_m": 1.09, "dist_to_coast_km": 4.9, "district": "Jagatsinghpur"}}, {"type": "Feature", "geometry": {"type": "Polygon", "coordinates": [[[86.48841722315814, 20.138986704994572], [86.49798600161088, 20.138986704994572], [86.49798600161088, 20.147969816744485], [86.48841722315814, 20.147969816744485], [86.48841722315814, 20.138986704994572]]]}, "properties": {"depth_m": 0.2, "severity": "Minor", "elevation_m": 1.2, "dist_to_coast_km": 5.8, "district": "Jagatsinghpur"}}, {"type": "Feature", "geometry": {"type": "Polygon", "coordinates": [[[86.38316066017777, 20.147969816744485], [86.39272943863054, 20.147969816744485], [86.39272943863054, 20.15695292849439], [86.38316066017777, 20.15695292849439], [86.38316066017777, 20.147969816744485]]]}, "properties": {"depth_m": 0.28, "severity": "Minor", "elevation_m": 1.16, "dist_to_coast_km": 5.5, "district": "Jagatsinghpur"}}, {"type": "Feature", "geometry": {"type": "Polygon", "coordinates": [[[86.39272943863054, 20.147969816744485], [86.40229821708328, 20.147969816744485], [86.40229821708328, 20.15695292849439], [86.39272943863054, 20.15695292849439], [86.39272943863054, 20.147969816744485]]]}, "properties": {"depth_m": 0.5, "severity": "Moderate (Impassable)", "elevation_m": 1.04, "dist_to_coast_km": 4.5, "district": "Jagatsinghpur"}}, {"type": "Feature", "geometry": {"type": "Polygon", "coordinates": [[[86.40229821708328, 20.147969816744485], [86.41186699553606, 20.147969816744485], [86.41186699553606, 20.15695292849439], [86.40229821708328, 20.15695292849439], [86.40229821708328, 20.147969816744485]]]}, "properties": {"depth_m": 0.71, "severity": "Severe", "elevation_m": 0.92, "dist_to_coast_km": 3.5, "district": "Jagatsinghpur"}}, {"type": "Feature", "geometry": {"type": "Polygon", "coordinates": [[[86.41186699553606, 20.147969816744485], [86.4214357739888, 20.147969816744485], [86.4214357739888, 20.15695292849439], [86.41186699553606, 20.15695292849439], [86.41186699553606, 20.147969816744485]]]}, "properties": {"depth_m": 0.92, "severity": "Severe", "elevation_m": 0.81, "dist_to_coast_km": 2.6, "district": "Jagatsinghpur"}}, {"type": "Feature", "geometry": {"type": "Polygon", "coordinates": [[[86.4214357739888, 20.147969816744485], [86.43100455244158, 20.147969816744485], [86.43100455244158, 20.15695292849439], [86.4214357739888, 20.15695292849439], [86.4214357739888, 20.147969816744485]]]}, "properties": {"depth_m": 1.12, "severity": "Severe", "elevation_m": 0.7, "dist_to_coast_km": 1.7, "district": "Jagatsinghpur"}}, {"type": "Feature", "geometry": {"type": "Polygon", "coordinates": [[[86.43100455244158, 20.147969816744485], [86.44057333089432, 20.147969816744485], [86.44057333089432, 20.15695292849439], [86.43100455244158, 20.15695292849439], [86.43100455244158, 20.147969816744485]]]}, "properties": {"depth_m": 1.28, "severity": "Severe", "elevation_m": 0.61, "dist_to_coast_km": 0.9, "district": "Jagatsinghpur"}}, {"type": "Feature", "geometry": {"type": "Polygon", "coordinates": [[[86.44057333089432, 20.147969816744485], [86.4501421093471, 20.147969816744485], [86.4501421093471, 20.15695292849439], [86.44057333089432, 20.15695292849439], [86.44057333089432, 20.147969816744485]]]}, "properties": {"depth_m": 1.27, "severity": "Severe", "elevation_m": 0.62, "dist_to_coast_km": 1.0, "district": "Jagatsinghpur"}}, {"type": "Feature", "geometry": {"type": "Polygon", "coordinates": [[[86.4501421093471, 20.147969816744485], [86.45971088779984, 20.147969816744485], [86.45971088779984, 20.15695292849439], [86.4501421093471, 20.15695292849439], [86.4501421093471, 20.147969816744485]]]}, "properties": {"depth_m": 1.1, "severity": "Severe", "elevation_m": 0.71, "dist_to_coast_km": 1.8, "district": "Jagatsinghpur"}}, {"type": "Feature", "geometry": {"type": "Polygon", "coordinates": [[[86.45971088779984, 20.147969816744485], [86.46927966625262, 20.147969816744485], [86.46927966625262, 20.15695292849439], [86.45971088779984, 20.15695292849439], [86.45971088779984, 20.147969816744485]]]}, "properties": {"depth_m": 0.9, "severity": "Severe", "elevation_m": 0.82, "dist_to_coast_km": 2.7, "district": "Jagatsinghpur"}}, {"type": "Feature", "geometry": {"type": "Polygon", "coordinates": [[[86.46927966625262, 20.147969816744485], [86.47884844470536, 20.147969816744485], [86.47884844470536, 20.15695292849439], [86.46927966625262, 20.15695292849439], [86.46927966625262, 20.147969816744485]]]}, "properties": {"depth_m": 0.69, "severity": "Severe", "elevation_m": 0.94, "dist_to_coast_km": 3.7, "district": "Jagatsinghpur"}}, {"type": "Feature", "geometry": {"type": "Polygon", "coordinates": [[[86.47884844470536, 20.147969816744485], [86.48841722315814, 20.147969816744485], [86.48841722315814, 20.15695292849439], [86.47884844470536, 20.15695292849439], [86.47884844470536, 20.147969816744485]]]}, "properties": {"depth_m": 0.47, "severity": "Moderate (Impassable)", "elevation_m": 1.06, "dist_to_coast_km": 4.6, "district": "Jagatsinghpur"}}, {"type": "Feature", "geometry": {"type": "Polygon", "coordinates": [[[86.48841722315814, 20.147969816744485], [86.49798600161088, 20.147969816744485], [86.49798600161088, 20.15695292849439], [86.48841722315814, 20.15695292849439], [86.48841722315814, 20.147969816744485]]]}, "properties": {"depth_m": 0.25, "severity": "Minor", "elevation_m": 1.17, "dist_to_coast_km": 5.6, "district": "Jagatsinghpur"}}, {"type": "Feature", "geometry": {"type": "Polygon", "coordinates": [[[86.38316066017777, 20.15695292849439], [86.39272943863054, 20.15695292849439], [86.39272943863054, 20.165936040244304], [86.38316066017777, 20.165936040244304], [86.38316066017777, 20.15695292849439]]]}, "properties": {"depth_m": 0.29, "severity": "Minor", "elevation_m": 1.15, "dist_to_coast_km": 5.4, "district": "Jagatsinghpur"}}, {"type": "Feature", "geometry": {"type": "Polygon", "coordinates": [[[86.39272943863054, 20.15695292849439], [86.40229821708328, 20.15695292849439], [86.40229821708328, 20.165936040244304], [86.39272943863054, 20.165936040244304], [86.39272943863054, 20.15695292849439]]]}, "properties": {"depth_m": 0.51, "severity": "Moderate (Impassable)", "elevation_m": 1.03, "dist_to_coast_km": 4.4, "district": "Jagatsinghpur"}}, {"type": "Feature", "geometry": {"type": "Polygon", "coordinates": [[[86.40229821708328, 20.15695292849439], [86.41186699553606, 20.15695292849439], [86.41186699553606, 20.165936040244304], [86.40229821708328, 20.165936040244304], [86.40229821708328, 20.15695292849439]]]}, "properties": {"depth_m": 0.73, "severity": "Severe", "elevation_m": 0.91, "dist_to_coast_km": 3.4, "district": "Jagatsinghpur"}}, {"type": "Feature", "geometry": {"type": "Polygon", "coordinates": [[[86.41186699553606, 20.15695292849439], [86.4214357739888, 20.15695292849439], [86.4214357739888, 20.165936040244304], [86.41186699553606, 20.165936040244304], [86.41186699553606, 20.15695292849439]]]}, "properties": {"depth_m": 0.95, "severity": "Severe", "elevation_m": 0.79, "dist_to_coast_km": 2.4, "district": "Jagatsinghpur"}}, {"type": "Feature", "geometry": {"type": "Polygon", "coordinates": [[[86.4214357739888, 20.15695292849439], [86.43100455244158, 20.15695292849439], [86.43100455244158, 20.165936040244304], [86.4214357739888, 20.165936040244304], [86.4214357739888, 20.15695292849439]]]}, "properties": {"depth_m": 1.17, "severity": "Severe", "elevation_m": 0.67, "dist_to_coast_km": 1.4, "district": "Jagatsinghpur"}}, {"type": "Feature", "geometry": {"type": "Polygon", "coordinates": [[[86.43100455244158, 20.15695292849439], [86.44057333089432, 20.15695292849439], [86.44057333089432, 20.165936040244304], [86.43100455244158, 20.165936040244304], [86.43100455244158, 20.15695292849439]]]}, "properties": {"depth_m": 1.39, "severity": "Severe", "elevation_m": 0.56, "dist_to_coast_km": 0.5, "district": "Jagatsinghpur"}}, {"type": "Feature", "geometry": {"type": "Polygon", "coordinates": [[[86.44057333089432, 20.15695292849439], [86.4501421093471, 20.15695292849439], [86.4501421093471, 20.165936040244304], [86.44057333089432, 20.165936040244304], [86.44057333089432, 20.15695292849439]]]}, "properties": {"depth_m": 1.36, "severity": "Severe", "elevation_m": 0.57, "dist_to_coast_km": 0.6, "district": "Jagatsinghpur"}}, {"type": "Feature", "geometry": {"type": "Polygon", "coordinates": [[[86.4501421093471, 20.15695292849439], [86.45971088779984, 20.15695292849439], [86.45971088779984, 20.165936040244304], [86.4501421093471, 20.165936040244304], [86.4501421093471, 20.15695292849439]]]}, "properties": {"depth_m": 1.15, "severity": "Severe", "elevation_m": 0.69, "dist_to_coast_km": 1.6, "district": "Jagatsinghpur"}}, {"type": "Feature", "geometry": {"type": "Polygon", "coordinates": [[[86.45971088779984, 20.15695292849439], [86.46927966625262, 20.15695292849439], [86.46927966625262, 20.165936040244304], [86.45971088779984, 20.165936040244304], [86.45971088779984, 20.15695292849439]]]}, "properties": {"depth_m": 0.93, "severity": "Severe", "elevation_m": 0.81, "dist_to_coast_km": 2.6, "district": "Jagatsinghpur"}}, {"type": "Feature", "geometry": {"type": "Polygon", "coordinates": [[[86.46927966625262, 20.15695292849439], [86.47884844470536, 20.15695292849439], [86.47884844470536, 20.165936040244304], [86.46927966625262, 20.165936040244304], [86.46927966625262, 20.15695292849439]]]}, "properties": {"depth_m": 0.71, "severity": "Severe", "elevation_m": 0.93, "dist_to_coast_km": 3.6, "district": "Jagatsinghpur"}}, {"type": "Feature", "geometry": {"type": "Polygon", "coordinates": [[[86.47884844470536, 20.15695292849439], [86.48841722315814, 20.15695292849439], [86.48841722315814, 20.165936040244304], [86.47884844470536, 20.165936040244304], [86.47884844470536, 20.15695292849439]]]}, "properties": {"depth_m": 0.49, "severity": "Moderate (Impassable)", "elevation_m": 1.05, "dist_to_coast_km": 4.6, "district": "Jagatsinghpur"}}, {"type": "Feature", "geometry": {"type": "Polygon", "coordinates": [[[86.48841722315814, 20.15695292849439], [86.49798600161088, 20.15695292849439], [86.49798600161088, 20.165936040244304], [86.48841722315814, 20.165936040244304], [86.48841722315814, 20.15695292849439]]]}, "properties": {"depth_m": 0.27, "severity": "Minor", "elevation_m": 1.17, "dist_to_coast_km": 5.6, "district": "Jagatsinghpur"}}, {"type": "Feature", "geometry": {"type": "Polygon", "coordinates": [[[86.38316066017777, 20.165936040244304], [86.39272943863054, 20.165936040244304], [86.39272943863054, 20.17491915199421], [86.38316066017777, 20.17491915199421], [86.38316066017777, 20.165936040244304]]]}, "properties": {"depth_m": 0.27, "severity": "Minor", "elevation_m": 1.17, "dist_to_coast_km": 5.6, "district": "Jagatsinghpur"}}, {"type": "Feature", "geometry": {"type": "Polygon", "coordinates": [[[86.39272943863054, 20.165936040244304], [86.40229821708328, 20.165936040244304], [86.40229821708328, 20.17491915199421], [86.39272943863054, 20.17491915199421], [86.39272943863054, 20.165936040244304]]]}, "properties": {"depth_m": 0.48, "severity": "Moderate (Impassable)", "elevation_m": 1.05, "dist_to_coast_km": 4.6, "district": "Jagatsinghpur"}}, {"type": "Feature", "geometry": {"type": "Polygon", "coordinates": [[[86.40229821708328, 20.165936040244304], [86.41186699553606, 20.165936040244304], [86.41186699553606, 20.17491915199421], [86.40229821708328, 20.17491915199421], [86.40229821708328, 20.165936040244304]]]}, "properties": {"depth_m": 0.69, "severity": "Severe", "elevation_m": 0.94, "dist_to_coast_km": 3.6, "district": "Jagatsinghpur"}}, {"type": "Feature", "geometry": {"type": "Polygon", "coordinates": [[[86.41186699553606, 20.165936040244304], [86.4214357739888, 20.165936040244304], [86.4214357739888, 20.17491915199421], [86.41186699553606, 20.17491915199421], [86.41186699553606, 20.165936040244304]]]}, "properties": {"depth_m": 0.9, "severity": "Severe", "elevation_m": 0.82, "dist_to_coast_km": 2.7, "district": "Jagatsinghpur"}}, {"type": "Feature", "geometry": {"type": "Polygon", "coordinates": [[[86.4214357739888, 20.165936040244304], [86.43100455244158, 20.165936040244304], [86.43100455244158, 20.17491915199421], [86.4214357739888, 20.17491915199421], [86.4214357739888, 20.165936040244304]]]}, "properties": {"depth_m": 1.08, "severity": "Severe", "elevation_m": 0.72, "dist_to_coast_km": 1.8, "district": "Jagatsinghpur"}}, {"type": "Feature", "geometry": {"type": "Polygon", "coordinates": [[[86.43100455244158, 20.165936040244304], [86.44057333089432, 20.165936040244304], [86.44057333089432, 20.17491915199421], [86.43100455244158, 20.17491915199421], [86.43100455244158, 20.165936040244304]]]}, "properties": {"depth_m": 1.22, "severity": "Severe", "elevation_m": 0.65, "dist_to_coast_km": 1.2, "district": "Jagatsinghpur"}}, {"type": "Feature", "geometry": {"type": "Polygon", "coordinates": [[[86.44057333089432, 20.165936040244304], [86.4501421093471, 20.165936040244304], [86.4501421093471, 20.17491915199421], [86.44057333089432, 20.17491915199421], [86.44057333089432, 20.165936040244304]]]}, "properties": {"depth_m": 1.21, "severity": "Severe", "elevation_m": 0.65, "dist_to_coast_km": 1.3, "district": "Jagatsinghpur"}}, {"type": "Feature", "geometry": {"type": "Polygon", "coordinates": [[[86.4501421093471, 20.165936040244304], [86.45971088779984, 20.165936040244304], [86.45971088779984, 20.17491915199421], [86.4501421093471, 20.17491915199421], [86.4501421093471, 20.165936040244304]]]}, "properties": {"depth_m": 1.06, "severity": "Severe", "elevation_m": 0.73, "dist_to_coast_km": 1.9, "district": "Jagatsinghpur"}}, {"type": "Feature", "geometry": {"type": "Polygon", "coordinates": [[[86.45971088779984, 20.165936040244304], [86.46927966625262, 20.165936040244304], [86.46927966625262, 20.17491915199421], [86.45971088779984, 20.17491915199421], [86.45971088779984, 20.165936040244304]]]}, "properties": {"depth_m": 0.87, "severity": "Severe", "elevation_m": 0.84, "dist_to_coast_km": 2.8, "district": "Jagatsinghpur"}}, {"type": "Feature", "geometry": {"type": "Polygon", "coordinates": [[[86.46927966625262, 20.165936040244304], [86.47884844470536, 20.165936040244304], [86.47884844470536, 20.17491915199421], [86.46927966625262, 20.17491915199421], [86.46927966625262, 20.165936040244304]]]}, "properties": {"depth_m": 0.67, "severity": "Severe", "elevation_m": 0.95, "dist_to_coast_km": 3.7, "district": "Jagatsinghpur"}}, {"type": "Feature", "geometry": {"type": "Polygon", "coordinates": [[[86.47884844470536, 20.165936040244304], [86.48841722315814, 20.165936040244304], [86.48841722315814, 20.17491915199421], [86.47884844470536, 20.17491915199421], [86.47884844470536, 20.165936040244304]]]}, "properties": {"depth_m": 0.46, "severity": "Moderate (Impassable)", "elevation_m": 1.06, "dist_to_coast_km": 4.7, "district": "Jagatsinghpur"}}, {"type": "Feature", "geometry": {"type": "Polygon", "coordinates": [[[86.48841722315814, 20.165936040244304], [86.49798600161088, 20.165936040244304], [86.49798600161088, 20.17491915199421], [86.48841722315814, 20.17491915199421], [86.48841722315814, 20.165936040244304]]]}, "properties": {"depth_m": 0.24, "severity": "Minor", "elevation_m": 1.18, "dist_to_coast_km": 5.7, "district": "Jagatsinghpur"}}, {"type": "Feature", "geometry": {"type": "Polygon", "coordinates": [[[86.38316066017777, 20.17491915199421], [86.39272943863054, 20.17491915199421], [86.39272943863054, 20.183902263744123], [86.38316066017777, 20.183902263744123], [86.38316066017777, 20.17491915199421]]]}, "properties": {"depth_m": 0.2, "severity": "Minor", "elevation_m": 1.2, "dist_to_coast_km": 5.8, "district": "Jagatsinghpur"}}, {"type": "Feature", "geometry": {"type": "Polygon", "coordinates": [[[86.39272943863054, 20.17491915199421], [86.40229821708328, 20.17491915199421], [86.40229821708328, 20.183902263744123], [86.39272943863054, 20.183902263744123], [86.39272943863054, 20.17491915199421]]]}, "properties": {"depth_m": 0.4, "severity": "Moderate (Impassable)", "elevation_m": 1.09, "dist_to_coast_km": 4.9, "district": "Jagatsinghpur"}}, {"type": "Feature", "geometry": {"type": "Polygon", "coordinates": [[[86.40229821708328, 20.17491915199421], [86.41186699553606, 20.17491915199421], [86.41186699553606, 20.183902263744123], [86.40229821708328, 20.183902263744123], [86.40229821708328, 20.17491915199421]]]}, "properties": {"depth_m": 0.6, "severity": "Moderate (Impassable)", "elevation_m": 0.99, "dist_to_coast_km": 4.1, "district": "Jagatsinghpur"}}, {"type": "Feature", "geometry": {"type": "Polygon", "coordinates": [[[86.41186699553606, 20.17491915199421], [86.4214357739888, 20.17491915199421], [86.4214357739888, 20.183902263744123], [86.41186699553606, 20.183902263744123], [86.41186699553606, 20.17491915199421]]]}, "properties": {"depth_m": 0.77, "severity": "Severe", "elevation_m": 0.89, "dist_to_coast_km": 3.3, "district": "Jagatsinghpur"}}, {"type": "Feature", "geometry": {"type": "Polygon", "coordinates": [[[86.4214357739888, 20.17491915199421], [86.43100455244158, 20.17491915199421], [86.43100455244158, 20.183902263744123], [86.4214357739888, 20.183902263744123], [86.4214357739888, 20.17491915199421]]]}, "properties": {"depth_m": 0.92, "severity": "Severe", "elevation_m": 0.81, "dist_to_coast_km": 2.6, "district": "Jagatsinghpur"}}, {"type": "Feature", "geometry": {"type": "Polygon", "coordinates": [[[86.43100455244158, 20.17491915199421], [86.44057333089432, 20.17491915199421], [86.44057333089432, 20.183902263744123], [86.43100455244158, 20.183902263744123], [86.43100455244158, 20.17491915199421]]]}, "properties": {"depth_m": 1.01, "severity": "Severe", "elevation_m": 0.76, "dist_to_coast_km": 2.2, "district": "Jagatsinghpur"}}, {"type": "Feature", "geometry": {"type": "Polygon", "coordinates": [[[86.44057333089432, 20.17491915199421], [86.4501421093471, 20.17491915199421], [86.4501421093471, 20.183902263744123], [86.44057333089432, 20.183902263744123], [86.44057333089432, 20.17491915199421]]]}, "properties": {"depth_m": 1.0, "severity": "Severe", "elevation_m": 0.77, "dist_to_coast_km": 2.2, "district": "Jagatsinghpur"}}, {"type": "Feature", "geometry": {"type": "Polygon", "coordinates": [[[86.4501421093471, 20.17491915199421], [86.45971088779984, 20.17491915199421], [86.45971088779984, 20.183902263744123], [86.4501421093471, 20.183902263744123], [86.4501421093471, 20.17491915199421]]]}, "properties": {"depth_m": 0.9, "severity": "Severe", "elevation_m": 0.82, "dist_to_coast_km": 2.7, "district": "Jagatsinghpur"}}, {"type": "Feature", "geometry": {"type": "Polygon", "coordinates": [[[86.45971088779984, 20.17491915199421], [86.46927966625262, 20.17491915199421], [86.46927966625262, 20.183902263744123], [86.45971088779984, 20.183902263744123], [86.45971088779984, 20.17491915199421]]]}, "properties": {"depth_m": 0.75, "severity": "Severe", "elevation_m": 0.9, "dist_to_coast_km": 3.3, "district": "Jagatsinghpur"}}, {"type": "Feature", "geometry": {"type": "Polygon", "coordinates": [[[86.46927966625262, 20.17491915199421], [86.47884844470536, 20.17491915199421], [86.47884844470536, 20.183902263744123], [86.46927966625262, 20.183902263744123], [86.46927966625262, 20.17491915199421]]]}, "properties": {"depth_m": 0.57, "severity": "Moderate (Impassable)", "elevation_m": 1.0, "dist_to_coast_km": 4.2, "district": "Jagatsinghpur"}}, {"type": "Feature", "geometry": {"type": "Polygon", "coordinates": [[[86.47884844470536, 20.17491915199421], [86.48841722315814, 20.17491915199421], [86.48841722315814, 20.183902263744123], [86.47884844470536, 20.183902263744123], [86.47884844470536, 20.17491915199421]]]}, "properties": {"depth_m": 0.38, "severity": "Moderate (Impassable)", "elevation_m": 1.1, "dist_to_coast_km": 5.0, "district": "Jagatsinghpur"}}, {"type": "Feature", "geometry": {"type": "Polygon", "coordinates": [[[86.48841722315814, 20.17491915199421], [86.49798600161088, 20.17491915199421], [86.49798600161088, 20.183902263744123], [86.48841722315814, 20.183902263744123], [86.48841722315814, 20.17491915199421]]]}, "properties": {"depth_m": 0.18, "severity": "Minor", "elevation_m": 1.21, "dist_to_coast_km": 6.0, "district": "Jagatsinghpur"}}, {"type": "Feature", "geometry": {"type": "Polygon", "coordinates": [[[86.38316066017777, 20.183902263744123], [86.39272943863054, 20.183902263744123], [86.39272943863054, 20.19288537549403], [86.38316066017777, 20.19288537549403], [86.38316066017777, 20.183902263744123]]]}, "properties": {"depth_m": 0.11, "severity": "Minor", "elevation_m": 1.25, "dist_to_coast_km": 6.3, "district": "Jagatsinghpur"}}, {"type": "Feature", "geometry": {"type": "Polygon", "coordinates": [[[86.39272943863054, 20.183902263744123], [86.40229821708328, 20.183902263744123], [86.40229821708328, 20.19288537549403], [86.39272943863054, 20.19288537549403], [86.39272943863054, 20.183902263744123]]]}, "properties": {"depth_m": 0.29, "severity": "Minor", "elevation_m": 1.15, "dist_to_coast_km": 5.4, "district": "Jagatsinghpur"}}, {"type": "Feature", "geometry": {"type": "Polygon", "coordinates": [[[86.40229821708328, 20.183902263744123], [86.41186699553606, 20.183902263744123], [86.41186699553606, 20.19288537549403], [86.40229821708328, 20.19288537549403], [86.40229821708328, 20.183902263744123]]]}, "properties": {"depth_m": 0.46, "severity": "Moderate (Impassable)", "elevation_m": 1.06, "dist_to_coast_km": 4.7, "district": "Jagatsinghpur"}}, {"type": "Feature", "geometry": {"type": "Polygon", "coordinates": [[[86.41186699553606, 20.183902263744123], [86.4214357739888, 20.183902263744123], [86.4214357739888, 20.19288537549403], [86.41186699553606, 20.19288537549403], [86.41186699553606, 20.183902263744123]]]}, "properties": {"depth_m": 0.61, "severity": "Severe", "elevation_m": 0.98, "dist_to_coast_km": 4.0, "district": "Jagatsinghpur"}}, {"type": "Feature", "geometry": {"type": "Polygon", "coordinates": [[[86.4214357739888, 20.183902263744123], [86.43100455244158, 20.183902263744123], [86.43100455244158, 20.19288537549403], [86.4214357739888, 20.19288537549403], [86.4214357739888, 20.183902263744123]]]}, "properties": {"depth_m": 0.73, "severity": "Severe", "elevation_m": 0.92, "dist_to_coast_km": 3.5, "district": "Jagatsinghpur"}}, {"type": "Feature", "geometry": {"type": "Polygon", "coordinates": [[[86.43100455244158, 20.183902263744123], [86.44057333089432, 20.183902263744123], [86.44057333089432, 20.19288537549403], [86.43100455244158, 20.19288537549403], [86.43100455244158, 20.183902263744123]]]}, "properties": {"depth_m": 0.79, "severity": "Severe", "elevation_m": 0.88, "dist_to_coast_km": 3.2, "district": "Jagatsinghpur"}}, {"type": "Feature", "geometry": {"type": "Polygon", "coordinates": [[[86.44057333089432, 20.183902263744123], [86.4501421093471, 20.183902263744123], [86.4501421093471, 20.19288537549403], [86.44057333089432, 20.19288537549403], [86.44057333089432, 20.183902263744123]]]}, "properties": {"depth_m": 0.78, "severity": "Severe", "elevation_m": 0.88, "dist_to_coast_km": 3.2, "district": "Jagatsinghpur"}}, {"type": "Feature", "geometry": {"type": "Polygon", "coordinates": [[[86.4501421093471, 20.183902263744123], [86.45971088779984, 20.183902263744123], [86.45971088779984, 20.19288537549403], [86.4501421093471, 20.19288537549403], [86.4501421093471, 20.183902263744123]]]}, "properties": {"depth_m": 0.72, "severity": "Severe", "elevation_m": 0.92, "dist_to_coast_km": 3.5, "district": "Jagatsinghpur"}}, {"type": "Feature", "geometry": {"type": "Polygon", "coordinates": [[[86.45971088779984, 20.183902263744123], [86.46927966625262, 20.183902263744123], [86.46927966625262, 20.19288537549403], [86.45971088779984, 20.19288537549403], [86.45971088779984, 20.183902263744123]]]}, "properties": {"depth_m": 0.6, "severity": "Moderate (Impassable)", "elevation_m": 0.99, "dist_to_coast_km": 4.1, "district": "Jagatsinghpur"}}, {"type": "Feature", "geometry": {"type": "Polygon", "coordinates": [[[86.46927966625262, 20.183902263744123], [86.47884844470536, 20.183902263744123], [86.47884844470536, 20.19288537549403], [86.46927966625262, 20.19288537549403], [86.46927966625262, 20.183902263744123]]]}, "properties": {"depth_m": 0.44, "severity": "Moderate (Impassable)", "elevation_m": 1.07, "dist_to_coast_km": 4.8, "district": "Jagatsinghpur"}}, {"type": "Feature", "geometry": {"type": "Polygon", "coordinates": [[[86.47884844470536, 20.183902263744123], [86.48841722315814, 20.183902263744123], [86.48841722315814, 20.19288537549403], [86.47884844470536, 20.19288537549403], [86.47884844470536, 20.183902263744123]]]}, "properties": {"depth_m": 0.27, "severity": "Minor", "elevation_m": 1.16, "dist_to_coast_km": 5.5, "district": "Jagatsinghpur"}}, {"type": "Feature", "geometry": {"type": "Polygon", "coordinates": [[[86.39272943863054, 20.19288537549403], [86.40229821708328, 20.19288537549403], [86.40229821708328, 20.201868487243942], [86.39272943863054, 20.201868487243942], [86.39272943863054, 20.19288537549403]]]}, "properties": {"depth_m": 0.15, "severity": "Minor", "elevation_m": 1.23, "dist_to_coast_km": 6.1, "district": "Jagatsinghpur"}}, {"type": "Feature", "geometry": {"type": "Polygon", "coordinates": [[[86.40229821708328, 20.19288537549403], [86.41186699553606, 20.19288537549403], [86.41186699553606, 20.201868487243942], [86.40229821708328, 20.201868487243942], [86.40229821708328, 20.19288537549403]]]}, "properties": {"depth_m": 0.3, "severity": "Moderate (Impassable)", "elevation_m": 1.15, "dist_to_coast_km": 5.4, "district": "Jagatsinghpur"}}, {"type": "Feature", "geometry": {"type": "Polygon", "coordinates": [[[86.41186699553606, 20.19288537549403], [86.4214357739888, 20.19288537549403], [86.4214357739888, 20.201868487243942], [86.41186699553606, 20.201868487243942], [86.41186699553606, 20.19288537549403]]]}, "properties": {"depth_m": 0.43, "severity": "Moderate (Impassable)", "elevation_m": 1.08, "dist_to_coast_km": 4.8, "district": "Jagatsinghpur"}}, {"type": "Feature", "geometry": {"type": "Polygon", "coordinates": [[[86.4214357739888, 20.19288537549403], [86.43100455244158, 20.19288537549403], [86.43100455244158, 20.201868487243942], [86.4214357739888, 20.201868487243942], [86.4214357739888, 20.19288537549403]]]}, "properties": {"depth_m": 0.52, "severity": "Moderate (Impassable)", "elevation_m": 1.03, "dist_to_coast_km": 4.4, "district": "Jagatsinghpur"}}, {"type": "Feature", "geometry": {"type": "Polygon", "coordinates": [[[86.43100455244158, 20.19288537549403], [86.44057333089432, 20.19288537549403], [86.44057333089432, 20.201868487243942], [86.43100455244158, 20.201868487243942], [86.43100455244158, 20.19288537549403]]]}, "properties": {"depth_m": 0.57, "severity": "Moderate (Impassable)", "elevation_m": 1.0, "dist_to_coast_km": 4.2, "district": "Jagatsinghpur"}}, {"type": "Feature", "geometry": {"type": "Polygon", "coordinates": [[[86.44057333089432, 20.19288537549403], [86.4501421093471, 20.19288537549403], [86.4501421093471, 20.201868487243942], [86.44057333089432, 20.201868487243942], [86.44057333089432, 20.19288537549403]]]}, "properties": {"depth_m": 0.57, "severity": "Moderate (Impassable)", "elevation_m": 1.0, "dist_to_coast_km": 4.2, "district": "Jagatsinghpur"}}, {"type": "Feature", "geometry": {"type": "Polygon", "coordinates": [[[86.4501421093471, 20.19288537549403], [86.45971088779984, 20.19288537549403], [86.45971088779984, 20.201868487243942], [86.4501421093471, 20.201868487243942], [86.4501421093471, 20.19288537549403]]]}, "properties": {"depth_m": 0.51, "severity": "Moderate (Impassable)", "elevation_m": 1.03, "dist_to_coast_km": 4.4, "district": "Jagatsinghpur"}}, {"type": "Feature", "geometry": {"type": "Polygon", "coordinates": [[[86.45971088779984, 20.19288537549403], [86.46927966625262, 20.19288537549403], [86.46927966625262, 20.201868487243942], [86.45971088779984, 20.201868487243942], [86.45971088779984, 20.19288537549403]]]}, "properties": {"depth_m": 0.42, "severity": "Moderate (Impassable)", "elevation_m": 1.09, "dist_to_coast_km": 4.9, "district": "Jagatsinghpur"}}, {"type": "Feature", "geometry": {"type": "Polygon", "coordinates": [[[86.46927966625262, 20.19288537549403], [86.47884844470536, 20.19288537549403], [86.47884844470536, 20.201868487243942], [86.46927966625262, 20.201868487243942], [86.46927966625262, 20.19288537549403]]]}, "properties": {"depth_m": 0.29, "severity": "Minor", "elevation_m": 1.16, "dist_to_coast_km": 5.5, "district": "Jagatsinghpur"}}, {"type": "Feature", "geometry": {"type": "Polygon", "coordinates": [[[86.47884844470536, 20.19288537549403], [86.48841722315814, 20.19288537549403], [86.48841722315814, 20.201868487243942], [86.47884844470536, 20.201868487243942], [86.47884844470536, 20.19288537549403]]]}, "properties": {"depth_m": 0.13, "severity": "Minor", "elevation_m": 1.24, "dist_to_coast_km": 6.2, "district": "Jagatsinghpur"}}, {"type": "Feature", "geometry": {"type": "Polygon", "coordinates": [[[86.40229821708328, 20.201868487243942], [86.41186699553606, 20.201868487243942], [86.41186699553606, 20.210851598993848], [86.40229821708328, 20.210851598993848], [86.40229821708328, 20.201868487243942]]]}, "properties": {"depth_m": 0.13, "severity": "Minor", "elevation_m": 1.24, "dist_to_coast_km": 6.2, "district": "Jagatsinghpur"}}, {"type": "Feature", "geometry": {"type": "Polygon", "coordinates": [[[86.41186699553606, 20.201868487243942], [86.4214357739888, 20.201868487243942], [86.4214357739888, 20.210851598993848], [86.41186699553606, 20.210851598993848], [86.41186699553606, 20.201868487243942]]]}, "properties": {"depth_m": 0.24, "severity": "Minor", "elevation_m": 1.18, "dist_to_coast_km": 5.7, "district": "Jagatsinghpur"}}, {"type": "Feature", "geometry": {"type": "Polygon", "coordinates": [[[86.4214357739888, 20.201868487243942], [86.43100455244158, 20.201868487243942], [86.43100455244158, 20.210851598993848], [86.4214357739888, 20.210851598993848], [86.4214357739888, 20.201868487243942]]]}, "properties": {"depth_m": 0.31, "severity": "Moderate (Impassable)", "elevation_m": 1.14, "dist_to_coast_km": 5.4, "district": "Jagatsinghpur"}}, {"type": "Feature", "geometry": {"type": "Polygon", "coordinates": [[[86.43100455244158, 20.201868487243942], [86.44057333089432, 20.201868487243942], [86.44057333089432, 20.210851598993848], [86.43100455244158, 20.210851598993848], [86.43100455244158, 20.201868487243942]]]}, "properties": {"depth_m": 0.35, "severity": "Moderate (Impassable)", "elevation_m": 1.12, "dist_to_coast_km": 5.2, "district": "Jagatsinghpur"}}, {"type": "Feature", "geometry": {"type": "Polygon", "coordinates": [[[86.44057333089432, 20.201868487243942], [86.4501421093471, 20.201868487243942], [86.4501421093471, 20.210851598993848], [86.44057333089432, 20.210851598993848], [86.44057333089432, 20.201868487243942]]]}, "properties": {"depth_m": 0.35, "severity": "Moderate (Impassable)", "elevation_m": 1.12, "dist_to_coast_km": 5.2, "district": "Jagatsinghpur"}}, {"type": "Feature", "geometry": {"type": "Polygon", "coordinates": [[[86.4501421093471, 20.201868487243942], [86.45971088779984, 20.201868487243942], [86.45971088779984, 20.210851598993848], [86.4501421093471, 20.210851598993848], [86.4501421093471, 20.201868487243942]]]}, "properties": {"depth_m": 0.31, "severity": "Moderate (Impassable)", "elevation_m": 1.15, "dist_to_coast_km": 5.4, "district": "Jagatsinghpur"}}, {"type": "Feature", "geometry": {"type": "Polygon", "coordinates": [[[86.45971088779984, 20.201868487243942], [86.46927966625262, 20.201868487243942], [86.46927966625262, 20.210851598993848], [86.45971088779984, 20.210851598993848], [86.45971088779984, 20.201868487243942]]]}, "properties": {"depth_m": 0.22, "severity": "Minor", "elevation_m": 1.19, "dist_to_coast_km": 5.8, "district": "Jagatsinghpur"}}, {"type": "Feature", "geometry": {"type": "Polygon", "coordinates": [[[86.46927966625262, 20.201868487243942], [86.47884844470536, 20.201868487243942], [86.47884844470536, 20.210851598993848], [86.46927966625262, 20.210851598993848], [86.46927966625262, 20.201868487243942]]]}, "properties": {"depth_m": 0.11, "severity": "Minor", "elevation_m": 1.25, "dist_to_coast_km": 6.3, "district": "Jagatsinghpur"}}, {"type": "Feature", "geometry": {"type": "Polygon", "coordinates": [[[86.43100455244158, 20.210851598993848], [86.44057333089432, 20.210851598993848], [86.44057333089432, 20.21983471074376], [86.43100455244158, 20.21983471074376], [86.43100455244158, 20.210851598993848]]]}, "properties": {"depth_m": 0.13, "severity": "Minor", "elevation_m": 1.24, "dist_to_coast_km": 6.2, "district": "Jagatsinghpur"}}, {"type": "Feature", "geometry": {"type": "Polygon", "coordinates": [[[86.44057333089432, 20.210851598993848], [86.4501421093471, 20.210851598993848], [86.4501421093471, 20.21983471074376], [86.44057333089432, 20.21983471074376], [86.44057333089432, 20.210851598993848]]]}, "properties": {"depth_m": 0.13, "severity": "Minor", "elevation_m": 1.24, "dist_to_coast_km": 6.2, "district": "Jagatsinghpur"}}]}