{
  "type": "FeatureCollection",
  "features": [
    {
      "type": "Feature",
      "geometry": {
        "type": "Point",
        "coordinates": [
          85.45,
          19.68
        ]
      },
      "properties": {
        "station_id": "coast_0",
        "station_name": "Satapada / Chilika Mouth",
        "district": "Puri",
        "time_utc": "2019-05-02T03:00:00+00:00",
        "hours_to_landfall": -23.7,
        "local_wind_kmh": 58.2,
        "surge_total_m": 2.02,
        "surge_ib_m": 0.65,
        "surge_wind_m": 0.27,
        "tide_m": 1.1
      }
    },
    {
      "type": "Feature",
      "geometry": {
        "type": "Point",
        "coordinates": [
          85.65,
          19.75
        ]
      },
      "properties": {
        "station_id": "coast_1",
        "station_name": "Brahmagiri Coast",
        "district": "Puri",
        "time_utc": "2019-05-02T03:00:00+00:00",
        "hours_to_landfall": -23.7,
        "local_wind_kmh": 57.3,
        "surge_total_m": 2.01,
        "surge_ib_m": 0.65,
        "surge_wind_m": 0.25,
        "tide_m": 1.1
      }
    },
    {
      "type": "Feature",
      "geometry": {
        "type": "Point",
        "coordinates": [
          85.83,
          19.8
        ]
      },
      "properties": {
        "station_id": "coast_2",
        "station_name": "Puri Beach (Landfall Zone)",
        "district": "Puri",
        "time_utc": "2019-05-02T03:00:00+00:00",
        "hours_to_landfall": -23.7,
        "local_wind_kmh": 56.5,
        "surge_total_m": 1.99,
        "surge_ib_m": 0.65,
        "surge_wind_m": 0.24,
        "tide_m": 1.1
      }
    },
    {
      "type": "Feature",
      "geometry": {
        "type": "Point",
        "coordinates": [
          86.05,
          19.87
        ]
      },
      "properties": {
        "station_id": "coast_3",
        "station_name": "Konark / Chandrabhaga",
        "district": "Puri",
        "time_utc": "2019-05-02T03:00:00+00:00",
        "hours_to_landfall": -23.7,
        "local_wind_kmh": 55.5,
        "surge_total_m": 1.98,
        "surge_ib_m": 0.65,
        "surge_wind_m": 0.22,
        "tide_m": 1.1
      }
    },
    {
      "type": "Feature",
      "geometry": {
        "type": "Point",
        "coordinates": [
          86.27,
          19.98
        ]
      },
      "properties": {
        "station_id": "coast_4",
        "station_name": "Astaranga / Devi Estuary",
        "district": "Puri",
        "time_utc": "2019-05-02T03:00:00+00:00",
        "hours_to_landfall": -23.7,
        "local_wind_kmh": 54.3,
        "surge_total_m": 2.0,
        "surge_ib_m": 0.65,
        "surge_wind_m": 0.25,
        "tide_m": 1.1
      }
    },
    {
      "type": "Feature",
      "geometry": {
        "type": "Point",
        "coordinates": [
          86.44,
          20.16
        ]
      },
      "properties": {
        "station_id": "coast_5",
        "station_name": "Ersama Coastal Belt",
        "district": "Jagatsinghpur",
        "time_utc": "2019-05-02T03:00:00+00:00",
        "hours_to_landfall": -23.7,
        "local_wind_kmh": 52.8,
        "surge_total_m": 2.01,
        "surge_ib_m": 0.65,
        "surge_wind_m": 0.25,
        "tide_m": 1.1
      }
    },
    {
      "type": "Feature",
      "geometry": {
        "type": "Point",
        "coordinates": [
          86.67,
          20.29
        ]
      },
      "properties": {
        "station_id": "coast_6",
        "station_name": "Paradip Port",
        "district": "Jagatsinghpur",
        "time_utc": "2019-05-02T03:00:00+00:00",
        "hours_to_landfall": -23.7,
        "local_wind_kmh": 51.6,
        "surge_total_m": 2.0,
        "surge_ib_m": 0.65,
        "surge_wind_m": 0.25,
        "tide_m": 1.1
      }
    },
    {
      "type": "Feature",
      "geometry": {
        "type": "Point",
        "coordinates": [
          86.72,
          20.48
        ]
      },
      "properties": {
        "station_id": "coast_7",
        "station_name": "Mahakalpara / Hukitola",
        "district": "Kendrapara",
        "time_utc": "2019-05-02T03:00:00+00:00",
        "hours_to_landfall": -23.7,
        "local_wind_kmh": 50.5,
        "surge_total_m": 1.99,
        "surge_ib_m": 0.65,
        "surge_wind_m": 0.24,
        "tide_m": 1.1
      }
    },
    {
      "type": "Feature",
      "geometry": {
        "type": "Point",
        "coordinates": [
          86.78,
          20.65
        ]
      },
      "properties": {
        "station_id": "coast_8",
        "station_name": "Rajanagar / Bhitarkanika",
        "district": "Kendrapara",
        "time_utc": "2019-05-02T03:00:00+00:00",
        "hours_to_landfall": -23.7,
        "local_wind_kmh": 49.6,
        "surge_total_m": 1.98,
        "surge_ib_m": 0.65,
        "surge_wind_m": 0.23,
        "tide_m": 1.1
      }
    },
    {
      "type": "Feature",
      "geometry": {
        "type": "Point",
        "coordinates": [
          85.45,
          19.68
        ]
      },
      "properties": {
        "station_id": "coast_0",
        "station_name": "Satapada / Chilika Mouth",
        "district": "Puri",
        "time_utc": "2019-05-02T04:00:00+00:00",
        "hours_to_landfall": -22.7,
        "local_wind_kmh": 60.2,
        "surge_total_m": 1.83,
        "surge_ib_m": 0.66,
        "surge_wind_m": 0.29,
        "tide_m": 0.88
      }
    },
    {
      "type": "Feature",
      "geometry": {
        "type": "Point",
        "coordinates": [
          85.65,
          19.75
        ]
      },
      "properties": {
        "station_id": "coast_1",
        "station_name": "Brahmagiri Coast",
        "district": "Puri",
        "time_utc": "2019-05-02T04:00:00+00:00",
        "hours_to_landfall": -22.7,
        "local_wind_kmh": 59.2,
        "surge_total_m": 1.81,
        "surge_ib_m": 0.66,
        "surge_wind_m": 0.27,
        "tide_m": 0.88
      }
    },
    {
      "type": "Feature",
      "geometry": {
        "type": "Point",
        "coordinates": [
          85.83,
          19.8
        ]
      },
      "properties": {
        "station_id": "coast_2",
        "station_name": "Puri Beach (Landfall Zone)",
        "district": "Puri",
        "time_utc": "2019-05-02T04:00:00+00:00",
        "hours_to_landfall": -22.7,
        "local_wind_kmh": 58.4,
        "surge_total_m": 1.79,
        "surge_ib_m": 0.66,
        "surge_wind_m": 0.25,
        "tide_m": 0.88
      }
    },
    {
      "type": "Feature",
      "geometry": {
        "type": "Point",
        "coordinates": [
          86.05,
          19.87
        ]
      },
      "properties": {
        "station_id": "coast_3",
        "station_name": "Konark / Chandrabhaga",
        "district": "Puri",
        "time_utc": "2019-05-02T04:00:00+00:00",
        "hours_to_landfall": -22.7,
        "local_wind_kmh": 57.4,
        "surge_total_m": 1.78,
        "surge_ib_m": 0.66,
        "surge_wind_m": 0.24,
        "tide_m": 0.88
      }
    },
    {
      "type": "Feature",
      "geometry": {
        "type": "Point",
        "coordinates": [
          86.27,
          19.98
        ]
      },
      "properties": {
        "station_id": "coast_4",
        "station_name": "Astaranga / Devi Estuary",
        "district": "Puri",
        "time_utc": "2019-05-02T04:00:00+00:00",
        "hours_to_landfall": -22.7,
        "local_wind_kmh": 56.0,
        "surge_total_m": 1.8,
        "surge_ib_m": 0.66,
        "surge_wind_m": 0.26,
        "tide_m": 0.88
      }
    },
    {
      "type": "Feature",
      "geometry": {
        "type": "Point",
        "coordinates": [
          86.44,
          20.16
        ]
      },
      "properties": {
        "station_id": "coast_5",
        "station_name": "Ersama Coastal Belt",
        "district": "Jagatsinghpur",
        "time_utc": "2019-05-02T04:00:00+00:00",
        "hours_to_landfall": -22.7,
        "local_wind_kmh": 54.4,
        "surge_total_m": 1.81,
        "surge_ib_m": 0.66,
        "surge_wind_m": 0.27,
        "tide_m": 0.88
      }
    },
    {
      "type": "Feature",
      "geometry": {
        "type": "Point",
        "coordinates": [
          86.67,
          20.29
        ]
      },
      "properties": {
        "station_id": "coast_6",
        "station_name": "Paradip Port",
        "district": "Jagatsinghpur",
        "time_utc": "2019-05-02T04:00:00+00:00",
        "hours_to_landfall": -22.7,
        "local_wind_kmh": 53.1,
        "surge_total_m": 1.8,
        "surge_ib_m": 0.66,
        "surge_wind_m": 0.27,
        "tide_m": 0.88
      }
    },
    {
      "type": "Feature",
      "geometry": {
        "type": "Point",
        "coordinates": [
          86.72,
          20.48
        ]
      },
      "properties": {
        "station_id": "coast_7",
        "station_name": "Mahakalpara / Hukitola",
        "district": "Kendrapara",
        "time_utc": "2019-05-02T04:00:00+00:00",
        "hours_to_landfall": -22.7,
        "local_wind_kmh": 52.0,
        "surge_total_m": 1.79,
        "surge_ib_m": 0.66,
        "surge_wind_m": 0.25,
        "tide_m": 0.88
      }
    },
    {
      "type": "Feature",
      "geometry": {
        "type": "Point",
        "coordinates": [
          86.78,
          20.65
        ]
      },
      "properties": {
        "station_id": "coast_8",
        "station_name": "Rajanagar / Bhitarkanika",
        "district": "Kendrapara",
        "time_utc": "2019-05-02T04:00:00+00:00",
        "hours_to_landfall": -22.7,
        "local_wind_kmh": 51.0,
        "surge_total_m": 1.78,
        "surge_ib_m": 0.66,
        "surge_wind_m": 0.24,
        "tide_m": 0.88
      }
    },
    {
      "type": "Feature",
      "geometry": {
        "type": "Point",
        "coordinates": [
          85.45,
          19.68
        ]
      },
      "properties": {
        "station_id": "coast_0",
        "station_name": "Satapada / Chilika Mouth",
        "district": "Puri",
        "time_utc": "2019-05-02T05:00:00+00:00",
        "hours_to_landfall": -21.7,
        "local_wind_kmh": 63.0,
        "surge_total_m": 1.58,
        "surge_ib_m": 0.68,
        "surge_wind_m": 0.31,
        "tide_m": 0.59
      }
    },
    {
      "type": "Feature",
      "geometry": {
        "type": "Point",
        "coordinates": [
          85.65,
          19.75
        ]
      },
      "properties": {
        "station_id": "coast_1",
        "station_name": "Brahmagiri Coast",
        "district": "Puri",
        "time_utc": "2019-05-02T05:00:00+00:00",
        "hours_to_landfall": -21.7,
        "local_wind_kmh": 61.9,
        "surge_total_m": 1.56,
        "surge_ib_m": 0.68,
        "surge_wind_m": 0.3,
        "tide_m": 0.59
      }
    },
    {
      "type": "Feature",
      "geometry": {
        "type": "Point",
        "coordinates": [
          85.83,
          19.8
        ]
      },
      "properties": {
        "station_id": "coast_2",
        "station_name": "Puri Beach (Landfall Zone)",
        "district": "Puri",
        "time_utc": "2019-05-02T05:00:00+00:00",
        "hours_to_landfall": -21.7,
        "local_wind_kmh": 61.0,
        "surge_total_m": 1.54,
        "surge_ib_m": 0.68,
        "surge_wind_m": 0.28,
        "tide_m": 0.59
      }
    },
    {
      "type": "Feature",
      "geometry": {
        "type": "Point",
        "coordinates": [
          86.05,
          19.87
        ]
      },
      "properties": {
        "station_id": "coast_3",
        "station_name": "Konark / Chandrabhaga",
        "district": "Puri",
        "time_utc": "2019-05-02T05:00:00+00:00",
        "hours_to_landfall": -21.7,
        "local_wind_kmh": 59.8,
        "surge_total_m": 1.52,
        "surge_ib_m": 0.68,
        "surge_wind_m": 0.26,
        "tide_m": 0.59
      }
    },
    {
      "type": "Feature",
      "geometry": {
        "type": "Point",
        "coordinates": [
          86.27,
          19.98
        ]
      },
      "properties": {
        "station_id": "coast_4",
        "station_name": "Astaranga / Devi Estuary",
        "district": "Puri",
        "time_utc": "2019-05-02T05:00:00+00:00",
        "hours_to_landfall": -21.7,
        "local_wind_kmh": 58.3,
        "surge_total_m": 1.55,
        "surge_ib_m": 0.68,
        "surge_wind_m": 0.29,
        "tide_m": 0.59
      }
    },
    {
      "type": "Feature",
      "geometry": {
        "type": "Point",
        "coordinates": [
          86.44,
          20.16
        ]
      },
      "properties": {
        "station_id": "coast_5",
        "station_name": "Ersama Coastal Belt",
        "district": "Jagatsinghpur",
        "time_utc": "2019-05-02T05:00:00+00:00",
        "hours_to_landfall": -21.7,
        "local_wind_kmh": 56.6,
        "surge_total_m": 1.55,
        "surge_ib_m": 0.68,
        "surge_wind_m": 0.29,
        "tide_m": 0.59
      }
    },
    {
      "type": "Feature",
      "geometry": {
        "type": "Point",
        "coordinates": [
          86.67,
          20.29
        ]
      },
      "properties": {
        "station_id": "coast_6",
        "station_name": "Paradip Port",
        "district": "Jagatsinghpur",
        "time_utc": "2019-05-02T05:00:00+00:00",
        "hours_to_landfall": -21.7,
        "local_wind_kmh": 55.2,
        "surge_total_m": 1.55,
        "surge_ib_m": 0.68,
        "surge_wind_m": 0.29,
        "tide_m": 0.59
      }
    },
    {
      "type": "Feature",
      "geometry": {
        "type": "Point",
        "coordinates": [
          86.72,
          20.48
        ]
      },
      "properties": {
        "station_id": "coast_7",
        "station_name": "Mahakalpara / Hukitola",
        "district": "Kendrapara",
        "time_utc": "2019-05-02T05:00:00+00:00",
        "hours_to_landfall": -21.7,
        "local_wind_kmh": 53.9,
        "surge_total_m": 1.54,
        "surge_ib_m": 0.68,
        "surge_wind_m": 0.27,
        "tide_m": 0.59
      }
    },
    {
      "type": "Feature",
      "geometry": {
        "type": "Point",
        "coordinates": [
          86.78,
          20.65
        ]
      },
      "properties": {
        "station_id": "coast_8",
        "station_name": "Rajanagar / Bhitarkanika",
        "district": "Kendrapara",
        "time_utc": "2019-05-02T05:00:00+00:00",
        "hours_to_landfall": -21.7,
        "local_wind_kmh": 52.8,
        "surge_total_m": 1.52,
        "surge_ib_m": 0.68,
        "surge_wind_m": 0.25,
        "tide_m": 0.59
      }
    },
    {
      "type": "Feature",
      "geometry": {
        "type": "Point",
        "coordinates": [
          85.45,
          19.68
        ]
      },
      "properties": {
        "station_id": "coast_0",
        "station_name": "Satapada / Chilika Mouth",
        "district": "Puri",
        "time_utc": "2019-05-02T06:00:00+00:00",
        "hours_to_landfall": -20.7,
        "local_wind_kmh": 66.0,
        "surge_total_m": 1.34,
        "surge_ib_m": 0.7,
        "surge_wind_m": 0.34,
        "tide_m": 0.3
      }
    },
    {
      "type": "Feature",
      "geometry": {
        "type": "Point",
        "coordinates": [
          85.65,
          19.75
        ]
      },
      "properties": {
        "station_id": "coast_1",
        "station_name": "Brahmagiri Coast",
        "district": "Puri",
        "time_utc": "2019-05-02T06:00:00+00:00",
        "hours_to_landfall": -20.7,
        "local_wind_kmh": 64.8,
        "surge_total_m": 1.32,
        "surge_ib_m": 0.7,
        "surge_wind_m": 0.32,
        "tide_m": 0.3
      }
    },
    {
      "type": "Feature",
      "geometry": {
        "type": "Point",
        "coordinates": [
          85.83,
          19.8
        ]
      },
      "properties": {
        "station_id": "coast_2",
        "station_name": "Puri Beach (Landfall Zone)",
        "district": "Puri",
        "time_utc": "2019-05-02T06:00:00+00:00",
        "hours_to_landfall": -20.7,
        "local_wind_kmh": 63.9,
        "surge_total_m": 1.31,
        "surge_ib_m": 0.7,
        "surge_wind_m": 0.31,
        "tide_m": 0.3
      }
    },
    {
      "type": "Feature",
      "geometry": {
        "type": "Point",
        "coordinates": [
          86.05,
          19.87
        ]
      },
      "properties": {
        "station_id": "coast_3",
        "station_name": "Konark / Chandrabhaga",
        "district": "Puri",
        "time_utc": "2019-05-02T06:00:00+00:00",
        "hours_to_landfall": -20.7,
        "local_wind_kmh": 62.6,
        "surge_total_m": 1.29,
        "surge_ib_m": 0.7,
        "surge_wind_m": 0.29,
        "tide_m": 0.3
      }
    },
    {
      "type": "Feature",
      "geometry": {
        "type": "Point",
        "coordinates": [
          86.27,
          19.98
        ]
      },
      "properties": {
        "station_id": "coast_4",
        "station_name": "Astaranga / Devi Estuary",
        "district": "Puri",
        "time_utc": "2019-05-02T06:00:00+00:00",
        "hours_to_landfall": -20.7,
        "local_wind_kmh": 60.9,
        "surge_total_m": 1.31,
        "surge_ib_m": 0.7,
        "surge_wind_m": 0.31,
        "tide_m": 0.3
      }
    },
    {
      "type": "Feature",
      "geometry": {
        "type": "Point",
        "coordinates": [
          86.44,
          20.16
        ]
      },
      "properties": {
        "station_id": "coast_5",
        "station_name": "Ersama Coastal Belt",
        "district": "Jagatsinghpur",
        "time_utc": "2019-05-02T06:00:00+00:00",
        "hours_to_landfall": -20.7,
        "local_wind_kmh": 59.0,
        "surge_total_m": 1.32,
        "surge_ib_m": 0.7,
        "surge_wind_m": 0.32,
        "tide_m": 0.3
      }
    },
    {
      "type": "Feature",
      "geometry": {
        "type": "Point",
        "coordinates": [
          86.67,
          20.29
        ]
      },
      "properties": {
        "station_id": "coast_6",
        "station_name": "Paradip Port",
        "district": "Jagatsinghpur",
        "time_utc": "2019-05-02T06:00:00+00:00",
        "hours_to_landfall": -20.7,
        "local_wind_kmh": 57.4,
        "surge_total_m": 1.31,
        "surge_ib_m": 0.7,
        "surge_wind_m": 0.31,
        "tide_m": 0.3
      }
    },
    {
      "type": "Feature",
      "geometry": {
        "type": "Point",
        "coordinates": [
          86.72,
          20.48
        ]
      },
      "properties": {
        "station_id": "coast_7",
        "station_name": "Mahakalpara / Hukitola",
        "district": "Kendrapara",
        "time_utc": "2019-05-02T06:00:00+00:00",
        "hours_to_landfall": -20.7,
        "local_wind_kmh": 56.1,
        "surge_total_m": 1.3,
        "surge_ib_m": 0.7,
        "surge_wind_m": 0.3,
        "tide_m": 0.3
      }
    },
    {
      "type": "Feature",
      "geometry": {
        "type": "Point",
        "coordinates": [
          86.78,
          20.65
        ]
      },
      "properties": {
        "station_id": "coast_8",
        "station_name": "Rajanagar / Bhitarkanika",
        "district": "Kendrapara",
        "time_utc": "2019-05-02T06:00:00+00:00",
        "hours_to_landfall": -20.7,
        "local_wind_kmh": 54.9,
        "surge_total_m": 1.27,
        "surge_ib_m": 0.7,
        "surge_wind_m": 0.27,
        "tide_m": 0.3
      }
    },
    {
      "type": "Feature",
      "geometry": {
        "type": "Point",
        "coordinates": [
          85.45,
          19.68
        ]
      },
      "properties": {
        "station_id": "coast_0",
        "station_name": "Satapada / Chilika Mouth",
        "district": "Puri",
        "time_utc": "2019-05-02T07:00:00+00:00",
        "hours_to_landfall": -19.7,
        "local_wind_kmh": 69.0,
        "surge_total_m": 1.19,
        "surge_ib_m": 0.73,
        "surge_wind_m": 0.38,
        "tide_m": 0.09
      }
    },
    {
      "type": "Feature",
      "geometry": {
        "type": "Point",
        "coordinates": [
          85.65,
          19.75
        ]
      },
      "properties": {
        "station_id": "coast_1",
        "station_name": "Brahmagiri Coast",
        "district": "Puri",
        "time_utc": "2019-05-02T07:00:00+00:00",
        "hours_to_landfall": -19.7,
        "local_wind_kmh": 67.7,
        "surge_total_m": 1.17,
        "surge_ib_m": 0.73,
        "surge_wind_m": 0.36,
        "tide_m": 0.09
      }
    },
    {
      "type": "Feature",
      "geometry": {
        "type": "Point",
        "coordinates": [
          85.83,
          19.8
        ]
      },
      "properties": {
        "station_id": "coast_2",
        "station_name": "Puri Beach (Landfall Zone)",
        "district": "Puri",
        "time_utc": "2019-05-02T07:00:00+00:00",
        "hours_to_landfall": -19.7,
        "local_wind_kmh": 66.6,
        "surge_total_m": 1.15,
        "surge_ib_m": 0.73,
        "surge_wind_m": 0.34,
        "tide_m": 0.09
      }
    },
    {
      "type": "Feature",
      "geometry": {
        "type": "Point",
        "coordinates": [
          86.05,
          19.87
        ]
      },
      "properties": {
        "station_id": "coast_3",
        "station_name": "Konark / Chandrabhaga",
        "district": "Puri",
        "time_utc": "2019-05-02T07:00:00+00:00",
        "hours_to_landfall": -19.7,
        "local_wind_kmh": 65.2,
        "surge_total_m": 1.13,
        "surge_ib_m": 0.73,
        "surge_wind_m": 0.31,
        "tide_m": 0.09
      }
    },
    {
      "type": "Feature",
      "geometry": {
        "type": "Point",
        "coordinates": [
          86.27,
          19.98
        ]
      },
      "properties": {
        "station_id": "coast_4",
        "station_name": "Astaranga / Devi Estuary",
        "district": "Puri",
        "time_utc": "2019-05-02T07:00:00+00:00",
        "hours_to_landfall": -19.7,
        "local_wind_kmh": 63.4,
        "surge_total_m": 1.16,
        "surge_ib_m": 0.73,
        "surge_wind_m": 0.34,
        "tide_m": 0.09
      }
    },
    {
      "type": "Feature",
      "geometry": {
        "type": "Point",
        "coordinates": [
          86.44,
          20.16
        ]
      },
      "properties": {
        "station_id": "coast_5",
        "station_name": "Ersama Coastal Belt",
        "district": "Jagatsinghpur",
        "time_utc": "2019-05-02T07:00:00+00:00",
        "hours_to_landfall": -19.7,
        "local_wind_kmh": 61.3,
        "surge_total_m": 1.16,
        "surge_ib_m": 0.73,
        "surge_wind_m": 0.34,
        "tide_m": 0.09
      }
    },
    {
      "type": "Feature",
      "geometry": {
        "type": "Point",
        "coordinates": [
          86.67,
          20.29
        ]
      },
      "properties": {
        "station_id": "coast_6",
        "station_name": "Paradip Port",
        "district": "Jagatsinghpur",
        "time_utc": "2019-05-02T07:00:00+00:00",
        "hours_to_landfall": -19.7,
        "local_wind_kmh": 59.6,
        "surge_total_m": 1.15,
        "surge_ib_m": 0.73,
        "surge_wind_m": 0.33,
        "tide_m": 0.09
      }
    },
    {
      "type": "Feature",
      "geometry": {
        "type": "Point",
        "coordinates": [
          86.72,
          20.48
        ]
      },
      "properties": {
        "station_id": "coast_7",
        "station_name": "Mahakalpara / Hukitola",
        "district": "Kendrapara",
        "time_utc": "2019-05-02T07:00:00+00:00",
        "hours_to_landfall": -19.7,
        "local_wind_kmh": 58.2,
        "surge_total_m": 1.13,
        "surge_ib_m": 0.73,
        "surge_wind_m": 0.32,
        "tide_m": 0.09
      }
    },
    {
      "type": "Feature",
      "geometry": {
        "type": "Point",
        "coordinates": [
          86.78,
          20.65
        ]
      },
      "properties": {
        "station_id": "coast_8",
        "station_name": "Rajanagar / Bhitarkanika",
        "district": "Kendrapara",
        "time_utc": "2019-05-02T07:00:00+00:00",
        "hours_to_landfall": -19.7,
        "local_wind_kmh": 56.9,
        "surge_total_m": 1.11,
        "surge_ib_m": 0.73,
        "surge_wind_m": 0.29,
        "tide_m": 0.09
      }
    },
    {
      "type": "Feature",
      "geometry": {
        "type": "Point",
        "coordinates": [
          85.45,
          19.68
        ]
      },
      "properties": {
        "station_id": "coast_0",
        "station_name": "Satapada / Chilika Mouth",
        "district": "Puri",
        "time_utc": "2019-05-02T08:00:00+00:00",
        "hours_to_landfall": -18.7,
        "local_wind_kmh": 71.8,
        "surge_total_m": 1.17,
        "surge_ib_m": 0.76,
        "surge_wind_m": 0.41,
        "tide_m": 0.0
      }
    },
    {
      "type": "Feature",
      "geometry": {
        "type": "Point",
        "coordinates": [
          85.65,
          19.75
        ]
      },
      "properties": {
        "station_id": "coast_1",
        "station_name": "Brahmagiri Coast",
        "district": "Puri",
        "time_utc": "2019-05-02T08:00:00+00:00",
        "hours_to_landfall": -18.7,
        "local_wind_kmh": 70.3,
        "surge_total_m": 1.15,
        "surge_ib_m": 0.76,
        "surge_wind_m": 0.39,
        "tide_m": 0.0
      }
    },
    {
      "type": "Feature",
      "geometry": {
        "type": "Point",
        "coordinates": [
          85.83,
          19.8
        ]
      },
      "properties": {
        "station_id": "coast_2",
        "station_name": "Puri Beach (Landfall Zone)",
        "district": "Puri",
        "time_utc": "2019-05-02T08:00:00+00:00",
        "hours_to_landfall": -18.7,
        "local_wind_kmh": 69.1,
        "surge_total_m": 1.12,
        "surge_ib_m": 0.76,
        "surge_wind_m": 0.37,
        "tide_m": 0.0
      }
    },
    {
      "type": "Feature",
      "geometry": {
        "type": "Point",
        "coordinates": [
          86.05,
          19.87
        ]
      },
      "properties": {
        "station_id": "coast_3",
        "station_name": "Konark / Chandrabhaga",
        "district": "Puri",
        "time_utc": "2019-05-02T08:00:00+00:00",
        "hours_to_landfall": -18.7,
        "local_wind_kmh": 67.5,
        "surge_total_m": 1.1,
        "surge_ib_m": 0.76,
        "surge_wind_m": 0.34,
        "tide_m": 0.0
      }
    },
    {
      "type": "Feature",
      "geometry": {
        "type": "Point",
        "coordinates": [
          86.27,
          19.98
        ]
      },
      "properties": {
        "station_id": "coast_4",
        "station_name": "Astaranga / Devi Estuary",
        "district": "Puri",
        "time_utc": "2019-05-02T08:00:00+00:00",
        "hours_to_landfall": -18.7,
        "local_wind_kmh": 65.6,
        "surge_total_m": 1.13,
        "surge_ib_m": 0.76,
        "surge_wind_m": 0.37,
        "tide_m": 0.0
      }
    },
    {
      "type": "Feature",
      "geometry": {
        "type": "Point",
        "coordinates": [
          86.44,
          20.16
        ]
      },
      "properties": {
        "station_id": "coast_5",
        "station_name": "Ersama Coastal Belt",
        "district": "Jagatsinghpur",
        "time_utc": "2019-05-02T08:00:00+00:00",
        "hours_to_landfall": -18.7,
        "local_wind_kmh": 63.3,
        "surge_total_m": 1.13,
        "surge_ib_m": 0.76,
        "surge_wind_m": 0.37,
        "tide_m": 0.0
      }
    },
    {
      "type": "Feature",
      "geometry": {
        "type": "Point",
        "coordinates": [
          86.67,
          20.29
        ]
      },
      "properties": {
        "station_id": "coast_6",
        "station_name": "Paradip Port",
        "district": "Jagatsinghpur",
        "time_utc": "2019-05-02T08:00:00+00:00",
        "hours_to_landfall": -18.7,
        "local_wind_kmh": 61.5,
        "surge_total_m": 1.12,
        "surge_ib_m": 0.76,
        "surge_wind_m": 0.36,
        "tide_m": 0.0
      }
    },
    {
      "type": "Feature",
      "geometry": {
        "type": "Point",
        "coordinates": [
          86.72,
          20.48
        ]
      },
      "properties": {
        "station_id": "coast_7",
        "station_name": "Mahakalpara / Hukitola",
        "district": "Kendrapara",
        "time_utc": "2019-05-02T08:00:00+00:00",
        "hours_to_landfall": -18.7,
        "local_wind_kmh": 60.0,
        "surge_total_m": 1.1,
        "surge_ib_m": 0.76,
        "surge_wind_m": 0.34,
        "tide_m": 0.0
      }
    },
    {
      "type": "Feature",
      "geometry": {
        "type": "Point",
        "coordinates": [
          86.78,
          20.65
        ]
      },
      "properties": {
        "station_id": "coast_8",
        "station_name": "Rajanagar / Bhitarkanika",
        "district": "Kendrapara",
        "time_utc": "2019-05-02T08:00:00+00:00",
        "hours_to_landfall": -18.7,
        "local_wind_kmh": 58.6,
        "surge_total_m": 1.07,
        "surge_ib_m": 0.76,
        "surge_wind_m": 0.31,
        "tide_m": 0.0
      }
    },
    {
      "type": "Feature",
      "geometry": {
        "type": "Point",
        "coordinates": [
          85.45,
          19.68
        ]
      },
      "properties": {
        "station_id": "coast_0",
        "station_name": "Satapada / Chilika Mouth",
        "district": "Puri",
        "time_utc": "2019-05-02T09:00:00+00:00",
        "hours_to_landfall": -17.7,
        "local_wind_kmh": 74.2,
        "surge_total_m": 1.29,
        "surge_ib_m": 0.78,
        "surge_wind_m": 0.44,
        "tide_m": 0.07
      }
    },
    {
      "type": "Feature",
      "geometry": {
        "type": "Point",
        "coordinates": [
          85.65,
          19.75
        ]
      },
      "properties": {
        "station_id": "coast_1",
        "station_name": "Brahmagiri Coast",
        "district": "Puri",
        "time_utc": "2019-05-02T09:00:00+00:00",
        "hours_to_landfall": -17.7,
        "local_wind_kmh": 72.6,
        "surge_total_m": 1.26,
        "surge_ib_m": 0.78,
        "surge_wind_m": 0.42,
        "tide_m": 0.07
      }
    },
    {
      "type": "Feature",
      "geometry": {
        "type": "Point",
        "coordinates": [
          85.83,
          19.8
        ]
      },
      "properties": {
        "station_id": "coast_2",
        "station_name": "Puri Beach (Landfall Zone)",
        "district": "Puri",
        "time_utc": "2019-05-02T09:00:00+00:00",
        "hours_to_landfall": -17.7,
        "local_wind_kmh": 71.2,
        "surge_total_m": 1.24,
        "surge_ib_m": 0.78,
        "surge_wind_m": 0.39,
        "tide_m": 0.07
      }
    },
    {
      "type": "Feature",
      "geometry": {
        "type": "Point",
        "coordinates": [
          86.05,
          19.87
        ]
      },
      "properties": {
        "station_id": "coast_3",
        "station_name": "Konark / Chandrabhaga",
        "district": "Puri",
        "time_utc": "2019-05-02T09:00:00+00:00",
        "hours_to_landfall": -17.7,
        "local_wind_kmh": 69.5,
        "surge_total_m": 1.21,
        "surge_ib_m": 0.78,
        "surge_wind_m": 0.37,
        "tide_m": 0.07
      }
    },
    {
      "type": "Feature",
      "geometry": {
        "type": "Point",
        "coordinates": [
          86.27,
          19.98
        ]
      },
      "properties": {
        "station_id": "coast_4",
        "station_name": "Astaranga / Devi Estuary",
        "district": "Puri",
        "time_utc": "2019-05-02T09:00:00+00:00",
        "hours_to_landfall": -17.7,
        "local_wind_kmh": 67.4,
        "surge_total_m": 1.24,
        "surge_ib_m": 0.78,
        "surge_wind_m": 0.39,
        "tide_m": 0.07
      }
    },
    {
      "type": "Feature",
      "geometry": {
        "type": "Point",
        "coordinates": [
          86.44,
          20.16
        ]
      },
      "properties": {
        "station_id": "coast_5",
        "station_name": "Ersama Coastal Belt",
        "district": "Jagatsinghpur",
        "time_utc": "2019-05-02T09:00:00+00:00",
        "hours_to_landfall": -17.7,
        "local_wind_kmh": 65.0,
        "surge_total_m": 1.23,
        "surge_ib_m": 0.78,
        "surge_wind_m": 0.39,
        "tide_m": 0.07
      }
    },
    {
      "type": "Feature",
      "geometry": {
        "type": "Point",
        "coordinates": [
          86.67,
          20.29
        ]
      },
      "properties": {
        "station_id": "coast_6",
        "station_name": "Paradip Port",
        "district": "Jagatsinghpur",
        "time_utc": "2019-05-02T09:00:00+00:00",
        "hours_to_landfall": -17.7,
        "local_wind_kmh": 63.0,
        "surge_total_m": 1.22,
        "surge_ib_m": 0.78,
        "surge_wind_m": 0.38,
        "tide_m": 0.07
      }
    },
    {
      "type": "Feature",
      "geometry": {
        "type": "Point",
        "coordinates": [
          86.72,
          20.48
        ]
      },
      "properties": {
        "station_id": "coast_7",
        "station_name": "Mahakalpara / Hukitola",
        "district": "Kendrapara",
        "time_utc": "2019-05-02T09:00:00+00:00",
        "hours_to_landfall": -17.7,
        "local_wind_kmh": 61.4,
        "surge_total_m": 1.2,
        "surge_ib_m": 0.78,
        "surge_wind_m": 0.35,
        "tide_m": 0.07
      }
    },
    {
      "type": "Feature",
      "geometry": {
        "type": "Point",
        "coordinates": [
          86.78,
          20.65
        ]
      },
      "properties": {
        "station_id": "coast_8",
        "station_name": "Rajanagar / Bhitarkanika",
        "district": "Kendrapara",
        "time_utc": "2019-05-02T09:00:00+00:00",
        "hours_to_landfall": -17.7,
        "local_wind_kmh": 60.1,
        "surge_total_m": 1.17,
        "surge_ib_m": 0.78,
        "surge_wind_m": 0.32,
        "tide_m": 0.07
      }
    },
    {
      "type": "Feature",
      "geometry": {
        "type": "Point",
        "coordinates": [
          85.45,
          19.68
        ]
      },
      "properties": {
        "station_id": "coast_0",
        "station_name": "Satapada / Chilika Mouth",
        "district": "Puri",
        "time_utc": "2019-05-02T10:00:00+00:00",
        "hours_to_landfall": -16.7,
        "local_wind_kmh": 76.3,
        "surge_total_m": 1.53,
        "surge_ib_m": 0.79,
        "surge_wind_m": 0.47,
        "tide_m": 0.26
      }
    },
    {
      "type": "Feature",
      "geometry": {
        "type": "Point",
        "coordinates": [
          85.65,
          19.75
        ]
      },
      "properties": {
        "station_id": "coast_1",
        "station_name": "Brahmagiri Coast",
        "district": "Puri",
        "time_utc": "2019-05-02T10:00:00+00:00",
        "hours_to_landfall": -16.7,
        "local_wind_kmh": 74.5,
        "surge_total_m": 1.5,
        "surge_ib_m": 0.79,
        "surge_wind_m": 0.45,
        "tide_m": 0.26
      }
    },
    {
      "type": "Feature",
      "geometry": {
        "type": "Point",
        "coordinates": [
          85.83,
          19.8
        ]
      },
      "properties": {
        "station_id": "coast_2",
        "station_name": "Puri Beach (Landfall Zone)",
        "district": "Puri",
        "time_utc": "2019-05-02T10:00:00+00:00",
        "hours_to_landfall": -16.7,
        "local_wind_kmh": 73.1,
        "surge_total_m": 1.47,
        "surge_ib_m": 0.79,
        "surge_wind_m": 0.42,
        "tide_m": 0.26
      }
    },
    {
      "type": "Feature",
      "geometry": {
        "type": "Point",
        "coordinates": [
          86.05,
          19.87
        ]
      },
      "properties": {
        "station_id": "coast_3",
        "station_name": "Konark / Chandrabhaga",
        "district": "Puri",
        "time_utc": "2019-05-02T10:00:00+00:00",
        "hours_to_landfall": -16.7,
        "local_wind_kmh": 71.2,
        "surge_total_m": 1.44,
        "surge_ib_m": 0.79,
        "surge_wind_m": 0.39,
        "tide_m": 0.26
      }
    },
    {
      "type": "Feature",
      "geometry": {
        "type": "Point",
        "coordinates": [
          86.27,
          19.98
        ]
      },
      "properties": {
        "station_id": "coast_4",
        "station_name": "Astaranga / Devi Estuary",
        "district": "Puri",
        "time_utc": "2019-05-02T10:00:00+00:00",
        "hours_to_landfall": -16.7,
        "local_wind_kmh": 68.9,
        "surge_total_m": 1.47,
        "surge_ib_m": 0.79,
        "surge_wind_m": 0.41,
        "tide_m": 0.26
      }
    },
    {
      "type": "Feature",
      "geometry": {
        "type": "Point",
        "coordinates": [
          86.44,
          20.16
        ]
      },
      "properties": {
        "station_id": "coast_5",
        "station_name": "Ersama Coastal Belt",
        "district": "Jagatsinghpur",
        "time_utc": "2019-05-02T10:00:00+00:00",
        "hours_to_landfall": -16.7,
        "local_wind_kmh": 66.4,
        "surge_total_m": 1.46,
        "surge_ib_m": 0.79,
        "surge_wind_m": 0.41,
        "tide_m": 0.26
      }
    },
    {
      "type": "Feature",
      "geometry": {
        "type": "Point",
        "coordinates": [
          86.67,
          20.29
        ]
      },
      "properties": {
        "station_id": "coast_6",
        "station_name": "Paradip Port",
        "district": "Jagatsinghpur",
        "time_utc": "2019-05-02T10:00:00+00:00",
        "hours_to_landfall": -16.7,
        "local_wind_kmh": 64.2,
        "surge_total_m": 1.44,
        "surge_ib_m": 0.79,
        "surge_wind_m": 0.39,
        "tide_m": 0.26
      }
    },
    {
      "type": "Feature",
      "geometry": {
        "type": "Point",
        "coordinates": [
          86.72,
          20.48
        ]
      },
      "properties": {
        "station_id": "coast_7",
        "station_name": "Mahakalpara / Hukitola",
        "district": "Kendrapara",
        "time_utc": "2019-05-02T10:00:00+00:00",
        "hours_to_landfall": -16.7,
        "local_wind_kmh": 62.6,
        "surge_total_m": 1.42,
        "surge_ib_m": 0.79,
        "surge_wind_m": 0.36,
        "tide_m": 0.26
      }
    },
    {
      "type": "Feature",
      "geometry": {
        "type": "Point",
        "coordinates": [
          86.78,
          20.65
        ]
      },
      "properties": {
        "station_id": "coast_8",
        "station_name": "Rajanagar / Bhitarkanika",
        "district": "Kendrapara",
        "time_utc": "2019-05-02T10:00:00+00:00",
        "hours_to_landfall": -16.7,
        "local_wind_kmh": 61.1,
        "surge_total_m": 1.39,
        "surge_ib_m": 0.79,
        "surge_wind_m": 0.33,
        "tide_m": 0.26
      }
    },
    {
      "type": "Feature",
      "geometry": {
        "type": "Point",
        "coordinates": [
          85.45,
          19.68
        ]
      },
      "properties": {
        "station_id": "coast_0",
        "station_name": "Satapada / Chilika Mouth",
        "district": "Puri",
        "time_utc": "2019-05-02T11:00:00+00:00",
        "hours_to_landfall": -15.7,
        "local_wind_kmh": 78.3,
        "surge_total_m": 1.84,
        "surge_ib_m": 0.79,
        "surge_wind_m": 0.5,
        "tide_m": 0.55
      }
    },
    {
      "type": "Feature",
      "geometry": {
        "type": "Point",
        "coordinates": [
          85.65,
          19.75
        ]
      },
      "properties": {
        "station_id": "coast_1",
        "station_name": "Brahmagiri Coast",
        "district": "Puri",
        "time_utc": "2019-05-02T11:00:00+00:00",
        "hours_to_landfall": -15.7,
        "local_wind_kmh": 76.3,
        "surge_total_m": 1.81,
        "surge_ib_m": 0.79,
        "surge_wind_m": 0.47,
        "tide_m": 0.55
      }
    },
    {
      "type": "Feature",
      "geometry": {
        "type": "Point",
        "coordinates": [
          85.83,
          19.8
        ]
      },
      "properties": {
        "station_id": "coast_2",
        "station_name": "Puri Beach (Landfall Zone)",
        "district": "Puri",
        "time_utc": "2019-05-02T11:00:00+00:00",
        "hours_to_landfall": -15.7,
        "local_wind_kmh": 74.7,
        "surge_total_m": 1.78,
        "surge_ib_m": 0.79,
        "surge_wind_m": 0.44,
        "tide_m": 0.55
      }
    },
    {
      "type": "Feature",
      "geometry": {
        "type": "Point",
        "coordinates": [
          86.05,
          19.87
        ]
      },
      "properties": {
        "station_id": "coast_3",
        "station_name": "Konark / Chandrabhaga",
        "district": "Puri",
        "time_utc": "2019-05-02T11:00:00+00:00",
        "hours_to_landfall": -15.7,
        "local_wind_kmh": 72.6,
        "surge_total_m": 1.75,
        "surge_ib_m": 0.79,
        "surge_wind_m": 0.41,
        "tide_m": 0.55
      }
    },
    {
      "type": "Feature",
      "geometry": {
        "type": "Point",
        "coordinates": [
          86.27,
          19.98
        ]
      },
      "properties": {
        "station_id": "coast_4",
        "station_name": "Astaranga / Devi Estuary",
        "district": "Puri",
        "time_utc": "2019-05-02T11:00:00+00:00",
        "hours_to_landfall": -15.7,
        "local_wind_kmh": 70.2,
        "surge_total_m": 1.77,
        "surge_ib_m": 0.79,
        "surge_wind_m": 0.43,
        "tide_m": 0.55
      }
    },
    {
      "type": "Feature",
      "geometry": {
        "type": "Point",
        "coordinates": [
          86.44,
          20.16
        ]
      },
      "properties": {
        "station_id": "coast_5",
        "station_name": "Ersama Coastal Belt",
        "district": "Jagatsinghpur",
        "time_utc": "2019-05-02T11:00:00+00:00",
        "hours_to_landfall": -15.7,
        "local_wind_kmh": 67.5,
        "surge_total_m": 1.76,
        "surge_ib_m": 0.79,
        "surge_wind_m": 0.42,
        "tide_m": 0.55
      }
    },
    {
      "type": "Feature",
      "geometry": {
        "type": "Point",
        "coordinates": [
          86.67,
          20.29
        ]
      },
      "properties": {
        "station_id": "coast_6",
        "station_name": "Paradip Port",
        "district": "Jagatsinghpur",
        "time_utc": "2019-05-02T11:00:00+00:00",
        "hours_to_landfall": -15.7,
        "local_wind_kmh": 65.2,
        "surge_total_m": 1.74,
        "surge_ib_m": 0.79,
        "surge_wind_m": 0.4,
        "tide_m": 0.55
      }
    },
    {
      "type": "Feature",
      "geometry": {
        "type": "Point",
        "coordinates": [
          86.72,
          20.48
        ]
      },
      "properties": {
        "station_id": "coast_7",
        "station_name": "Mahakalpara / Hukitola",
        "district": "Kendrapara",
        "time_utc": "2019-05-02T11:00:00+00:00",
        "hours_to_landfall": -15.7,
        "local_wind_kmh": 63.5,
        "surge_total_m": 1.71,
        "surge_ib_m": 0.79,
        "surge_wind_m": 0.37,
        "tide_m": 0.55
      }
    },
    {
      "type": "Feature",
      "geometry": {
        "type": "Point",
        "coordinates": [
          86.78,
          20.65
        ]
      },
      "properties": {
        "station_id": "coast_8",
        "station_name": "Rajanagar / Bhitarkanika",
        "district": "Kendrapara",
        "time_utc": "2019-05-02T11:00:00+00:00",
        "hours_to_landfall": -15.7,
        "local_wind_kmh": 62.0,
        "surge_total_m": 1.67,
        "surge_ib_m": 0.79,
        "surge_wind_m": 0.34,
        "tide_m": 0.55
      }
    },
    {
      "type": "Feature",
      "geometry": {
        "type": "Point",
        "coordinates": [
          85.45,
          19.68
        ]
      },
      "properties": {
        "station_id": "coast_0",
        "station_name": "Satapada / Chilika Mouth",
        "district": "Puri",
        "time_utc": "2019-05-02T12:00:00+00:00",
        "hours_to_landfall": -14.7,
        "local_wind_kmh": 80.3,
        "surge_total_m": 2.16,
        "surge_ib_m": 0.78,
        "surge_wind_m": 0.53,
        "tide_m": 0.84
      }
    },
    {
      "type": "Feature",
      "geometry": {
        "type": "Point",
        "coordinates": [
          85.65,
          19.75
        ]
      },
      "properties": {
        "station_id": "coast_1",
        "station_name": "Brahmagiri Coast",
        "district": "Puri",
        "time_utc": "2019-05-02T12:00:00+00:00",
        "hours_to_landfall": -14.7,
        "local_wind_kmh": 78.1,
        "surge_total_m": 2.12,
        "surge_ib_m": 0.78,
        "surge_wind_m": 0.5,
        "tide_m": 0.84
      }
    },
    {
      "type": "Feature",
      "geometry": {
        "type": "Point",
        "coordinates": [
          85.83,
          19.8
        ]
      },
      "properties": {
        "station_id": "coast_2",
        "station_name": "Puri Beach (Landfall Zone)",
        "district": "Puri",
        "time_utc": "2019-05-02T12:00:00+00:00",
        "hours_to_landfall": -14.7,
        "local_wind_kmh": 76.3,
        "surge_total_m": 2.09,
        "surge_ib_m": 0.78,
        "surge_wind_m": 0.47,
        "tide_m": 0.84
      }
    },
    {
      "type": "Feature",
      "geometry": {
        "type": "Point",
        "coordinates": [
          86.05,
          19.87
        ]
      },
      "properties": {
        "station_id": "coast_3",
        "station_name": "Konark / Chandrabhaga",
        "district": "Puri",
        "time_utc": "2019-05-02T12:00:00+00:00",
        "hours_to_landfall": -14.7,
        "local_wind_kmh": 74.0,
        "surge_total_m": 2.06,
        "surge_ib_m": 0.78,
        "surge_wind_m": 0.43,
        "tide_m": 0.84
      }
    },
    {
      "type": "Feature",
      "geometry": {
        "type": "Point",
        "coordinates": [
          86.27,
          19.98
        ]
      },
      "properties": {
        "station_id": "coast_4",
        "station_name": "Astaranga / Devi Estuary",
        "district": "Puri",
        "time_utc": "2019-05-02T12:00:00+00:00",
        "hours_to_landfall": -14.7,
        "local_wind_kmh": 71.4,
        "surge_total_m": 2.07,
        "surge_ib_m": 0.78,
        "surge_wind_m": 0.45,
        "tide_m": 0.84
      }
    },
    {
      "type": "Feature",
      "geometry": {
        "type": "Point",
        "coordinates": [
          86.44,
          20.16
        ]
      },
      "properties": {
        "station_id": "coast_5",
        "station_name": "Ersama Coastal Belt",
        "district": "Jagatsinghpur",
        "time_utc": "2019-05-02T12:00:00+00:00",
        "hours_to_landfall": -14.7,
        "local_wind_kmh": 68.6,
        "surge_total_m": 2.06,
        "surge_ib_m": 0.78,
        "surge_wind_m": 0.44,
        "tide_m": 0.84
      }
    },
    {
      "type": "Feature",
      "geometry": {
        "type": "Point",
        "coordinates": [
          86.67,
          20.29
        ]
      },
      "properties": {
        "station_id": "coast_6",
        "station_name": "Paradip Port",
        "district": "Jagatsinghpur",
        "time_utc": "2019-05-02T12:00:00+00:00",
        "hours_to_landfall": -14.7,
        "local_wind_kmh": 66.2,
        "surge_total_m": 2.04,
        "surge_ib_m": 0.78,
        "surge_wind_m": 0.41,
        "tide_m": 0.84
      }
    },
    {
      "type": "Feature",
      "geometry": {
        "type": "Point",
        "coordinates": [
          86.72,
          20.48
        ]
      },
      "properties": {
        "station_id": "coast_7",
        "station_name": "Mahakalpara / Hukitola",
        "district": "Kendrapara",
        "time_utc": "2019-05-02T12:00:00+00:00",
        "hours_to_landfall": -14.7,
        "local_wind_kmh": 64.4,
        "surge_total_m": 2.01,
        "surge_ib_m": 0.78,
        "surge_wind_m": 0.38,
        "tide_m": 0.84
      }
    },
    {
      "type": "Feature",
      "geometry": {
        "type": "Point",
        "coordinates": [
          86.78,
          20.65
        ]
      },
      "properties": {
        "station_id": "coast_8",
        "station_name": "Rajanagar / Bhitarkanika",
        "district": "Kendrapara",
        "time_utc": "2019-05-02T12:00:00+00:00",
        "hours_to_landfall": -14.7,
        "local_wind_kmh": 62.8,
        "surge_total_m": 1.97,
        "surge_ib_m": 0.78,
        "surge_wind_m": 0.35,
        "tide_m": 0.84
      }
    },
    {
      "type": "Feature",
      "geometry": {
        "type": "Point",
        "coordinates": [
          85.45,
          19.68
        ]
      },
      "properties": {
        "station_id": "coast_0",
        "station_name": "Satapada / Chilika Mouth",
        "district": "Puri",
        "time_utc": "2019-05-02T13:00:00+00:00",
        "hours_to_landfall": -13.7,
        "local_wind_kmh": 82.3,
        "surge_total_m": 2.41,
        "surge_ib_m": 0.77,
        "surge_wind_m": 0.56,
        "tide_m": 1.08
      }
    },
    {
      "type": "Feature",
      "geometry": {
        "type": "Point",
        "coordinates": [
          85.65,
          19.75
        ]
      },
      "properties": {
        "station_id": "coast_1",
        "station_name": "Brahmagiri Coast",
        "district": "Puri",
        "time_utc": "2019-05-02T13:00:00+00:00",
        "hours_to_landfall": -13.7,
        "local_wind_kmh": 80.0,
        "surge_total_m": 2.38,
        "surge_ib_m": 0.77,
        "surge_wind_m": 0.53,
        "tide_m": 1.08
      }
    },
    {
      "type": "Feature",
      "geometry": {
        "type": "Point",
        "coordinates": [
          85.83,
          19.8
        ]
      },
      "properties": {
        "station_id": "coast_2",
        "station_name": "Puri Beach (Landfall Zone)",
        "district": "Puri",
        "time_utc": "2019-05-02T13:00:00+00:00",
        "hours_to_landfall": -13.7,
        "local_wind_kmh": 78.0,
        "surge_total_m": 2.34,
        "surge_ib_m": 0.77,
        "surge_wind_m": 0.49,
        "tide_m": 1.08
      }
    },
    {
      "type": "Feature",
      "geometry": {
        "type": "Point",
        "coordinates": [
          86.05,
          19.87
        ]
      },
      "properties": {
        "station_id": "coast_3",
        "station_name": "Konark / Chandrabhaga",
        "district": "Puri",
        "time_utc": "2019-05-02T13:00:00+00:00",
        "hours_to_landfall": -13.7,
        "local_wind_kmh": 75.6,
        "surge_total_m": 2.31,
        "surge_ib_m": 0.77,
        "surge_wind_m": 0.46,
        "tide_m": 1.08
      }
    },
    {
      "type": "Feature",
      "geometry": {
        "type": "Point",
        "coordinates": [
          86.27,
          19.98
        ]
      },
      "properties": {
        "station_id": "coast_4",
        "station_name": "Astaranga / Devi Estuary",
        "district": "Puri",
        "time_utc": "2019-05-02T13:00:00+00:00",
        "hours_to_landfall": -13.7,
        "local_wind_kmh": 72.8,
        "surge_total_m": 2.32,
        "surge_ib_m": 0.77,
        "surge_wind_m": 0.47,
        "tide_m": 1.08
      }
    },
    {
      "type": "Feature",
      "geometry": {
        "type": "Point",
        "coordinates": [
          86.44,
          20.16
        ]
      },
      "properties": {
        "station_id": "coast_5",
        "station_name": "Ersama Coastal Belt",
        "district": "Jagatsinghpur",
        "time_utc": "2019-05-02T13:00:00+00:00",
        "hours_to_landfall": -13.7,
        "local_wind_kmh": 69.8,
        "surge_total_m": 2.31,
        "surge_ib_m": 0.77,
        "surge_wind_m": 0.45,
        "tide_m": 1.08
      }
    },
    {
      "type": "Feature",
      "geometry": {
        "type": "Point",
        "coordinates": [
          86.67,
          20.29
        ]
      },
      "properties": {
        "station_id": "coast_6",
        "station_name": "Paradip Port",
        "district": "Jagatsinghpur",
        "time_utc": "2019-05-02T13:00:00+00:00",
        "hours_to_landfall": -13.7,
        "local_wind_kmh": 67.2,
        "surge_total_m": 2.28,
        "surge_ib_m": 0.77,
        "surge_wind_m": 0.43,
        "tide_m": 1.08
      }
    },
    {
      "type": "Feature",
      "geometry": {
        "type": "Point",
        "coordinates": [
          86.72,
          20.48
        ]
      },
      "properties": {
        "station_id": "coast_7",
        "station_name": "Mahakalpara / Hukitola",
        "district": "Kendrapara",
        "time_utc": "2019-05-02T13:00:00+00:00",
        "hours_to_landfall": -13.7,
        "local_wind_kmh": 65.3,
        "surge_total_m": 2.25,
        "surge_ib_m": 0.77,
        "surge_wind_m": 0.39,
        "tide_m": 1.08
      }
    },
    {
      "type": "Feature",
      "geometry": {
        "type": "Point",
        "coordinates": [
          86.78,
          20.65
        ]
      },
      "properties": {
        "station_id": "coast_8",
        "station_name": "Rajanagar / Bhitarkanika",
        "district": "Kendrapara",
        "time_utc": "2019-05-02T13:00:00+00:00",
        "hours_to_landfall": -13.7,
        "local_wind_kmh": 63.7,
        "surge_total_m": 2.21,
        "surge_ib_m": 0.77,
        "surge_wind_m": 0.36,
        "tide_m": 1.08
      }
    },
    {
      "type": "Feature",
      "geometry": {
        "type": "Point",
        "coordinates": [
          85.45,
          19.68
        ]
      },
      "properties": {
        "station_id": "coast_0",
        "station_name": "Satapada / Chilika Mouth",
        "district": "Puri",
        "time_utc": "2019-05-02T14:00:00+00:00",
        "hours_to_landfall": -12.7,
        "local_wind_kmh": 84.6,
        "surge_total_m": 2.55,
        "surge_ib_m": 0.77,
        "surge_wind_m": 0.59,
        "tide_m": 1.19
      }
    },
    {
      "type": "Feature",
      "geometry": {
        "type": "Point",
        "coordinates": [
          85.65,
          19.75
        ]
      },
      "properties": {
        "station_id": "coast_1",
        "station_name": "Brahmagiri Coast",
        "district": "Puri",
        "time_utc": "2019-05-02T14:00:00+00:00",
        "hours_to_landfall": -12.7,
        "local_wind_kmh": 82.0,
        "surge_total_m": 2.51,
        "surge_ib_m": 0.77,
        "surge_wind_m": 0.55,
        "tide_m": 1.19
      }
    },
    {
      "type": "Feature",
      "geometry": {
        "type": "Point",
        "coordinates": [
          85.83,
          19.8
        ]
      },
      "properties": {
        "station_id": "coast_2",
        "station_name": "Puri Beach (Landfall Zone)",
        "district": "Puri",
        "time_utc": "2019-05-02T14:00:00+00:00",
        "hours_to_landfall": -12.7,
        "local_wind_kmh": 79.9,
        "surge_total_m": 2.48,
        "surge_ib_m": 0.77,
        "surge_wind_m": 0.52,
        "tide_m": 1.19
      }
    },
    {
      "type": "Feature",
      "geometry": {
        "type": "Point",
        "coordinates": [
          86.05,
          19.87
        ]
      },
      "properties": {
        "station_id": "coast_3",
        "station_name": "Konark / Chandrabhaga",
        "district": "Puri",
        "time_utc": "2019-05-02T14:00:00+00:00",
        "hours_to_landfall": -12.7,
        "local_wind_kmh": 77.3,
        "surge_total_m": 2.44,
        "surge_ib_m": 0.77,
        "surge_wind_m": 0.48,
        "tide_m": 1.19
      }
    },
    {
      "type": "Feature",
      "geometry": {
        "type": "Point",
        "coordinates": [
          86.27,
          19.98
        ]
      },
      "properties": {
        "station_id": "coast_4",
        "station_name": "Astaranga / Devi Estuary",
        "district": "Puri",
        "time_utc": "2019-05-02T14:00:00+00:00",
        "hours_to_landfall": -12.7,
        "local_wind_kmh": 74.2,
        "surge_total_m": 2.45,
        "surge_ib_m": 0.77,
        "surge_wind_m": 0.49,
        "tide_m": 1.19
      }
    },
    {
      "type": "Feature",
      "geometry": {
        "type": "Point",
        "coordinates": [
          86.44,
          20.16
        ]
      },
      "properties": {
        "station_id": "coast_5",
        "station_name": "Ersama Coastal Belt",
        "district": "Jagatsinghpur",
        "time_utc": "2019-05-02T14:00:00+00:00",
        "hours_to_landfall": -12.7,
        "local_wind_kmh": 71.1,
        "surge_total_m": 2.43,
        "surge_ib_m": 0.77,
        "surge_wind_m": 0.47,
        "tide_m": 1.19
      }
    },
    {
      "type": "Feature",
      "geometry": {
        "type": "Point",
        "coordinates": [
          86.67,
          20.29
        ]
      },
      "properties": {
        "station_id": "coast_6",
        "station_name": "Paradip Port",
        "district": "Jagatsinghpur",
        "time_utc": "2019-05-02T14:00:00+00:00",
        "hours_to_landfall": -12.7,
        "local_wind_kmh": 68.4,
        "surge_total_m": 2.4,
        "surge_ib_m": 0.77,
        "surge_wind_m": 0.44,
        "tide_m": 1.19
      }
    },
    {
      "type": "Feature",
      "geometry": {
        "type": "Point",
        "coordinates": [
          86.72,
          20.48
        ]
      },
      "properties": {
        "station_id": "coast_7",
        "station_name": "Mahakalpara / Hukitola",
        "district": "Kendrapara",
        "time_utc": "2019-05-02T14:00:00+00:00",
        "hours_to_landfall": -12.7,
        "local_wind_kmh": 66.4,
        "surge_total_m": 2.37,
        "surge_ib_m": 0.77,
        "surge_wind_m": 0.41,
        "tide_m": 1.19
      }
    },
    {
      "type": "Feature",
      "geometry": {
        "type": "Point",
        "coordinates": [
          86.78,
          20.65
        ]
      },
      "properties": {
        "station_id": "coast_8",
        "station_name": "Rajanagar / Bhitarkanika",
        "district": "Kendrapara",
        "time_utc": "2019-05-02T14:00:00+00:00",
        "hours_to_landfall": -12.7,
        "local_wind_kmh": 64.7,
        "surge_total_m": 2.33,
        "surge_ib_m": 0.77,
        "surge_wind_m": 0.37,
        "tide_m": 1.19
      }
    },
    {
      "type": "Feature",
      "geometry": {
        "type": "Point",
        "coordinates": [
          85.45,
          19.68
        ]
      },
      "properties": {
        "station_id": "coast_0",
        "station_name": "Satapada / Chilika Mouth",
        "district": "Puri",
        "time_utc": "2019-05-02T15:00:00+00:00",
        "hours_to_landfall": -11.7,
        "local_wind_kmh": 87.1,
        "surge_total_m": 2.55,
        "surge_ib_m": 0.76,
        "surge_wind_m": 0.63,
        "tide_m": 1.16
      }
    },
    {
      "type": "Feature",
      "geometry": {
        "type": "Point",
        "coordinates": [
          85.65,
          19.75
        ]
      },
      "properties": {
        "station_id": "coast_1",
        "station_name": "Brahmagiri Coast",
        "district": "Puri",
        "time_utc": "2019-05-02T15:00:00+00:00",
        "hours_to_landfall": -11.7,
        "local_wind_kmh": 84.3,
        "surge_total_m": 2.51,
        "surge_ib_m": 0.76,
        "surge_wind_m": 0.59,
        "tide_m": 1.16
      }
    },
    {
      "type": "Feature",
      "geometry": {
        "type": "Point",
        "coordinates": [
          85.83,
          19.8
        ]
      },
      "properties": {
        "station_id": "coast_2",
        "station_name": "Puri Beach (Landfall Zone)",
        "district": "Puri",
        "time_utc": "2019-05-02T15:00:00+00:00",
        "hours_to_landfall": -11.7,
        "local_wind_kmh": 82.0,
        "surge_total_m": 2.47,
        "surge_ib_m": 0.76,
        "surge_wind_m": 0.55,
        "tide_m": 1.16
      }
    },
    {
      "type": "Feature",
      "geometry": {
        "type": "Point",
        "coordinates": [
          86.05,
          19.87
        ]
      },
      "properties": {
        "station_id": "coast_3",
        "station_name": "Konark / Chandrabhaga",
        "district": "Puri",
        "time_utc": "2019-05-02T15:00:00+00:00",
        "hours_to_landfall": -11.7,
        "local_wind_kmh": 79.1,
        "surge_total_m": 2.43,
        "surge_ib_m": 0.76,
        "surge_wind_m": 0.51,
        "tide_m": 1.16
      }
    },
    {
      "type": "Feature",
      "geometry": {
        "type": "Point",
        "coordinates": [
          86.27,
          19.98
        ]
      },
      "properties": {
        "station_id": "coast_4",
        "station_name": "Astaranga / Devi Estuary",
        "district": "Puri",
        "time_utc": "2019-05-02T15:00:00+00:00",
        "hours_to_landfall": -11.7,
        "local_wind_kmh": 75.9,
        "surge_total_m": 2.44,
        "surge_ib_m": 0.76,
        "surge_wind_m": 0.52,
        "tide_m": 1.16
      }
    },
    {
      "type": "Feature",
      "geometry": {
        "type": "Point",
        "coordinates": [
          86.44,
          20.16
        ]
      },
      "properties": {
        "station_id": "coast_5",
        "station_name": "Ersama Coastal Belt",
        "district": "Jagatsinghpur",
        "time_utc": "2019-05-02T15:00:00+00:00",
        "hours_to_landfall": -11.7,
        "local_wind_kmh": 72.5,
        "surge_total_m": 2.41,
        "surge_ib_m": 0.76,
        "surge_wind_m": 0.49,
        "tide_m": 1.16
      }
    },
    {
      "type": "Feature",
      "geometry": {
        "type": "Point",
        "coordinates": [
          86.67,
          20.29
        ]
      },
      "properties": {
        "station_id": "coast_6",
        "station_name": "Paradip Port",
        "district": "Jagatsinghpur",
        "time_utc": "2019-05-02T15:00:00+00:00",
        "hours_to_landfall": -11.7,
        "local_wind_kmh": 69.6,
        "surge_total_m": 2.38,
        "surge_ib_m": 0.76,
        "surge_wind_m": 0.46,
        "tide_m": 1.16
      }
    },
    {
      "type": "Feature",
      "geometry": {
        "type": "Point",
        "coordinates": [
          86.72,
          20.48
        ]
      },
      "properties": {
        "station_id": "coast_7",
        "station_name": "Mahakalpara / Hukitola",
        "district": "Kendrapara",
        "time_utc": "2019-05-02T15:00:00+00:00",
        "hours_to_landfall": -11.7,
        "local_wind_kmh": 67.5,
        "surge_total_m": 2.34,
        "surge_ib_m": 0.76,
        "surge_wind_m": 0.42,
        "tide_m": 1.16
      }
    },
    {
      "type": "Feature",
      "geometry": {
        "type": "Point",
        "coordinates": [
          86.78,
          20.65
        ]
      },
      "properties": {
        "station_id": "coast_8",
        "station_name": "Rajanagar / Bhitarkanika",
        "district": "Kendrapara",
        "time_utc": "2019-05-02T15:00:00+00:00",
        "hours_to_landfall": -11.7,
        "local_wind_kmh": 65.7,
        "surge_total_m": 2.3,
        "surge_ib_m": 0.76,
        "surge_wind_m": 0.38,
        "tide_m": 1.16
      }
    },
    {
      "type": "Feature",
      "geometry": {
        "type": "Point",
        "coordinates": [
          85.45,
          19.68
        ]
      },
      "properties": {
        "station_id": "coast_0",
        "station_name": "Satapada / Chilika Mouth",
        "district": "Puri",
        "time_utc": "2019-05-02T16:00:00+00:00",
        "hours_to_landfall": -10.7,
        "local_wind_kmh": 90.0,
        "surge_total_m": 2.42,
        "surge_ib_m": 0.76,
        "surge_wind_m": 0.67,
        "tide_m": 0.99
      }
    },
    {
      "type": "Feature",
      "geometry": {
        "type": "Point",
        "coordinates": [
          85.65,
          19.75
        ]
      },
      "properties": {
        "station_id": "coast_1",
        "station_name": "Brahmagiri Coast",
        "district": "Puri",
        "time_utc": "2019-05-02T16:00:00+00:00",
        "hours_to_landfall": -10.7,
        "local_wind_kmh": 86.9,
        "surge_total_m": 2.37,
        "surge_ib_m": 0.76,
        "surge_wind_m": 0.63,
        "tide_m": 0.99
      }
    },
    {
      "type": "Feature",
      "geometry": {
        "type": "Point",
        "coordinates": [
          85.83,
          19.8
        ]
      },
      "properties": {
        "station_id": "coast_2",
        "station_name": "Puri Beach (Landfall Zone)",
        "district": "Puri",
        "time_utc": "2019-05-02T16:00:00+00:00",
        "hours_to_landfall": -10.7,
        "local_wind_kmh": 84.3,
        "surge_total_m": 2.33,
        "surge_ib_m": 0.76,
        "surge_wind_m": 0.58,
        "tide_m": 0.99
      }
    },
    {
      "type": "Feature",
      "geometry": {
        "type": "Point",
        "coordinates": [
          86.05,
          19.87
        ]
      },
      "properties": {
        "station_id": "coast_3",
        "station_name": "Konark / Chandrabhaga",
        "district": "Puri",
        "time_utc": "2019-05-02T16:00:00+00:00",
        "hours_to_landfall": -10.7,
        "local_wind_kmh": 81.2,
        "surge_total_m": 2.28,
        "surge_ib_m": 0.76,
        "surge_wind_m": 0.54,
        "tide_m": 0.99
      }
    },
    {
      "type": "Feature",
      "geometry": {
        "type": "Point",
        "coordinates": [
          86.27,
          19.98
        ]
      },
      "properties": {
        "station_id": "coast_4",
        "station_name": "Astaranga / Devi Estuary",
        "district": "Puri",
        "time_utc": "2019-05-02T16:00:00+00:00",
        "hours_to_landfall": -10.7,
        "local_wind_kmh": 77.6,
        "surge_total_m": 2.29,
        "surge_ib_m": 0.76,
        "surge_wind_m": 0.54,
        "tide_m": 0.99
      }
    },
    {
      "type": "Feature",
      "geometry": {
        "type": "Point",
        "coordinates": [
          86.44,
          20.16
        ]
      },
      "properties": {
        "station_id": "coast_5",
        "station_name": "Ersama Coastal Belt",
        "district": "Jagatsinghpur",
        "time_utc": "2019-05-02T16:00:00+00:00",
        "hours_to_landfall": -10.7,
        "local_wind_kmh": 74.0,
        "surge_total_m": 2.26,
        "surge_ib_m": 0.76,
        "surge_wind_m": 0.51,
        "tide_m": 0.99
      }
    },
    {
      "type": "Feature",
      "geometry": {
        "type": "Point",
        "coordinates": [
          86.67,
          20.29
        ]
      },
      "properties": {
        "station_id": "coast_6",
        "station_name": "Paradip Port",
        "district": "Jagatsinghpur",
        "time_utc": "2019-05-02T16:00:00+00:00",
        "hours_to_landfall": -10.7,
        "local_wind_kmh": 70.9,
        "surge_total_m": 2.22,
        "surge_ib_m": 0.76,
        "surge_wind_m": 0.47,
        "tide_m": 0.99
      }
    },
    {
      "type": "Feature",
      "geometry": {
        "type": "Point",
        "coordinates": [
          86.72,
          20.48
        ]
      },
      "properties": {
        "station_id": "coast_7",
        "station_name": "Mahakalpara / Hukitola",
        "district": "Kendrapara",
        "time_utc": "2019-05-02T16:00:00+00:00",
        "hours_to_landfall": -10.7,
        "local_wind_kmh": 68.7,
        "surge_total_m": 2.18,
        "surge_ib_m": 0.76,
        "surge_wind_m": 0.43,
        "tide_m": 0.99
      }
    },
    {
      "type": "Feature",
      "geometry": {
        "type": "Point",
        "coordinates": [
          86.78,
          20.65
        ]
      },
      "properties": {
        "station_id": "coast_8",
        "station_name": "Rajanagar / Bhitarkanika",
        "district": "Kendrapara",
        "time_utc": "2019-05-02T16:00:00+00:00",
        "hours_to_landfall": -10.7,
        "local_wind_kmh": 66.9,
        "surge_total_m": 2.13,
        "surge_ib_m": 0.76,
        "surge_wind_m": 0.39,
        "tide_m": 0.99
      }
    },
    {
      "type": "Feature",
      "geometry": {
        "type": "Point",
        "coordinates": [
          85.45,
          19.68
        ]
      },
      "properties": {
        "station_id": "coast_0",
        "station_name": "Satapada / Chilika Mouth",
        "district": "Puri",
        "time_utc": "2019-05-02T17:00:00+00:00",
        "hours_to_landfall": -9.7,
        "local_wind_kmh": 93.5,
        "surge_total_m": 2.2,
        "surge_ib_m": 0.76,
        "surge_wind_m": 0.73,
        "tide_m": 0.72
      }
    },
    {
      "type": "Feature",
      "geometry": {
        "type": "Point",
        "coordinates": [
          85.65,
          19.75
        ]
      },
      "properties": {
        "station_id": "coast_1",
        "station_name": "Brahmagiri Coast",
        "district": "Puri",
        "time_utc": "2019-05-02T17:00:00+00:00",
        "hours_to_landfall": -9.7,
        "local_wind_kmh": 90.0,
        "surge_total_m": 2.15,
        "surge_ib_m": 0.76,
        "surge_wind_m": 0.67,
        "tide_m": 0.72
      }
    },
    {
      "type": "Feature",
      "geometry": {
        "type": "Point",
        "coordinates": [
          85.83,
          19.8
        ]
      },
      "properties": {
        "station_id": "coast_2",
        "station_name": "Puri Beach (Landfall Zone)",
        "district": "Puri",
        "time_utc": "2019-05-02T17:00:00+00:00",
        "hours_to_landfall": -9.7,
        "local_wind_kmh": 87.1,
        "surge_total_m": 2.1,
        "surge_ib_m": 0.76,
        "surge_wind_m": 0.63,
        "tide_m": 0.72
      }
    },
    {
      "type": "Feature",
      "geometry": {
        "type": "Point",
        "coordinates": [
          86.05,
          19.87
        ]
      },
      "properties": {
        "station_id": "coast_3",
        "station_name": "Konark / Chandrabhaga",
        "district": "Puri",
        "time_utc": "2019-05-02T17:00:00+00:00",
        "hours_to_landfall": -9.7,
        "local_wind_kmh": 83.6,
        "surge_total_m": 2.05,
        "surge_ib_m": 0.76,
        "surge_wind_m": 0.57,
        "tide_m": 0.72
      }
    },
    {
      "type": "Feature",
      "geometry": {
        "type": "Point",
        "coordinates": [
          86.27,
          19.98
        ]
      },
      "properties": {
        "station_id": "coast_4",
        "station_name": "Astaranga / Devi Estuary",
        "district": "Puri",
        "time_utc": "2019-05-02T17:00:00+00:00",
        "hours_to_landfall": -9.7,
        "local_wind_kmh": 79.7,
        "surge_total_m": 2.05,
        "surge_ib_m": 0.76,
        "surge_wind_m": 0.58,
        "tide_m": 0.72
      }
    },
    {
      "type": "Feature",
      "geometry": {
        "type": "Point",
        "coordinates": [
          86.44,
          20.16
        ]
      },
      "properties": {
        "station_id": "coast_5",
        "station_name": "Ersama Coastal Belt",
        "district": "Jagatsinghpur",
        "time_utc": "2019-05-02T17:00:00+00:00",
        "hours_to_landfall": -9.7,
        "local_wind_kmh": 75.8,
        "surge_total_m": 2.01,
        "surge_ib_m": 0.76,
        "surge_wind_m": 0.54,
        "tide_m": 0.72
      }
    },
    {
      "type": "Feature",
      "geometry": {
        "type": "Point",
        "coordinates": [
          86.67,
          20.29
        ]
      },
      "properties": {
        "station_id": "coast_6",
        "station_name": "Paradip Port",
        "district": "Jagatsinghpur",
        "time_utc": "2019-05-02T17:00:00+00:00",
        "hours_to_landfall": -9.7,
        "local_wind_kmh": 72.5,
        "surge_total_m": 1.96,
        "surge_ib_m": 0.76,
        "surge_wind_m": 0.49,
        "tide_m": 0.72
      }
    },
    {
      "type": "Feature",
      "geometry": {
        "type": "Point",
        "coordinates": [
          86.72,
          20.48
        ]
      },
      "properties": {
        "station_id": "coast_7",
        "station_name": "Mahakalpara / Hukitola",
        "district": "Kendrapara",
        "time_utc": "2019-05-02T17:00:00+00:00",
        "hours_to_landfall": -9.7,
        "local_wind_kmh": 70.2,
        "surge_total_m": 1.92,
        "surge_ib_m": 0.76,
        "surge_wind_m": 0.45,
        "tide_m": 0.72
      }
    },
    {
      "type": "Feature",
      "geometry": {
        "type": "Point",
        "coordinates": [
          86.78,
          20.65
        ]
      },
      "properties": {
        "station_id": "coast_8",
        "station_name": "Rajanagar / Bhitarkanika",
        "district": "Kendrapara",
        "time_utc": "2019-05-02T17:00:00+00:00",
        "hours_to_landfall": -9.7,
        "local_wind_kmh": 68.2,
        "surge_total_m": 1.87,
        "surge_ib_m": 0.76,
        "surge_wind_m": 0.4,
        "tide_m": 0.72
      }
    },
    {
      "type": "Feature",
      "geometry": {
        "type": "Point",
        "coordinates": [
          85.45,
          19.68
        ]
      },
      "properties": {
        "station_id": "coast_0",
        "station_name": "Satapada / Chilika Mouth",
        "district": "Puri",
        "time_utc": "2019-05-02T18:00:00+00:00",
        "hours_to_landfall": -8.7,
        "local_wind_kmh": 97.8,
        "surge_total_m": 1.97,
        "surge_ib_m": 0.76,
        "surge_wind_m": 0.79,
        "tide_m": 0.42
      }
    },
    {
      "type": "Feature",
      "geometry": {
        "type": "Point",
        "coordinates": [
          85.65,
          19.75
        ]
      },
      "properties": {
        "station_id": "coast_1",
        "station_name": "Brahmagiri Coast",
        "district": "Puri",
        "time_utc": "2019-05-02T18:00:00+00:00",
        "hours_to_landfall": -8.7,
        "local_wind_kmh": 93.9,
        "surge_total_m": 1.91,
        "surge_ib_m": 0.76,
        "surge_wind_m": 0.74,
        "tide_m": 0.42
      }
    },
    {
      "type": "Feature",
      "geometry": {
        "type": "Point",
        "coordinates": [
          85.83,
          19.8
        ]
      },
      "properties": {
        "station_id": "coast_2",
        "station_name": "Puri Beach (Landfall Zone)",
        "district": "Puri",
        "time_utc": "2019-05-02T18:00:00+00:00",
        "hours_to_landfall": -8.7,
        "local_wind_kmh": 90.7,
        "surge_total_m": 1.86,
        "surge_ib_m": 0.76,
        "surge_wind_m": 0.68,
        "tide_m": 0.42
      }
    },
    {
      "type": "Feature",
      "geometry": {
        "type": "Point",
        "coordinates": [
          86.05,
          19.87
        ]
      },
      "properties": {
        "station_id": "coast_3",
        "station_name": "Konark / Chandrabhaga",
        "district": "Puri",
        "time_utc": "2019-05-02T18:00:00+00:00",
        "hours_to_landfall": -8.7,
        "local_wind_kmh": 86.7,
        "surge_total_m": 1.8,
        "surge_ib_m": 0.76,
        "surge_wind_m": 0.62,
        "tide_m": 0.42
      }
    },
    {
      "type": "Feature",
      "geometry": {
        "type": "Point",
        "coordinates": [
          86.27,
          19.98
        ]
      },
      "properties": {
        "station_id": "coast_4",
        "station_name": "Astaranga / Devi Estuary",
        "district": "Puri",
        "time_utc": "2019-05-02T18:00:00+00:00",
        "hours_to_landfall": -8.7,
        "local_wind_kmh": 82.4,
        "surge_total_m": 1.79,
        "surge_ib_m": 0.76,
        "surge_wind_m": 0.62,
        "tide_m": 0.42
      }
    },
    {
      "type": "Feature",
      "geometry": {
        "type": "Point",
        "coordinates": [
          86.44,
          20.16
        ]
      },
      "properties": {
        "station_id": "coast_5",
        "station_name": "Ersama Coastal Belt",
        "district": "Jagatsinghpur",
        "time_utc": "2019-05-02T18:00:00+00:00",
        "hours_to_landfall": -8.7,
        "local_wind_kmh": 78.0,
        "surge_total_m": 1.75,
        "surge_ib_m": 0.76,
        "surge_wind_m": 0.57,
        "tide_m": 0.42
      }
    },
    {
      "type": "Feature",
      "geometry": {
        "type": "Point",
        "coordinates": [
          86.67,
          20.29
        ]
      },
      "properties": {
        "station_id": "coast_6",
        "station_name": "Paradip Port",
        "district": "Jagatsinghpur",
        "time_utc": "2019-05-02T18:00:00+00:00",
        "hours_to_landfall": -8.7,
        "local_wind_kmh": 74.4,
        "surge_total_m": 1.69,
        "surge_ib_m": 0.76,
        "surge_wind_m": 0.52,
        "tide_m": 0.42
      }
    },
    {
      "type": "Feature",
      "geometry": {
        "type": "Point",
        "coordinates": [
          86.72,
          20.48
        ]
      },
      "properties": {
        "station_id": "coast_7",
        "station_name": "Mahakalpara / Hukitola",
        "district": "Kendrapara",
        "time_utc": "2019-05-02T18:00:00+00:00",
        "hours_to_landfall": -8.7,
        "local_wind_kmh": 72.0,
        "surge_total_m": 1.65,
        "surge_ib_m": 0.76,
        "surge_wind_m": 0.47,
        "tide_m": 0.42
      }
    },
    {
      "type": "Feature",
      "geometry": {
        "type": "Point",
        "coordinates": [
          86.78,
          20.65
        ]
      },
      "properties": {
        "station_id": "coast_8",
        "station_name": "Rajanagar / Bhitarkanika",
        "district": "Kendrapara",
        "time_utc": "2019-05-02T18:00:00+00:00",
        "hours_to_landfall": -8.7,
        "local_wind_kmh": 69.8,
        "surge_total_m": 1.59,
        "surge_ib_m": 0.76,
        "surge_wind_m": 0.42,
        "tide_m": 0.42
      }
    },
    {
      "type": "Feature",
      "geometry": {
        "type": "Point",
        "coordinates": [
          85.45,
          19.68
        ]
      },
      "properties": {
        "station_id": "coast_0",
        "station_name": "Satapada / Chilika Mouth",
        "district": "Puri",
        "time_utc": "2019-05-02T19:00:00+00:00",
        "hours_to_landfall": -7.7,
        "local_wind_kmh": 103.2,
        "surge_total_m": 1.81,
        "surge_ib_m": 0.77,
        "surge_wind_m": 0.88,
        "tide_m": 0.16
      }
    },
    {
      "type": "Feature",
      "geometry": {
        "type": "Point",
        "coordinates": [
          85.65,
          19.75
        ]
      },
      "properties": {
        "station_id": "coast_1",
        "station_name": "Brahmagiri Coast",
        "district": "Puri",
        "time_utc": "2019-05-02T19:00:00+00:00",
        "hours_to_landfall": -7.7,
        "local_wind_kmh": 98.6,
        "surge_total_m": 1.74,
        "surge_ib_m": 0.77,
        "surge_wind_m": 0.81,
        "tide_m": 0.16
      }
    },
    {
      "type": "Feature",
      "geometry": {
        "type": "Point",
        "coordinates": [
          85.83,
          19.8
        ]
      },
      "properties": {
        "station_id": "coast_2",
        "station_name": "Puri Beach (Landfall Zone)",
        "district": "Puri",
        "time_utc": "2019-05-02T19:00:00+00:00",
        "hours_to_landfall": -7.7,
        "local_wind_kmh": 95.0,
        "surge_total_m": 1.68,
        "surge_ib_m": 0.77,
        "surge_wind_m": 0.75,
        "tide_m": 0.16
      }
    },
    {
      "type": "Feature",
      "geometry": {
        "type": "Point",
        "coordinates": [
          86.05,
          19.87
        ]
      },
      "properties": {
        "station_id": "coast_3",
        "station_name": "Konark / Chandrabhaga",
        "district": "Puri",
        "time_utc": "2019-05-02T19:00:00+00:00",
        "hours_to_landfall": -7.7,
        "local_wind_kmh": 90.5,
        "surge_total_m": 1.61,
        "surge_ib_m": 0.77,
        "surge_wind_m": 0.68,
        "tide_m": 0.16
      }
    },
    {
      "type": "Feature",
      "geometry": {
        "type": "Point",
        "coordinates": [
          86.27,
          19.98
        ]
      },
      "properties": {
        "station_id": "coast_4",
        "station_name": "Astaranga / Devi Estuary",
        "district": "Puri",
        "time_utc": "2019-05-02T19:00:00+00:00",
        "hours_to_landfall": -7.7,
        "local_wind_kmh": 85.6,
        "surge_total_m": 1.6,
        "surge_ib_m": 0.77,
        "surge_wind_m": 0.67,
        "tide_m": 0.16
      }
    },
    {
      "type": "Feature",
      "geometry": {
        "type": "Point",
        "coordinates": [
          86.44,
          20.16
        ]
      },
      "properties": {
        "station_id": "coast_5",
        "station_name": "Ersama Coastal Belt",
        "district": "Jagatsinghpur",
        "time_utc": "2019-05-02T19:00:00+00:00",
        "hours_to_landfall": -7.7,
        "local_wind_kmh": 80.8,
        "surge_total_m": 1.55,
        "surge_ib_m": 0.77,
        "surge_wind_m": 0.62,
        "tide_m": 0.16
      }
    },
    {
      "type": "Feature",
      "geometry": {
        "type": "Point",
        "coordinates": [
          86.67,
          20.29
        ]
      },
      "properties": {
        "station_id": "coast_6",
        "station_name": "Paradip Port",
        "district": "Jagatsinghpur",
        "time_utc": "2019-05-02T19:00:00+00:00",
        "hours_to_landfall": -7.7,
        "local_wind_kmh": 76.9,
        "surge_total_m": 1.48,
        "surge_ib_m": 0.77,
        "surge_wind_m": 0.55,
        "tide_m": 0.16
      }
    },
    {
      "type": "Feature",
      "geometry": {
        "type": "Point",
        "coordinates": [
          86.72,
          20.48
        ]
      },
      "properties": {
        "station_id": "coast_7",
        "station_name": "Mahakalpara / Hukitola",
        "district": "Kendrapara",
        "time_utc": "2019-05-02T19:00:00+00:00",
        "hours_to_landfall": -7.7,
        "local_wind_kmh": 74.2,
        "surge_total_m": 1.43,
        "surge_ib_m": 0.77,
        "surge_wind_m": 0.5,
        "tide_m": 0.16
      }
    },
    {
      "type": "Feature",
      "geometry": {
        "type": "Point",
        "coordinates": [
          86.78,
          20.65
        ]
      },
      "properties": {
        "station_id": "coast_8",
        "station_name": "Rajanagar / Bhitarkanika",
        "district": "Kendrapara",
        "time_utc": "2019-05-02T19:00:00+00:00",
        "hours_to_landfall": -7.7,
        "local_wind_kmh": 71.9,
        "surge_total_m": 1.37,
        "surge_ib_m": 0.77,
        "surge_wind_m": 0.44,
        "tide_m": 0.16
      }
    },
    {
      "type": "Feature",
      "geometry": {
        "type": "Point",
        "coordinates": [
          85.45,
          19.68
        ]
      },
      "properties": {
        "station_id": "coast_0",
        "station_name": "Satapada / Chilika Mouth",
        "district": "Puri",
        "time_utc": "2019-05-02T20:00:00+00:00",
        "hours_to_landfall": -6.7,
        "local_wind_kmh": 109.3,
        "surge_total_m": 1.76,
        "surge_ib_m": 0.77,
        "surge_wind_m": 0.97,
        "tide_m": 0.02
      }
    },
    {
      "type": "Feature",
      "geometry": {
        "type": "Point",
        "coordinates": [
          85.65,
          19.75
        ]
      },
      "properties": {
        "station_id": "coast_1",
        "station_name": "Brahmagiri Coast",
        "district": "Puri",
        "time_utc": "2019-05-02T20:00:00+00:00",
        "hours_to_landfall": -6.7,
        "local_wind_kmh": 104.1,
        "surge_total_m": 1.69,
        "surge_ib_m": 0.77,
        "surge_wind_m": 0.9,
        "tide_m": 0.02
      }
    },
    {
      "type": "Feature",
      "geometry": {
        "type": "Point",
        "coordinates": [
          85.83,
          19.8
        ]
      },
      "properties": {
        "station_id": "coast_2",
        "station_name": "Puri Beach (Landfall Zone)",
        "district": "Puri",
        "time_utc": "2019-05-02T20:00:00+00:00",
        "hours_to_landfall": -6.7,
        "local_wind_kmh": 99.9,
        "surge_total_m": 1.62,
        "surge_ib_m": 0.77,
        "surge_wind_m": 0.83,
        "tide_m": 0.02
      }
    },
    {
      "type": "Feature",
      "geometry": {
        "type": "Point",
        "coordinates": [
          86.05,
          19.87
        ]
      },
      "properties": {
        "station_id": "coast_3",
        "station_name": "Konark / Chandrabhaga",
        "district": "Puri",
        "time_utc": "2019-05-02T20:00:00+00:00",
        "hours_to_landfall": -6.7,
        "local_wind_kmh": 94.7,
        "surge_total_m": 1.54,
        "surge_ib_m": 0.77,
        "surge_wind_m": 0.75,
        "tide_m": 0.02
      }
    },
    {
      "type": "Feature",
      "geometry": {
        "type": "Point",
        "coordinates": [
          86.27,
          19.98
        ]
      },
      "properties": {
        "station_id": "coast_4",
        "station_name": "Astaranga / Devi Estuary",
        "district": "Puri",
        "time_utc": "2019-05-02T20:00:00+00:00",
        "hours_to_landfall": -6.7,
        "local_wind_kmh": 89.2,
        "surge_total_m": 1.52,
        "surge_ib_m": 0.77,
        "surge_wind_m": 0.73,
        "tide_m": 0.02
      }
    },
    {
      "type": "Feature",
      "geometry": {
        "type": "Point",
        "coordinates": [
          86.44,
          20.16
        ]
      },
      "properties": {
        "station_id": "coast_5",
        "station_name": "Ersama Coastal Belt",
        "district": "Jagatsinghpur",
        "time_utc": "2019-05-02T20:00:00+00:00",
        "hours_to_landfall": -6.7,
        "local_wind_kmh": 83.8,
        "surge_total_m": 1.45,
        "surge_ib_m": 0.77,
        "surge_wind_m": 0.66,
        "tide_m": 0.02
      }
    },
    {
      "type": "Feature",
      "geometry": {
        "type": "Point",
        "coordinates": [
          86.67,
          20.29
        ]
      },
      "properties": {
        "station_id": "coast_6",
        "station_name": "Paradip Port",
        "district": "Jagatsinghpur",
        "time_utc": "2019-05-02T20:00:00+00:00",
        "hours_to_landfall": -6.7,
        "local_wind_kmh": 79.4,
        "surge_total_m": 1.38,
        "surge_ib_m": 0.77,
        "surge_wind_m": 0.59,
        "tide_m": 0.02
      }
    },
    {
      "type": "Feature",
      "geometry": {
        "type": "Point",
        "coordinates": [
          86.72,
          20.48
        ]
      },
      "properties": {
        "station_id": "coast_7",
        "station_name": "Mahakalpara / Hukitola",
        "district": "Kendrapara",
        "time_utc": "2019-05-02T20:00:00+00:00",
        "hours_to_landfall": -6.7,
        "local_wind_kmh": 76.5,
        "surge_total_m": 1.32,
        "surge_ib_m": 0.77,
        "surge_wind_m": 0.53,
        "tide_m": 0.02
      }
    },
    {
      "type": "Feature",
      "geometry": {
        "type": "Point",
        "coordinates": [
          86.78,
          20.65
        ]
      },
      "properties": {
        "station_id": "coast_8",
        "station_name": "Rajanagar / Bhitarkanika",
        "district": "Kendrapara",
        "time_utc": "2019-05-02T20:00:00+00:00",
        "hours_to_landfall": -6.7,
        "local_wind_kmh": 74.0,
        "surge_total_m": 1.26,
        "surge_ib_m": 0.77,
        "surge_wind_m": 0.47,
        "tide_m": 0.02
      }
    },
    {
      "type": "Feature",
      "geometry": {
        "type": "Point",
        "coordinates": [
          85.45,
          19.68
        ]
      },
      "properties": {
        "station_id": "coast_0",
        "station_name": "Satapada / Chilika Mouth",
        "district": "Puri",
        "time_utc": "2019-05-02T21:00:00+00:00",
        "hours_to_landfall": -5.7,
        "local_wind_kmh": 115.6,
        "surge_total_m": 1.84,
        "surge_ib_m": 0.76,
        "surge_wind_m": 1.06,
        "tide_m": 0.02
      }
    },
    {
      "type": "Feature",
      "geometry": {
        "type": "Point",
        "coordinates": [
          85.65,
          19.75
        ]
      },
      "properties": {
        "station_id": "coast_1",
        "station_name": "Brahmagiri Coast",
        "district": "Puri",
        "time_utc": "2019-05-02T21:00:00+00:00",
        "hours_to_landfall": -5.7,
        "local_wind_kmh": 109.7,
        "surge_total_m": 1.76,
        "surge_ib_m": 0.76,
        "surge_wind_m": 0.98,
        "tide_m": 0.02
      }
    },
    {
      "type": "Feature",
      "geometry": {
        "type": "Point",
        "coordinates": [
          85.83,
          19.8
        ]
      },
      "properties": {
        "station_id": "coast_2",
        "station_name": "Puri Beach (Landfall Zone)",
        "district": "Puri",
        "time_utc": "2019-05-02T21:00:00+00:00",
        "hours_to_landfall": -5.7,
        "local_wind_kmh": 104.8,
        "surge_total_m": 1.69,
        "surge_ib_m": 0.76,
        "surge_wind_m": 0.91,
        "tide_m": 0.02
      }
    },
    {
      "type": "Feature",
      "geometry": {
        "type": "Point",
        "coordinates": [
          86.05,
          19.87
        ]
      },
      "properties": {
        "station_id": "coast_3",
        "station_name": "Konark / Chandrabhaga",
        "district": "Puri",
        "time_utc": "2019-05-02T21:00:00+00:00",
        "hours_to_landfall": -5.7,
        "local_wind_kmh": 98.8,
        "surge_total_m": 1.6,
        "surge_ib_m": 0.76,
        "surge_wind_m": 0.82,
        "tide_m": 0.02
      }
    },
    {
      "type": "Feature",
      "geometry": {
        "type": "Point",
        "coordinates": [
          86.27,
          19.98
        ]
      },
      "properties": {
        "station_id": "coast_4",
        "station_name": "Astaranga / Devi Estuary",
        "district": "Puri",
        "time_utc": "2019-05-02T21:00:00+00:00",
        "hours_to_landfall": -5.7,
        "local_wind_kmh": 92.4,
        "surge_total_m": 1.56,
        "surge_ib_m": 0.76,
        "surge_wind_m": 0.78,
        "tide_m": 0.02
      }
    },
    {
      "type": "Feature",
      "geometry": {
        "type": "Point",
        "coordinates": [
          86.44,
          20.16
        ]
      },
      "properties": {
        "station_id": "coast_5",
        "station_name": "Ersama Coastal Belt",
        "district": "Jagatsinghpur",
        "time_utc": "2019-05-02T21:00:00+00:00",
        "hours_to_landfall": -5.7,
        "local_wind_kmh": 86.4,
        "surge_total_m": 1.48,
        "surge_ib_m": 0.76,
        "surge_wind_m": 0.7,
        "tide_m": 0.02
      }
    },
    {
      "type": "Feature",
      "geometry": {
        "type": "Point",
        "coordinates": [
          86.67,
          20.29
        ]
      },
      "properties": {
        "station_id": "coast_6",
        "station_name": "Paradip Port",
        "district": "Jagatsinghpur",
        "time_utc": "2019-05-02T21:00:00+00:00",
        "hours_to_landfall": -5.7,
        "local_wind_kmh": 81.5,
        "surge_total_m": 1.4,
        "surge_ib_m": 0.76,
        "surge_wind_m": 0.62,
        "tide_m": 0.02
      }
    },
    {
      "type": "Feature",
      "geometry": {
        "type": "Point",
        "coordinates": [
          86.72,
          20.48
        ]
      },
      "properties": {
        "station_id": "coast_7",
        "station_name": "Mahakalpara / Hukitola",
        "district": "Kendrapara",
        "time_utc": "2019-05-02T21:00:00+00:00",
        "hours_to_landfall": -5.7,
        "local_wind_kmh": 78.4,
        "surge_total_m": 1.33,
        "surge_ib_m": 0.76,
        "surge_wind_m": 0.55,
        "tide_m": 0.02
      }
    },
    {
      "type": "Feature",
      "geometry": {
        "type": "Point",
        "coordinates": [
          86.78,
          20.65
        ]
      },
      "properties": {
        "station_id": "coast_8",
        "station_name": "Rajanagar / Bhitarkanika",
        "district": "Kendrapara",
        "time_utc": "2019-05-02T21:00:00+00:00",
        "hours_to_landfall": -5.7,
        "local_wind_kmh": 75.7,
        "surge_total_m": 1.27,
        "surge_ib_m": 0.76,
        "surge_wind_m": 0.49,
        "tide_m": 0.02
      }
    },
    {
      "type": "Feature",
      "geometry": {
        "type": "Point",
        "coordinates": [
          85.45,
          19.68
        ]
      },
      "properties": {
        "station_id": "coast_0",
        "station_name": "Satapada / Chilika Mouth",
        "district": "Puri",
        "time_utc": "2019-05-02T22:00:00+00:00",
        "hours_to_landfall": -4.7,
        "local_wind_kmh": 122.2,
        "surge_total_m": 2.02,
        "surge_ib_m": 0.73,
        "surge_wind_m": 1.13,
        "tide_m": 0.17
      }
    },
    {
      "type": "Feature",
      "geometry": {
        "type": "Point",
        "coordinates": [
          85.65,
          19.75
        ]
      },
      "properties": {
        "station_id": "coast_1",
        "station_name": "Brahmagiri Coast",
        "district": "Puri",
        "time_utc": "2019-05-02T22:00:00+00:00",
        "hours_to_landfall": -4.7,
        "local_wind_kmh": 115.3,
        "surge_total_m": 1.96,
        "surge_ib_m": 0.73,
        "surge_wind_m": 1.07,
        "tide_m": 0.17
      }
    },
    {
      "type": "Feature",
      "geometry": {
        "type": "Point",
        "coordinates": [
          85.83,
          19.8
        ]
      },
      "properties": {
        "station_id": "coast_2",
        "station_name": "Puri Beach (Landfall Zone)",
        "district": "Puri",
        "time_utc": "2019-05-02T22:00:00+00:00",
        "hours_to_landfall": -4.7,
        "local_wind_kmh": 109.6,
        "surge_total_m": 1.88,
        "surge_ib_m": 0.73,
        "surge_wind_m": 0.99,
        "tide_m": 0.17
      }
    },
    {
      "type": "Feature",
      "geometry": {
        "type": "Point",
        "coordinates": [
          86.05,
          19.87
        ]
      },
      "properties": {
        "station_id": "coast_3",
        "station_name": "Konark / Chandrabhaga",
        "district": "Puri",
        "time_utc": "2019-05-02T22:00:00+00:00",
        "hours_to_landfall": -4.7,
        "local_wind_kmh": 102.5,
        "surge_total_m": 1.77,
        "surge_ib_m": 0.73,
        "surge_wind_m": 0.88,
        "tide_m": 0.17
      }
    },
    {
      "type": "Feature",
      "geometry": {
        "type": "Point",
        "coordinates": [
          86.27,
          19.98
        ]
      },
      "properties": {
        "station_id": "coast_4",
        "station_name": "Astaranga / Devi Estuary",
        "district": "Puri",
        "time_utc": "2019-05-02T22:00:00+00:00",
        "hours_to_landfall": -4.7,
        "local_wind_kmh": 95.1,
        "surge_total_m": 1.73,
        "surge_ib_m": 0.73,
        "surge_wind_m": 0.83,
        "tide_m": 0.17
      }
    },
    {
      "type": "Feature",
      "geometry": {
        "type": "Point",
        "coordinates": [
          86.44,
          20.16
        ]
      },
      "properties": {
        "station_id": "coast_5",
        "station_name": "Ersama Coastal Belt",
        "district": "Jagatsinghpur",
        "time_utc": "2019-05-02T22:00:00+00:00",
        "hours_to_landfall": -4.7,
        "local_wind_kmh": 88.3,
        "surge_total_m": 1.63,
        "surge_ib_m": 0.73,
        "surge_wind_m": 0.73,
        "tide_m": 0.17
      }
    },
    {
      "type": "Feature",
      "geometry": {
        "type": "Point",
        "coordinates": [
          86.67,
          20.29
        ]
      },
      "properties": {
        "station_id": "coast_6",
        "station_name": "Paradip Port",
        "district": "Jagatsinghpur",
        "time_utc": "2019-05-02T22:00:00+00:00",
        "hours_to_landfall": -4.7,
        "local_wind_kmh": 82.8,
        "surge_total_m": 1.53,
        "surge_ib_m": 0.73,
        "surge_wind_m": 0.64,
        "tide_m": 0.17
      }
    },
    {
      "type": "Feature",
      "geometry": {
        "type": "Point",
        "coordinates": [
          86.72,
          20.48
        ]
      },
      "properties": {
        "station_id": "coast_7",
        "station_name": "Mahakalpara / Hukitola",
        "district": "Kendrapara",
        "time_utc": "2019-05-02T22:00:00+00:00",
        "hours_to_landfall": -4.7,
        "local_wind_kmh": 79.3,
        "surge_total_m": 1.46,
        "surge_ib_m": 0.73,
        "surge_wind_m": 0.57,
        "tide_m": 0.17
      }
    },
    {
      "type": "Feature",
      "geometry": {
        "type": "Point",
        "coordinates": [
          86.78,
          20.65
        ]
      },
      "properties": {
        "station_id": "coast_8",
        "station_name": "Rajanagar / Bhitarkanika",
        "district": "Kendrapara",
        "time_utc": "2019-05-02T22:00:00+00:00",
        "hours_to_landfall": -4.7,
        "local_wind_kmh": 76.4,
        "surge_total_m": 1.39,
        "surge_ib_m": 0.73,
        "surge_wind_m": 0.49,
        "tide_m": 0.17
      }
    },
    {
      "type": "Feature",
      "geometry": {
        "type": "Point",
        "coordinates": [
          85.45,
          19.68
        ]
      },
      "properties": {
        "station_id": "coast_0",
        "station_name": "Satapada / Chilika Mouth",
        "district": "Puri",
        "time_utc": "2019-05-02T23:00:00+00:00",
        "hours_to_landfall": -3.7,
        "local_wind_kmh": 130.6,
        "surge_total_m": 2.3,
        "surge_ib_m": 0.69,
        "surge_wind_m": 1.19,
        "tide_m": 0.42
      }
    },
    {
      "type": "Feature",
      "geometry": {
        "type": "Point",
        "coordinates": [
          85.65,
          19.75
        ]
      },
      "properties": {
        "station_id": "coast_1",
        "station_name": "Brahmagiri Coast",
        "district": "Puri",
        "time_utc": "2019-05-02T23:00:00+00:00",
        "hours_to_landfall": -3.7,
        "local_wind_kmh": 122.6,
        "surge_total_m": 2.28,
        "surge_ib_m": 0.69,
        "surge_wind_m": 1.17,
        "tide_m": 0.42
      }
    },
    {
      "type": "Feature",
      "geometry": {
        "type": "Point",
        "coordinates": [
          85.83,
          19.8
        ]
      },
      "properties": {
        "station_id": "coast_2",
        "station_name": "Puri Beach (Landfall Zone)",
        "district": "Puri",
        "time_utc": "2019-05-02T23:00:00+00:00",
        "hours_to_landfall": -3.7,
        "local_wind_kmh": 115.6,
        "surge_total_m": 2.2,
        "surge_ib_m": 0.69,
        "surge_wind_m": 1.09,
        "tide_m": 0.42
      }
    },
    {
      "type": "Feature",
      "geometry": {
        "type": "Point",
        "coordinates": [
          86.05,
          19.87
        ]
      },
      "properties": {
        "station_id": "coast_3",
        "station_name": "Konark / Chandrabhaga",
        "district": "Puri",
        "time_utc": "2019-05-02T23:00:00+00:00",
        "hours_to_landfall": -3.7,
        "local_wind_kmh": 106.8,
        "surge_total_m": 2.07,
        "surge_ib_m": 0.69,
        "surge_wind_m": 0.96,
        "tide_m": 0.42
      }
    },
    {
      "type": "Feature",
      "geometry": {
        "type": "Point",
        "coordinates": [
          86.27,
          19.98
        ]
      },
      "properties": {
        "station_id": "coast_4",
        "station_name": "Astaranga / Devi Estuary",
        "district": "Puri",
        "time_utc": "2019-05-02T23:00:00+00:00",
        "hours_to_landfall": -3.7,
        "local_wind_kmh": 97.9,
        "surge_total_m": 1.99,
        "surge_ib_m": 0.69,
        "surge_wind_m": 0.89,
        "tide_m": 0.42
      }
    },
    {
      "type": "Feature",
      "geometry": {
        "type": "Point",
        "coordinates": [
          86.44,
          20.16
        ]
      },
      "properties": {
        "station_id": "coast_5",
        "station_name": "Ersama Coastal Belt",
        "district": "Jagatsinghpur",
        "time_utc": "2019-05-02T23:00:00+00:00",
        "hours_to_landfall": -3.7,
        "local_wind_kmh": 90.1,
        "surge_total_m": 1.88,
        "surge_ib_m": 0.69,
        "surge_wind_m": 0.77,
        "tide_m": 0.42
      }
    },
    {
      "type": "Feature",
      "geometry": {
        "type": "Point",
        "coordinates": [
          86.67,
          20.29
        ]
      },
      "properties": {
        "station_id": "coast_6",
        "station_name": "Paradip Port",
        "district": "Jagatsinghpur",
        "time_utc": "2019-05-02T23:00:00+00:00",
        "hours_to_landfall": -3.7,
        "local_wind_kmh": 83.9,
        "surge_total_m": 1.76,
        "surge_ib_m": 0.69,
        "surge_wind_m": 0.65,
        "tide_m": 0.42
      }
    },
    {
      "type": "Feature",
      "geometry": {
        "type": "Point",
        "coordinates": [
          86.72,
          20.48
        ]
      },
      "properties": {
        "station_id": "coast_7",
        "station_name": "Mahakalpara / Hukitola",
        "district": "Kendrapara",
        "time_utc": "2019-05-02T23:00:00+00:00",
        "hours_to_landfall": -3.7,
        "local_wind_kmh": 80.1,
        "surge_total_m": 1.68,
        "surge_ib_m": 0.69,
        "surge_wind_m": 0.57,
        "tide_m": 0.42
      }
    },
    {
      "type": "Feature",
      "geometry": {
        "type": "Point",
        "coordinates": [
          86.78,
          20.65
        ]
      },
      "properties": {
        "station_id": "coast_8",
        "station_name": "Rajanagar / Bhitarkanika",
        "district": "Kendrapara",
        "time_utc": "2019-05-02T23:00:00+00:00",
        "hours_to_landfall": -3.7,
        "local_wind_kmh": 76.9,
        "surge_total_m": 1.61,
        "surge_ib_m": 0.69,
        "surge_wind_m": 0.5,
        "tide_m": 0.42
      }
    },
    {
      "type": "Feature",
      "geometry": {
        "type": "Point",
        "coordinates": [
          85.45,
          19.68
        ]
      },
      "properties": {
        "station_id": "coast_0",
        "station_name": "Satapada / Chilika Mouth",
        "district": "Puri",
        "time_utc": "2019-05-03T00:00:00+00:00",
        "hours_to_landfall": -2.7,
        "local_wind_kmh": 143.0,
        "surge_total_m": 2.62,
        "surge_ib_m": 0.65,
        "surge_wind_m": 1.25,
        "tide_m": 0.72
      }
    },
    {
      "type": "Feature",
      "geometry": {
        "type": "Point",
        "coordinates": [
          85.65,
          19.75
        ]
      },
      "properties": {
        "station_id": "coast_1",
        "station_name": "Brahmagiri Coast",
        "district": "Puri",
        "time_utc": "2019-05-03T00:00:00+00:00",
        "hours_to_landfall": -2.7,
        "local_wind_kmh": 133.8,
        "surge_total_m": 2.71,
        "surge_ib_m": 0.65,
        "surge_wind_m": 1.34,
        "tide_m": 0.72
      }
    },
    {
      "type": "Feature",
      "geometry": {
        "type": "Point",
        "coordinates": [
          85.83,
          19.8
        ]
      },
      "properties": {
        "station_id": "coast_2",
        "station_name": "Puri Beach (Landfall Zone)",
        "district": "Puri",
        "time_utc": "2019-05-03T00:00:00+00:00",
        "hours_to_landfall": -2.7,
        "local_wind_kmh": 124.7,
        "surge_total_m": 2.63,
        "surge_ib_m": 0.65,
        "surge_wind_m": 1.26,
        "tide_m": 0.72
      }
    },
    {
      "type": "Feature",
      "geometry": {
        "type": "Point",
        "coordinates": [
          86.05,
          19.87
        ]
      },
      "properties": {
        "station_id": "coast_3",
        "station_name": "Konark / Chandrabhaga",
        "district": "Puri",
        "time_utc": "2019-05-03T00:00:00+00:00",
        "hours_to_landfall": -2.7,
        "local_wind_kmh": 113.3,
        "surge_total_m": 2.46,
        "surge_ib_m": 0.65,
        "surge_wind_m": 1.09,
        "tide_m": 0.72
      }
    },
    {
      "type": "Feature",
      "geometry": {
        "type": "Point",
        "coordinates": [
          86.27,
          19.98
        ]
      },
      "properties": {
        "station_id": "coast_4",
        "station_name": "Astaranga / Devi Estuary",
        "district": "Puri",
        "time_utc": "2019-05-03T00:00:00+00:00",
        "hours_to_landfall": -2.7,
        "local_wind_kmh": 102.2,
        "surge_total_m": 2.34,
        "surge_ib_m": 0.65,
        "surge_wind_m": 0.97,
        "tide_m": 0.72
      }
    },
    {
      "type": "Feature",
      "geometry": {
        "type": "Point",
        "coordinates": [
          86.44,
          20.16
        ]
      },
      "properties": {
        "station_id": "coast_5",
        "station_name": "Ersama Coastal Belt",
        "district": "Jagatsinghpur",
        "time_utc": "2019-05-03T00:00:00+00:00",
        "hours_to_landfall": -2.7,
        "local_wind_kmh": 92.9,
        "surge_total_m": 2.19,
        "surge_ib_m": 0.65,
        "surge_wind_m": 0.81,
        "tide_m": 0.72
      }
    },
    {
      "type": "Feature",
      "geometry": {
        "type": "Point",
        "coordinates": [
          86.67,
          20.29
        ]
      },
      "properties": {
        "station_id": "coast_6",
        "station_name": "Paradip Port",
        "district": "Jagatsinghpur",
        "time_utc": "2019-05-03T00:00:00+00:00",
        "hours_to_landfall": -2.7,
        "local_wind_kmh": 85.7,
        "surge_total_m": 2.05,
        "surge_ib_m": 0.65,
        "surge_wind_m": 0.68,
        "tide_m": 0.72
      }
    },
    {
      "type": "Feature",
      "geometry": {
        "type": "Point",
        "coordinates": [
          86.72,
          20.48
        ]
      },
      "properties": {
        "station_id": "coast_7",
        "station_name": "Mahakalpara / Hukitola",
        "district": "Kendrapara",
        "time_utc": "2019-05-03T00:00:00+00:00",
        "hours_to_landfall": -2.7,
        "local_wind_kmh": 81.4,
        "surge_total_m": 1.96,
        "surge_ib_m": 0.65,
        "surge_wind_m": 0.59,
        "tide_m": 0.72
      }
    },
    {
      "type": "Feature",
      "geometry": {
        "type": "Point",
        "coordinates": [
          86.78,
          20.65
        ]
      },
      "properties": {
        "station_id": "coast_8",
        "station_name": "Rajanagar / Bhitarkanika",
        "district": "Kendrapara",
        "time_utc": "2019-05-03T00:00:00+00:00",
        "hours_to_landfall": -2.7,
        "local_wind_kmh": 77.9,
        "surge_total_m": 1.88,
        "surge_ib_m": 0.65,
        "surge_wind_m": 0.51,
        "tide_m": 0.72
      }
    },
    {
      "type": "Feature",
      "geometry": {
        "type": "Point",
        "coordinates": [
          85.45,
          19.68
        ]
      },
      "properties": {
        "station_id": "coast_0",
        "station_name": "Satapada / Chilika Mouth",
        "district": "Puri",
        "time_utc": "2019-05-03T01:00:00+00:00",
        "hours_to_landfall": -1.7,
        "local_wind_kmh": 163.2,
        "surge_total_m": 2.86,
        "surge_ib_m": 0.63,
        "surge_wind_m": 1.24,
        "tide_m": 0.99
      }
    },
    {
      "type": "Feature",
      "geometry": {
        "type": "Point",
        "coordinates": [
          85.65,
          19.75
        ]
      },
      "properties": {
        "station_id": "coast_1",
        "station_name": "Brahmagiri Coast",
        "district": "Puri",
        "time_utc": "2019-05-03T01:00:00+00:00",
        "hours_to_landfall": -1.7,
        "local_wind_kmh": 152.9,
        "surge_total_m": 3.27,
        "surge_ib_m": 0.63,
        "surge_wind_m": 1.66,
        "tide_m": 0.99
      }
    },
    {
      "type": "Feature",
      "geometry": {
        "type": "Point",
        "coordinates": [
          85.83,
          19.8
        ]
      },
      "properties": {
        "station_id": "coast_2",
        "station_name": "Puri Beach (Landfall Zone)",
        "district": "Puri",
        "time_utc": "2019-05-03T01:00:00+00:00",
        "hours_to_landfall": -1.7,
        "local_wind_kmh": 139.8,
        "surge_total_m": 3.2,
        "surge_ib_m": 0.63,
        "surge_wind_m": 1.59,
        "tide_m": 0.99
      }
    },
    {
      "type": "Feature",
      "geometry": {
        "type": "Point",
        "coordinates": [
          86.05,
          19.87
        ]
      },
      "properties": {
        "station_id": "coast_3",
        "station_name": "Konark / Chandrabhaga",
        "district": "Puri",
        "time_utc": "2019-05-03T01:00:00+00:00",
        "hours_to_landfall": -1.7,
        "local_wind_kmh": 123.4,
        "surge_total_m": 2.94,
        "surge_ib_m": 0.63,
        "surge_wind_m": 1.32,
        "tide_m": 0.99
      }
    },
    {
      "type": "Feature",
      "geometry": {
        "type": "Point",
        "coordinates": [
          86.27,
          19.98
        ]
      },
      "properties": {
        "station_id": "coast_4",
        "station_name": "Astaranga / Devi Estuary",
        "district": "Puri",
        "time_utc": "2019-05-03T01:00:00+00:00",
        "hours_to_landfall": -1.7,
        "local_wind_kmh": 108.8,
        "surge_total_m": 2.73,
        "surge_ib_m": 0.63,
        "surge_wind_m": 1.11,
        "tide_m": 0.99
      }
    },
    {
      "type": "Feature",
      "geometry": {
        "type": "Point",
        "coordinates": [
          86.44,
          20.16
        ]
      },
      "properties": {
        "station_id": "coast_5",
        "station_name": "Ersama Coastal Belt",
        "district": "Jagatsinghpur",
        "time_utc": "2019-05-03T01:00:00+00:00",
        "hours_to_landfall": -1.7,
        "local_wind_kmh": 97.4,
        "surge_total_m": 2.51,
        "surge_ib_m": 0.63,
        "surge_wind_m": 0.9,
        "tide_m": 0.99
      }
    },
    {
      "type": "Feature",
      "geometry": {
        "type": "Point",
        "coordinates": [
          86.67,
          20.29
        ]
      },
      "properties": {
        "station_id": "coast_6",
        "station_name": "Paradip Port",
        "district": "Jagatsinghpur",
        "time_utc": "2019-05-03T01:00:00+00:00",
        "hours_to_landfall": -1.7,
        "local_wind_kmh": 88.9,
        "surge_total_m": 2.34,
        "surge_ib_m": 0.63,
        "surge_wind_m": 0.72,
        "tide_m": 0.99
      }
    },
    {
      "type": "Feature",
      "geometry": {
        "type": "Point",
        "coordinates": [
          86.72,
          20.48
        ]
      },
      "properties": {
        "station_id": "coast_7",
        "station_name": "Mahakalpara / Hukitola",
        "district": "Kendrapara",
        "time_utc": "2019-05-03T01:00:00+00:00",
        "hours_to_landfall": -1.7,
        "local_wind_kmh": 84.1,
        "surge_total_m": 2.24,
        "surge_ib_m": 0.63,
        "surge_wind_m": 0.62,
        "tide_m": 0.99
      }
    },
    {
      "type": "Feature",
      "geometry": {
        "type": "Point",
        "coordinates": [
          86.78,
          20.65
        ]
      },
      "properties": {
        "station_id": "coast_8",
        "station_name": "Rajanagar / Bhitarkanika",
        "district": "Kendrapara",
        "time_utc": "2019-05-03T01:00:00+00:00",
        "hours_to_landfall": -1.7,
        "local_wind_kmh": 80.2,
        "surge_total_m": 2.15,
        "surge_ib_m": 0.63,
        "surge_wind_m": 0.53,
        "tide_m": 0.99
      }
    },
    {
      "type": "Feature",
      "geometry": {
        "type": "Point",
        "coordinates": [
          85.45,
          19.68
        ]
      },
      "properties": {
        "station_id": "coast_0",
        "station_name": "Satapada / Chilika Mouth",
        "district": "Puri",
        "time_utc": "2019-05-03T02:00:00+00:00",
        "hours_to_landfall": -0.7,
        "local_wind_kmh": 181.6,
        "surge_total_m": 2.32,
        "surge_ib_m": 0.61,
        "surge_wind_m": 0.55,
        "tide_m": 1.16
      }
    },
    {
      "type": "Feature",
      "geometry": {
        "type": "Point",
        "coordinates": [
          85.65,
          19.75
        ]
      },
      "properties": {
        "station_id": "coast_1",
        "station_name": "Brahmagiri Coast",
        "district": "Puri",
        "time_utc": "2019-05-03T02:00:00+00:00",
        "hours_to_landfall": -0.7,
        "local_wind_kmh": 188.2,
        "surge_total_m": 4.04,
        "surge_ib_m": 0.61,
        "surge_wind_m": 2.27,
        "tide_m": 1.16
      }
    },
    {
      "type": "Feature",
      "geometry": {
        "type": "Point",
        "coordinates": [
          85.83,
          19.8
        ]
      },
      "properties": {
        "station_id": "coast_2",
        "station_name": "Puri Beach (Landfall Zone)",
        "district": "Puri",
        "time_utc": "2019-05-03T02:00:00+00:00",
        "hours_to_landfall": -0.7,
        "local_wind_kmh": 165.4,
        "surge_total_m": 4.05,
        "surge_ib_m": 0.61,
        "surge_wind_m": 2.27,
        "tide_m": 1.16
      }
    },
    {
      "type": "Feature",
      "geometry": {
        "type": "Point",
        "coordinates": [
          86.05,
          19.87
        ]
      },
      "properties": {
        "station_id": "coast_3",
        "station_name": "Konark / Chandrabhaga",
        "district": "Puri",
        "time_utc": "2019-05-03T02:00:00+00:00",
        "hours_to_landfall": -0.7,
        "local_wind_kmh": 138.4,
        "surge_total_m": 3.49,
        "surge_ib_m": 0.61,
        "surge_wind_m": 1.72,
        "tide_m": 1.16
      }
    },
    {
      "type": "Feature",
      "geometry": {
        "type": "Point",
        "coordinates": [
          86.27,
          19.98
        ]
      },
      "properties": {
        "station_id": "coast_4",
        "station_name": "Astaranga / Devi Estuary",
        "district": "Puri",
        "time_utc": "2019-05-03T02:00:00+00:00",
        "hours_to_landfall": -0.7,
        "local_wind_kmh": 117.8,
        "surge_total_m": 3.08,
        "surge_ib_m": 0.61,
        "surge_wind_m": 1.31,
        "tide_m": 1.16
      }
    },
    {
      "type": "Feature",
      "geometry": {
        "type": "Point",
        "coordinates": [
          86.44,
          20.16
        ]
      },
      "properties": {
        "station_id": "coast_5",
        "station_name": "Ersama Coastal Belt",
        "district": "Jagatsinghpur",
        "time_utc": "2019-05-03T02:00:00+00:00",
        "hours_to_landfall": -0.7,
        "local_wind_kmh": 103.5,
        "surge_total_m": 2.78,
        "surge_ib_m": 0.61,
        "surge_wind_m": 1.01,
        "tide_m": 1.16
      }
    },
    {
      "type": "Feature",
      "geometry": {
        "type": "Point",
        "coordinates": [
          86.67,
          20.29
        ]
      },
      "properties": {
        "station_id": "coast_6",
        "station_name": "Paradip Port",
        "district": "Jagatsinghpur",
        "time_utc": "2019-05-03T02:00:00+00:00",
        "hours_to_landfall": -0.7,
        "local_wind_kmh": 93.1,
        "surge_total_m": 2.55,
        "surge_ib_m": 0.61,
        "surge_wind_m": 0.78,
        "tide_m": 1.16
      }
    },
    {
      "type": "Feature",
      "geometry": {
        "type": "Point",
        "coordinates": [
          86.72,
          20.48
        ]
      },
      "properties": {
        "station_id": "coast_7",
        "station_name": "Mahakalpara / Hukitola",
        "district": "Kendrapara",
        "time_utc": "2019-05-03T02:00:00+00:00",
        "hours_to_landfall": -0.7,
        "local_wind_kmh": 87.8,
        "surge_total_m": 2.43,
        "surge_ib_m": 0.61,
        "surge_wind_m": 0.66,
        "tide_m": 1.16
      }
    },
    {
      "type": "Feature",
      "geometry": {
        "type": "Point",
        "coordinates": [
          86.78,
          20.65
        ]
      },
      "properties": {
        "station_id": "coast_8",
        "station_name": "Rajanagar / Bhitarkanika",
        "district": "Kendrapara",
        "time_utc": "2019-05-03T02:00:00+00:00",
        "hours_to_landfall": -0.7,
        "local_wind_kmh": 83.2,
        "surge_total_m": 2.33,
        "surge_ib_m": 0.61,
        "surge_wind_m": 0.56,
        "tide_m": 1.16
      }
    },
    {
      "type": "Feature",
      "geometry": {
        "type": "Point",
        "coordinates": [
          85.45,
          19.68
        ]
      },
      "properties": {
        "station_id": "coast_0",
        "station_name": "Satapada / Chilika Mouth",
        "district": "Puri",
        "time_utc": "2019-05-03T03:00:00+00:00",
        "hours_to_landfall": 0.3,
        "local_wind_kmh": 142.0,
        "surge_total_m": 1.77,
        "surge_ib_m": 0.58,
        "surge_wind_m": 0.0,
        "tide_m": 1.19
      }
    },
    {
      "type": "Feature",
      "geometry": {
        "type": "Point",
        "coordinates": [
          85.65,
          19.75
        ]
      },
      "properties": {
        "station_id": "coast_1",
        "station_name": "Brahmagiri Coast",
        "district": "Puri",
        "time_utc": "2019-05-03T03:00:00+00:00",
        "hours_to_landfall": 0.3,
        "local_wind_kmh": 84.2,
        "surge_total_m": 2.03,
        "surge_ib_m": 0.58,
        "surge_wind_m": 0.25,
        "tide_m": 1.19
      }
    },
    {
      "type": "Feature",
      "geometry": {
        "type": "Point",
        "coordinates": [
          85.83,
          19.8
        ]
      },
      "properties": {
        "station_id": "coast_2",
        "station_name": "Puri Beach (Landfall Zone)",
        "district": "Puri",
        "time_utc": "2019-05-03T03:00:00+00:00",
        "hours_to_landfall": 0.3,
        "local_wind_kmh": 132.3,
        "surge_total_m": 3.31,
        "surge_ib_m": 0.58,
        "surge_wind_m": 1.54,
        "tide_m": 1.19
      }
    },
    {
      "type": "Feature",
      "geometry": {
        "type": "Point",
        "coordinates": [
          86.05,
          19.87
        ]
      },
      "properties": {
        "station_id": "coast_3",
        "station_name": "Konark / Chandrabhaga",
        "district": "Puri",
        "time_utc": "2019-05-03T03:00:00+00:00",
        "hours_to_landfall": 0.3,
        "local_wind_kmh": 160.3,
        "surge_total_m": 4.18,
        "surge_ib_m": 0.58,
        "surge_wind_m": 2.4,
        "tide_m": 1.19
      }
    },
    {
      "type": "Feature",
      "geometry": {
        "type": "Point",
        "coordinates": [
          86.27,
          19.98
        ]
      },
      "properties": {
        "station_id": "coast_4",
        "station_name": "Astaranga / Devi Estuary",
        "district": "Puri",
        "time_utc": "2019-05-03T03:00:00+00:00",
        "hours_to_landfall": 0.3,
        "local_wind_kmh": 128.7,
        "surge_total_m": 3.33,
        "surge_ib_m": 0.58,
        "surge_wind_m": 1.55,
        "tide_m": 1.19
      }
    },
    {
      "type": "Feature",
      "geometry": {
        "type": "Point",
        "coordinates": [
          86.44,
          20.16
        ]
      },
      "properties": {
        "station_id": "coast_5",
        "station_name": "Ersama Coastal Belt",
        "district": "Jagatsinghpur",
        "time_utc": "2019-05-03T03:00:00+00:00",
        "hours_to_landfall": 0.3,
        "local_wind_kmh": 110.3,
        "surge_total_m": 2.9,
        "surge_ib_m": 0.58,
        "surge_wind_m": 1.12,
        "tide_m": 1.19
      }
    },
    {
      "type": "Feature",
      "geometry": {
        "type": "Point",
        "coordinates": [
          86.67,
          20.29
        ]
      },
      "properties": {
        "station_id": "coast_6",
        "station_name": "Paradip Port",
        "district": "Jagatsinghpur",
        "time_utc": "2019-05-03T03:00:00+00:00",
        "hours_to_landfall": 0.3,
        "local_wind_kmh": 97.4,
        "surge_total_m": 2.6,
        "surge_ib_m": 0.58,
        "surge_wind_m": 0.82,
        "tide_m": 1.19
      }
    },
    {
      "type": "Feature",
      "geometry": {
        "type": "Point",
        "coordinates": [
          86.72,
          20.48
        ]
      },
      "properties": {
        "station_id": "coast_7",
        "station_name": "Mahakalpara / Hukitola",
        "district": "Kendrapara",
        "time_utc": "2019-05-03T03:00:00+00:00",
        "hours_to_landfall": 0.3,
        "local_wind_kmh": 91.3,
        "surge_total_m": 2.47,
        "surge_ib_m": 0.58,
        "surge_wind_m": 0.7,
        "tide_m": 1.19
      }
    },
    {
      "type": "Feature",
      "geometry": {
        "type": "Point",
        "coordinates": [
          86.78,
          20.65
        ]
      },
      "properties": {
        "station_id": "coast_8",
        "station_name": "Rajanagar / Bhitarkanika",
        "district": "Kendrapara",
        "time_utc": "2019-05-03T03:00:00+00:00",
        "hours_to_landfall": 0.3,
        "local_wind_kmh": 86.2,
        "surge_total_m": 2.35,
        "surge_ib_m": 0.58,
        "surge_wind_m": 0.58,
        "tide_m": 1.19
      }
    },
    {
      "type": "Feature",
      "geometry": {
        "type": "Point",
        "coordinates": [
          85.45,
          19.68
        ]
      },
      "properties": {
        "station_id": "coast_0",
        "station_name": "Satapada / Chilika Mouth",
        "district": "Puri",
        "time_utc": "2019-05-03T04:00:00+00:00",
        "hours_to_landfall": 1.3,
        "local_wind_kmh": 174.4,
        "surge_total_m": 1.61,
        "surge_ib_m": 0.54,
        "surge_wind_m": 0.0,
        "tide_m": 1.07
      }
    },
    {
      "type": "Feature",
      "geometry": {
        "type": "Point",
        "coordinates": [
          85.65,
          19.75
        ]
      },
      "properties": {
        "station_id": "coast_1",
        "station_name": "Brahmagiri Coast",
        "district": "Puri",
        "time_utc": "2019-05-03T04:00:00+00:00",
        "hours_to_landfall": 1.3,
        "local_wind_kmh": 71.1,
        "surge_total_m": 1.61,
        "surge_ib_m": 0.54,
        "surge_wind_m": 0.0,
        "tide_m": 1.07
      }
    },
    {
      "type": "Feature",
      "geometry": {
        "type": "Point",
        "coordinates": [
          85.83,
          19.8
        ]
      },
      "properties": {
        "station_id": "coast_2",
        "station_name": "Puri Beach (Landfall Zone)",
        "district": "Puri",
        "time_utc": "2019-05-03T04:00:00+00:00",
        "hours_to_landfall": 1.3,
        "local_wind_kmh": 33.6,
        "surge_total_m": 1.69,
        "surge_ib_m": 0.54,
        "surge_wind_m": 0.08,
        "tide_m": 1.07
      }
    },
    {
      "type": "Feature",
      "geometry": {
        "type": "Point",
        "coordinates": [
          86.05,
          19.87
        ]
      },
      "properties": {
        "station_id": "coast_3",
        "station_name": "Konark / Chandrabhaga",
        "district": "Puri",
        "time_utc": "2019-05-03T04:00:00+00:00",
        "hours_to_landfall": 1.3,
        "local_wind_kmh": 153.5,
        "surge_total_m": 3.73,
        "surge_ib_m": 0.54,
        "surge_wind_m": 2.12,
        "tide_m": 1.07
      }
    },
    {
      "type": "Feature",
      "geometry": {
        "type": "Point",
        "coordinates": [
          86.27,
          19.98
        ]
      },
      "properties": {
        "station_id": "coast_4",
        "station_name": "Astaranga / Devi Estuary",
        "district": "Puri",
        "time_utc": "2019-05-03T04:00:00+00:00",
        "hours_to_landfall": 1.3,
        "local_wind_kmh": 140.6,
        "surge_total_m": 3.36,
        "surge_ib_m": 0.54,
        "surge_wind_m": 1.75,
        "tide_m": 1.07
      }
    },
    {
      "type": "Feature",
      "geometry": {
        "type": "Point",
        "coordinates": [
          86.44,
          20.16
        ]
      },
      "properties": {
        "station_id": "coast_5",
        "station_name": "Ersama Coastal Belt",
        "district": "Jagatsinghpur",
        "time_utc": "2019-05-03T04:00:00+00:00",
        "hours_to_landfall": 1.3,
        "local_wind_kmh": 117.2,
        "surge_total_m": 2.82,
        "surge_ib_m": 0.54,
        "surge_wind_m": 1.21,
        "tide_m": 1.07
      }
    },
    {
      "type": "Feature",
      "geometry": {
        "type": "Point",
        "coordinates": [
          86.67,
          20.29
        ]
      },
      "properties": {
        "station_id": "coast_6",
        "station_name": "Paradip Port",
        "district": "Jagatsinghpur",
        "time_utc": "2019-05-03T04:00:00+00:00",
        "hours_to_landfall": 1.3,
        "local_wind_kmh": 100.9,
        "surge_total_m": 2.44,
        "surge_ib_m": 0.54,
        "surge_wind_m": 0.83,
        "tide_m": 1.07
      }
    },
    {
      "type": "Feature",
      "geometry": {
        "type": "Point",
        "coordinates": [
          86.72,
          20.48
        ]
      },
      "properties": {
        "station_id": "coast_7",
        "station_name": "Mahakalpara / Hukitola",
        "district": "Kendrapara",
        "time_utc": "2019-05-03T04:00:00+00:00",
        "hours_to_landfall": 1.3,
        "local_wind_kmh": 94.2,
        "surge_total_m": 2.31,
        "surge_ib_m": 0.54,
        "surge_wind_m": 0.7,
        "tide_m": 1.07
      }
    },
    {
      "type": "Feature",
      "geometry": {
        "type": "Point",
        "coordinates": [
          86.78,
          20.65
        ]
      },
      "properties": {
        "station_id": "coast_8",
        "station_name": "Rajanagar / Bhitarkanika",
        "district": "Kendrapara",
        "time_utc": "2019-05-03T04:00:00+00:00",
        "hours_to_landfall": 1.3,
        "local_wind_kmh": 88.4,
        "surge_total_m": 2.19,
        "surge_ib_m": 0.54,
        "surge_wind_m": 0.58,
        "tide_m": 1.07
      }
    },
    {
      "type": "Feature",
      "geometry": {
        "type": "Point",
        "coordinates": [
          85.45,
          19.68
        ]
      },
      "properties": {
        "station_id": "coast_0",
        "station_name": "Satapada / Chilika Mouth",
        "district": "Puri",
        "time_utc": "2019-05-03T05:00:00+00:00",
        "hours_to_landfall": 2.3,
        "local_wind_kmh": 133.8,
        "surge_total_m": 1.32,
        "surge_ib_m": 0.48,
        "surge_wind_m": 0.0,
        "tide_m": 0.84
      }
    },
    {
      "type": "Feature",
      "geometry": {
        "type": "Point",
        "coordinates": [
          85.65,
          19.75
        ]
      },
      "properties": {
        "station_id": "coast_1",
        "station_name": "Brahmagiri Coast",
        "district": "Puri",
        "time_utc": "2019-05-03T05:00:00+00:00",
        "hours_to_landfall": 2.3,
        "local_wind_kmh": 167.2,
        "surge_total_m": 1.32,
        "surge_ib_m": 0.48,
        "surge_wind_m": 0.0,
        "tide_m": 0.84
      }
    },
    {
      "type": "Feature",
      "geometry": {
        "type": "Point",
        "coordinates": [
          85.83,
          19.8
        ]
      },
      "properties": {
        "station_id": "coast_2",
        "station_name": "Puri Beach (Landfall Zone)",
        "district": "Puri",
        "time_utc": "2019-05-03T05:00:00+00:00",
        "hours_to_landfall": 2.3,
        "local_wind_kmh": 112.3,
        "surge_total_m": 1.32,
        "surge_ib_m": 0.48,
        "surge_wind_m": 0.0,
        "tide_m": 0.84
      }
    },
    {
      "type": "Feature",
      "geometry": {
        "type": "Point",
        "coordinates": [
          86.05,
          19.87
        ]
      },
      "properties": {
        "station_id": "coast_3",
        "station_name": "Konark / Chandrabhaga",
        "district": "Puri",
        "time_utc": "2019-05-03T05:00:00+00:00",
        "hours_to_landfall": 2.3,
        "local_wind_kmh": 129.3,
        "surge_total_m": 1.98,
        "surge_ib_m": 0.48,
        "surge_wind_m": 0.66,
        "tide_m": 0.84
      }
    },
    {
      "type": "Feature",
      "geometry": {
        "type": "Point",
        "coordinates": [
          86.27,
          19.98
        ]
      },
      "properties": {
        "station_id": "coast_4",
        "station_name": "Astaranga / Devi Estuary",
        "district": "Puri",
        "time_utc": "2019-05-03T05:00:00+00:00",
        "hours_to_landfall": 2.3,
        "local_wind_kmh": 147.5,
        "surge_total_m": 2.79,
        "surge_ib_m": 0.48,
        "surge_wind_m": 1.47,
        "tide_m": 0.84
      }
    },
    {
      "type": "Feature",
      "geometry": {
        "type": "Point",
        "coordinates": [
          86.44,
          20.16
        ]
      },
      "properties": {
        "station_id": "coast_5",
        "station_name": "Ersama Coastal Belt",
        "district": "Jagatsinghpur",
        "time_utc": "2019-05-03T05:00:00+00:00",
        "hours_to_landfall": 2.3,
        "local_wind_kmh": 123.0,
        "surge_total_m": 2.49,
        "surge_ib_m": 0.48,
        "surge_wind_m": 1.17,
        "tide_m": 0.84
      }
    },
    {
      "type": "Feature",
      "geometry": {
        "type": "Point",
        "coordinates": [
          86.67,
          20.29
        ]
      },
      "properties": {
        "station_id": "coast_6",
        "station_name": "Paradip Port",
        "district": "Jagatsinghpur",
        "time_utc": "2019-05-03T05:00:00+00:00",
        "hours_to_landfall": 2.3,
        "local_wind_kmh": 103.3,
        "surge_total_m": 2.09,
        "surge_ib_m": 0.48,
        "surge_wind_m": 0.77,
        "tide_m": 0.84
      }
    },
    {
      "type": "Feature",
      "geometry": {
        "type": "Point",
        "coordinates": [
          86.72,
          20.48
        ]
      },
      "properties": {
        "station_id": "coast_7",
        "station_name": "Mahakalpara / Hukitola",
        "district": "Kendrapara",
        "time_utc": "2019-05-03T05:00:00+00:00",
        "hours_to_landfall": 2.3,
        "local_wind_kmh": 96.4,
        "surge_total_m": 1.99,
        "surge_ib_m": 0.48,
        "surge_wind_m": 0.67,
        "tide_m": 0.84
      }
    },
    {
      "type": "Feature",
      "geometry": {
        "type": "Point",
        "coordinates": [
          86.78,
          20.65
        ]
      },
      "properties": {
        "station_id": "coast_8",
        "station_name": "Rajanagar / Bhitarkanika",
        "district": "Kendrapara",
        "time_utc": "2019-05-03T05:00:00+00:00",
        "hours_to_landfall": 2.3,
        "local_wind_kmh": 90.0,
        "surge_total_m": 1.87,
        "surge_ib_m": 0.48,
        "surge_wind_m": 0.55,
        "tide_m": 0.84
      }
    },
    {
      "type": "Feature",
      "geometry": {
        "type": "Point",
        "coordinates": [
          85.45,
          19.68
        ]
      },
      "properties": {
        "station_id": "coast_0",
        "station_name": "Satapada / Chilika Mouth",
        "district": "Puri",
        "time_utc": "2019-05-03T06:00:00+00:00",
        "hours_to_landfall": 3.3,
        "local_wind_kmh": 107.9,
        "surge_total_m": 0.98,
        "surge_ib_m": 0.44,
        "surge_wind_m": 0.0,
        "tide_m": 0.54
      }
    },
    {
      "type": "Feature",
      "geometry": {
        "type": "Point",
        "coordinates": [
          85.65,
          19.75
        ]
      },
      "properties": {
        "station_id": "coast_1",
        "station_name": "Brahmagiri Coast",
        "district": "Puri",
        "time_utc": "2019-05-03T06:00:00+00:00",
        "hours_to_landfall": 3.3,
        "local_wind_kmh": 123.9,
        "surge_total_m": 0.98,
        "surge_ib_m": 0.44,
        "surge_wind_m": 0.0,
        "tide_m": 0.54
      }
    },
    {
      "type": "Feature",
      "geometry": {
        "type": "Point",
        "coordinates": [
          85.83,
          19.8
        ]
      },
      "properties": {
        "station_id": "coast_2",
        "station_name": "Puri Beach (Landfall Zone)",
        "district": "Puri",
        "time_utc": "2019-05-03T06:00:00+00:00",
        "hours_to_landfall": 3.3,
        "local_wind_kmh": 138.7,
        "surge_total_m": 0.98,
        "surge_ib_m": 0.44,
        "surge_wind_m": 0.0,
        "tide_m": 0.54
      }
    },
    {
      "type": "Feature",
      "geometry": {
        "type": "Point",
        "coordinates": [
          86.05,
          19.87
        ]
      },
      "properties": {
        "station_id": "coast_3",
        "station_name": "Konark / Chandrabhaga",
        "district": "Puri",
        "time_utc": "2019-05-03T06:00:00+00:00",
        "hours_to_landfall": 3.3,
        "local_wind_kmh": 147.4,
        "surge_total_m": 0.98,
        "surge_ib_m": 0.44,
        "surge_wind_m": 0.0,
        "tide_m": 0.54
      }
    },
    {
      "type": "Feature",
      "geometry": {
        "type": "Point",
        "coordinates": [
          86.27,
          19.98
        ]
      },
      "properties": {
        "station_id": "coast_4",
        "station_name": "Astaranga / Devi Estuary",
        "district": "Puri",
        "time_utc": "2019-05-03T06:00:00+00:00",
        "hours_to_landfall": 3.3,
        "local_wind_kmh": 137.7,
        "surge_total_m": 1.53,
        "surge_ib_m": 0.44,
        "surge_wind_m": 0.55,
        "tide_m": 0.54
      }
    },
    {
      "type": "Feature",
      "geometry": {
        "type": "Point",
        "coordinates": [
          86.44,
          20.16
        ]
      },
      "properties": {
        "station_id": "coast_5",
        "station_name": "Ersama Coastal Belt",
        "district": "Jagatsinghpur",
        "time_utc": "2019-05-03T06:00:00+00:00",
        "hours_to_landfall": 3.3,
        "local_wind_kmh": 123.8,
        "surge_total_m": 1.82,
        "surge_ib_m": 0.44,
        "surge_wind_m": 0.84,
        "tide_m": 0.54
      }
    },
    {
      "type": "Feature",
      "geometry": {
        "type": "Point",
        "coordinates": [
          86.67,
          20.29
        ]
      },
      "properties": {
        "station_id": "coast_6",
        "station_name": "Paradip Port",
        "district": "Jagatsinghpur",
        "time_utc": "2019-05-03T06:00:00+00:00",
        "hours_to_landfall": 3.3,
        "local_wind_kmh": 103.5,
        "surge_total_m": 1.59,
        "surge_ib_m": 0.44,
        "surge_wind_m": 0.61,
        "tide_m": 0.54
      }
    },
    {
      "type": "Feature",
      "geometry": {
        "type": "Point",
        "coordinates": [
          86.72,
          20.48
        ]
      },
      "properties": {
        "station_id": "coast_7",
        "station_name": "Mahakalpara / Hukitola",
        "district": "Kendrapara",
        "time_utc": "2019-05-03T06:00:00+00:00",
        "hours_to_landfall": 3.3,
        "local_wind_kmh": 97.6,
        "surge_total_m": 1.56,
        "surge_ib_m": 0.44,
        "surge_wind_m": 0.58,
        "tide_m": 0.54
      }
    },
    {
      "type": "Feature",
      "geometry": {
        "type": "Point",
        "coordinates": [
          86.78,
          20.65
        ]
      },
      "properties": {
        "station_id": "coast_8",
        "station_name": "Rajanagar / Bhitarkanika",
        "district": "Kendrapara",
        "time_utc": "2019-05-03T06:00:00+00:00",
        "hours_to_landfall": 3.3,
        "local_wind_kmh": 91.1,
        "surge_total_m": 1.47,
        "surge_ib_m": 0.44,
        "surge_wind_m": 0.49,
        "tide_m": 0.54
      }
    },
    {
      "type": "Feature",
      "geometry": {
        "type": "Point",
        "coordinates": [
          85.45,
          19.68
        ]
      },
      "properties": {
        "station_id": "coast_0",
        "station_name": "Satapada / Chilika Mouth",
        "district": "Puri",
        "time_utc": "2019-05-03T07:00:00+00:00",
        "hours_to_landfall": 4.3,
        "local_wind_kmh": 91.9,
        "surge_total_m": 0.68,
        "surge_ib_m": 0.42,
        "surge_wind_m": 0.0,
        "tide_m": 0.26
      }
    },
    {
      "type": "Feature",
      "geometry": {
        "type": "Point",
        "coordinates": [
          85.65,
          19.75
        ]
      },
      "properties": {
        "station_id": "coast_1",
        "station_name": "Brahmagiri Coast",
        "district": "Puri",
        "time_utc": "2019-05-03T07:00:00+00:00",
        "hours_to_landfall": 4.3,
        "local_wind_kmh": 101.8,
        "surge_total_m": 0.68,
        "surge_ib_m": 0.42,
        "surge_wind_m": 0.0,
        "tide_m": 0.26
      }
    },
    {
      "type": "Feature",
      "geometry": {
        "type": "Point",
        "coordinates": [
          85.83,
          19.8
        ]
      },
      "properties": {
        "station_id": "coast_2",
        "station_name": "Puri Beach (Landfall Zone)",
        "district": "Puri",
        "time_utc": "2019-05-03T07:00:00+00:00",
        "hours_to_landfall": 4.3,
        "local_wind_kmh": 110.2,
        "surge_total_m": 0.68,
        "surge_ib_m": 0.42,
        "surge_wind_m": 0.0,
        "tide_m": 0.26
      }
    },
    {
      "type": "Feature",
      "geometry": {
        "type": "Point",
        "coordinates": [
          86.05,
          19.87
        ]
      },
      "properties": {
        "station_id": "coast_3",
        "station_name": "Konark / Chandrabhaga",
        "district": "Puri",
        "time_utc": "2019-05-03T07:00:00+00:00",
        "hours_to_landfall": 4.3,
        "local_wind_kmh": 117.6,
        "surge_total_m": 0.68,
        "surge_ib_m": 0.42,
        "surge_wind_m": 0.0,
        "tide_m": 0.26
      }
    },
    {
      "type": "Feature",
      "geometry": {
        "type": "Point",
        "coordinates": [
          86.27,
          19.98
        ]
      },
      "properties": {
        "station_id": "coast_4",
        "station_name": "Astaranga / Devi Estuary",
        "district": "Puri",
        "time_utc": "2019-05-03T07:00:00+00:00",
        "hours_to_landfall": 4.3,
        "local_wind_kmh": 119.2,
        "surge_total_m": 0.68,
        "surge_ib_m": 0.42,
        "surge_wind_m": 0.0,
        "tide_m": 0.26
      }
    },
    {
      "type": "Feature",
      "geometry": {
        "type": "Point",
        "coordinates": [
          86.44,
          20.16
        ]
      },
      "properties": {
        "station_id": "coast_5",
        "station_name": "Ersama Coastal Belt",
        "district": "Jagatsinghpur",
        "time_utc": "2019-05-03T07:00:00+00:00",
        "hours_to_landfall": 4.3,
        "local_wind_kmh": 117.4,
        "surge_total_m": 1.04,
        "surge_ib_m": 0.42,
        "surge_wind_m": 0.36,
        "tide_m": 0.26
      }
    },
    {
      "type": "Feature",
      "geometry": {
        "type": "Point",
        "coordinates": [
          86.67,
          20.29
        ]
      },
      "properties": {
        "station_id": "coast_6",
        "station_name": "Paradip Port",
        "district": "Jagatsinghpur",
        "time_utc": "2019-05-03T07:00:00+00:00",
        "hours_to_landfall": 4.3,
        "local_wind_kmh": 101.2,
        "surge_total_m": 1.06,
        "surge_ib_m": 0.42,
        "surge_wind_m": 0.39,
        "tide_m": 0.26
      }
    },
    {
      "type": "Feature",
      "geometry": {
        "type": "Point",
        "coordinates": [
          86.72,
          20.48
        ]
      },
      "properties": {
        "station_id": "coast_7",
        "station_name": "Mahakalpara / Hukitola",
        "district": "Kendrapara",
        "time_utc": "2019-05-03T07:00:00+00:00",
        "hours_to_landfall": 4.3,
        "local_wind_kmh": 97.7,
        "surge_total_m": 1.11,
        "surge_ib_m": 0.42,
        "surge_wind_m": 0.44,
        "tide_m": 0.26
      }
    },
    {
      "type": "Feature",
      "geometry": {
        "type": "Point",
        "coordinates": [
          86.78,
          20.65
        ]
      },
      "properties": {
        "station_id": "coast_8",
        "station_name": "Rajanagar / Bhitarkanika",
        "district": "Kendrapara",
        "time_utc": "2019-05-03T07:00:00+00:00",
        "hours_to_landfall": 4.3,
        "local_wind_kmh": 91.8,
        "surge_total_m": 1.07,
        "surge_ib_m": 0.42,
        "surge_wind_m": 0.4,
        "tide_m": 0.26
      }
    },
    {
      "type": "Feature",
      "geometry": {
        "type": "Point",
        "coordinates": [
          85.45,
          19.68
        ]
      },
      "properties": {
        "station_id": "coast_0",
        "station_name": "Satapada / Chilika Mouth",
        "district": "Puri",
        "time_utc": "2019-05-03T08:00:00+00:00",
        "hours_to_landfall": 5.3,
        "local_wind_kmh": 80.9,
        "surge_total_m": 0.47,
        "surge_ib_m": 0.41,
        "surge_wind_m": 0.0,
        "tide_m": 0.06
      }
    },
    {
      "type": "Feature",
      "geometry": {
        "type": "Point",
        "coordinates": [
          85.65,
          19.75
        ]
      },
      "properties": {
        "station_id": "coast_1",
        "station_name": "Brahmagiri Coast",
        "district": "Puri",
        "time_utc": "2019-05-03T08:00:00+00:00",
        "hours_to_landfall": 5.3,
        "local_wind_kmh": 87.8,
        "surge_total_m": 0.47,
        "surge_ib_m": 0.41,
        "surge_wind_m": 0.0,
        "tide_m": 0.06
      }
    },
    {
      "type": "Feature",
      "geometry": {
        "type": "Point",
        "coordinates": [
          85.83,
          19.8
        ]
      },
      "properties": {
        "station_id": "coast_2",
        "station_name": "Puri Beach (Landfall Zone)",
        "district": "Puri",
        "time_utc": "2019-05-03T08:00:00+00:00",
        "hours_to_landfall": 5.3,
        "local_wind_kmh": 93.4,
        "surge_total_m": 0.47,
        "surge_ib_m": 0.41,
        "surge_wind_m": 0.0,
        "tide_m": 0.06
      }
    },
    {
      "type": "Feature",
      "geometry": {
        "type": "Point",
        "coordinates": [
          86.05,
          19.87
        ]
      },
      "properties": {
        "station_id": "coast_3",
        "station_name": "Konark / Chandrabhaga",
        "district": "Puri",
        "time_utc": "2019-05-03T08:00:00+00:00",
        "hours_to_landfall": 5.3,
        "local_wind_kmh": 99.2,
        "surge_total_m": 0.47,
        "surge_ib_m": 0.41,
        "surge_wind_m": 0.0,
        "tide_m": 0.06
      }
    },
    {
      "type": "Feature",
      "geometry": {
        "type": "Point",
        "coordinates": [
          86.27,
          19.98
        ]
      },
      "properties": {
        "station_id": "coast_4",
        "station_name": "Astaranga / Devi Estuary",
        "district": "Puri",
        "time_utc": "2019-05-03T08:00:00+00:00",
        "hours_to_landfall": 5.3,
        "local_wind_kmh": 103.5,
        "surge_total_m": 0.47,
        "surge_ib_m": 0.41,
        "surge_wind_m": 0.0,
        "tide_m": 0.06
      }
    },
    {
      "type": "Feature",
      "geometry": {
        "type": "Point",
        "coordinates": [
          86.44,
          20.16
        ]
      },
      "properties": {
        "station_id": "coast_5",
        "station_name": "Ersama Coastal Belt",
        "district": "Jagatsinghpur",
        "time_utc": "2019-05-03T08:00:00+00:00",
        "hours_to_landfall": 5.3,
        "local_wind_kmh": 107.8,
        "surge_total_m": 0.47,
        "surge_ib_m": 0.41,
        "surge_wind_m": 0.0,
        "tide_m": 0.06
      }
    },
    {
      "type": "Feature",
      "geometry": {
        "type": "Point",
        "coordinates": [
          86.67,
          20.29
        ]
      },
      "properties": {
        "station_id": "coast_6",
        "station_name": "Paradip Port",
        "district": "Jagatsinghpur",
        "time_utc": "2019-05-03T08:00:00+00:00",
        "hours_to_landfall": 5.3,
        "local_wind_kmh": 97.7,
        "surge_total_m": 0.63,
        "surge_ib_m": 0.41,
        "surge_wind_m": 0.16,
        "tide_m": 0.06
      }
    },
    {
      "type": "Feature",
      "geometry": {
        "type": "Point",
        "coordinates": [
          86.72,
          20.48
        ]
      },
      "properties": {
        "station_id": "coast_7",
        "station_name": "Mahakalpara / Hukitola",
        "district": "Kendrapara",
        "time_utc": "2019-05-03T08:00:00+00:00",
        "hours_to_landfall": 5.3,
        "local_wind_kmh": 97.2,
        "surge_total_m": 0.72,
        "surge_ib_m": 0.41,
        "surge_wind_m": 0.25,
        "tide_m": 0.06
      }
    },
    {
      "type": "Feature",
      "geometry": {
        "type": "Point",
        "coordinates": [
          86.78,
          20.65
        ]
      },
      "properties": {
        "station_id": "coast_8",
        "station_name": "Rajanagar / Bhitarkanika",
        "district": "Kendrapara",
        "time_utc": "2019-05-03T08:00:00+00:00",
        "hours_to_landfall": 5.3,
        "local_wind_kmh": 92.9,
        "surge_total_m": 0.75,
        "surge_ib_m": 0.41,
        "surge_wind_m": 0.28,
        "tide_m": 0.06
      }
    },
    {
      "type": "Feature",
      "geometry": {
        "type": "Point",
        "coordinates": [
          85.45,
          19.68
        ]
      },
      "properties": {
        "station_id": "coast_0",
        "station_name": "Satapada / Chilika Mouth",
        "district": "Puri",
        "time_utc": "2019-05-03T09:00:00+00:00",
        "hours_to_landfall": 6.3,
        "local_wind_kmh": 72.4,
        "surge_total_m": 0.4,
        "surge_ib_m": 0.4,
        "surge_wind_m": 0.0,
        "tide_m": 0.0
      }
    },
    {
      "type": "Feature",
      "geometry": {
        "type": "Point",
        "coordinates": [
          85.65,
          19.75
        ]
      },
      "properties": {
        "station_id": "coast_1",
        "station_name": "Brahmagiri Coast",
        "district": "Puri",
        "time_utc": "2019-05-03T09:00:00+00:00",
        "hours_to_landfall": 6.3,
        "local_wind_kmh": 77.5,
        "surge_total_m": 0.4,
        "surge_ib_m": 0.4,
        "surge_wind_m": 0.0,
        "tide_m": 0.0
      }
    },
    {
      "type": "Feature",
      "geometry": {
        "type": "Point",
        "coordinates": [
          85.83,
          19.8
        ]
      },
      "properties": {
        "station_id": "coast_2",
        "station_name": "Puri Beach (Landfall Zone)",
        "district": "Puri",
        "time_utc": "2019-05-03T09:00:00+00:00",
        "hours_to_landfall": 6.3,
        "local_wind_kmh": 81.7,
        "surge_total_m": 0.4,
        "surge_ib_m": 0.4,
        "surge_wind_m": 0.0,
        "tide_m": 0.0
      }
    },
    {
      "type": "Feature",
      "geometry": {
        "type": "Point",
        "coordinates": [
          86.05,
          19.87
        ]
      },
      "properties": {
        "station_id": "coast_3",
        "station_name": "Konark / Chandrabhaga",
        "district": "Puri",
        "time_utc": "2019-05-03T09:00:00+00:00",
        "hours_to_landfall": 6.3,
        "local_wind_kmh": 86.5,
        "surge_total_m": 0.4,
        "surge_ib_m": 0.4,
        "surge_wind_m": 0.0,
        "tide_m": 0.0
      }
    },
    {
      "type": "Feature",
      "geometry": {
        "type": "Point",
        "coordinates": [
          86.27,
          19.98
        ]
      },
      "properties": {
        "station_id": "coast_4",
        "station_name": "Astaranga / Devi Estuary",
        "district": "Puri",
        "time_utc": "2019-05-03T09:00:00+00:00",
        "hours_to_landfall": 6.3,
        "local_wind_kmh": 91.4,
        "surge_total_m": 0.4,
        "surge_ib_m": 0.4,
        "surge_wind_m": 0.0,
        "tide_m": 0.0
      }
    },
    {
      "type": "Feature",
      "geometry": {
        "type": "Point",
        "coordinates": [
          86.44,
          20.16
        ]
      },
      "properties": {
        "station_id": "coast_5",
        "station_name": "Ersama Coastal Belt",
        "district": "Jagatsinghpur",
        "time_utc": "2019-05-03T09:00:00+00:00",
        "hours_to_landfall": 6.3,
        "local_wind_kmh": 98.4,
        "surge_total_m": 0.4,
        "surge_ib_m": 0.4,
        "surge_wind_m": 0.0,
        "tide_m": 0.0
      }
    },
    {
      "type": "Feature",
      "geometry": {
        "type": "Point",
        "coordinates": [
          86.67,
          20.29
        ]
      },
      "properties": {
        "station_id": "coast_6",
        "station_name": "Paradip Port",
        "district": "Jagatsinghpur",
        "time_utc": "2019-05-03T09:00:00+00:00",
        "hours_to_landfall": 6.3,
        "local_wind_kmh": 94.1,
        "surge_total_m": 0.4,
        "surge_ib_m": 0.4,
        "surge_wind_m": 0.0,
        "tide_m": 0.0
      }
    },
    {
      "type": "Feature",
      "geometry": {
        "type": "Point",
        "coordinates": [
          86.72,
          20.48
        ]
      },
      "properties": {
        "station_id": "coast_7",
        "station_name": "Mahakalpara / Hukitola",
        "district": "Kendrapara",
        "time_utc": "2019-05-03T09:00:00+00:00",
        "hours_to_landfall": 6.3,
        "local_wind_kmh": 97.3,
        "surge_total_m": 0.43,
        "surge_ib_m": 0.4,
        "surge_wind_m": 0.03,
        "tide_m": 0.0
      }
    },
    {
      "type": "Feature",
      "geometry": {
        "type": "Point",
        "coordinates": [
          86.78,
          20.65
        ]
      },
      "properties": {
        "station_id": "coast_8",
        "station_name": "Rajanagar / Bhitarkanika",
        "district": "Kendrapara",
        "time_utc": "2019-05-03T09:00:00+00:00",
        "hours_to_landfall": 6.3,
        "local_wind_kmh": 95.6,
        "surge_total_m": 0.51,
        "surge_ib_m": 0.4,
        "surge_wind_m": 0.11,
        "tide_m": 0.0
      }
    },
    {
      "type": "Feature",
      "geometry": {
        "type": "Point",
        "coordinates": [
          85.45,
          19.68
        ]
      },
      "properties": {
        "station_id": "coast_0",
        "station_name": "Satapada / Chilika Mouth",
        "district": "Puri",
        "time_utc": "2019-05-03T10:00:00+00:00",
        "hours_to_landfall": 7.3,
        "local_wind_kmh": 65.3,
        "surge_total_m": 0.47,
        "surge_ib_m": 0.38,
        "surge_wind_m": 0.0,
        "tide_m": 0.09
      }
    },
    {
      "type": "Feature",
      "geometry": {
        "type": "Point",
        "coordinates": [
          85.65,
          19.75
        ]
      },
      "properties": {
        "station_id": "coast_1",
        "station_name": "Brahmagiri Coast",
        "district": "Puri",
        "time_utc": "2019-05-03T10:00:00+00:00",
        "hours_to_landfall": 7.3,
        "local_wind_kmh": 69.2,
        "surge_total_m": 0.47,
        "surge_ib_m": 0.38,
        "surge_wind_m": 0.0,
        "tide_m": 0.09
      }
    },
    {
      "type": "Feature",
      "geometry": {
        "type": "Point",
        "coordinates": [
          85.83,
          19.8
        ]
      },
      "properties": {
        "station_id": "coast_2",
        "station_name": "Puri Beach (Landfall Zone)",
        "district": "Puri",
        "time_utc": "2019-05-03T10:00:00+00:00",
        "hours_to_landfall": 7.3,
        "local_wind_kmh": 72.5,
        "surge_total_m": 0.47,
        "surge_ib_m": 0.38,
        "surge_wind_m": 0.0,
        "tide_m": 0.09
      }
    },
    {
      "type": "Feature",
      "geometry": {
        "type": "Point",
        "coordinates": [
          86.05,
          19.87
        ]
      },
      "properties": {
        "station_id": "coast_3",
        "station_name": "Konark / Chandrabhaga",
        "district": "Puri",
        "time_utc": "2019-05-03T10:00:00+00:00",
        "hours_to_landfall": 7.3,
        "local_wind_kmh": 76.6,
        "surge_total_m": 0.47,
        "surge_ib_m": 0.38,
        "surge_wind_m": 0.0,
        "tide_m": 0.09
      }
    },
    {
      "type": "Feature",
      "geometry": {
        "type": "Point",
        "coordinates": [
          86.27,
          19.98
        ]
      },
      "properties": {
        "station_id": "coast_4",
        "station_name": "Astaranga / Devi Estuary",
        "district": "Puri",
        "time_utc": "2019-05-03T10:00:00+00:00",
        "hours_to_landfall": 7.3,
        "local_wind_kmh": 81.5,
        "surge_total_m": 0.47,
        "surge_ib_m": 0.38,
        "surge_wind_m": 0.0,
        "tide_m": 0.09
      }
    },
    {
      "type": "Feature",
      "geometry": {
        "type": "Point",
        "coordinates": [
          86.44,
          20.16
        ]
      },
      "properties": {
        "station_id": "coast_5",
        "station_name": "Ersama Coastal Belt",
        "district": "Jagatsinghpur",
        "time_utc": "2019-05-03T10:00:00+00:00",
        "hours_to_landfall": 7.3,
        "local_wind_kmh": 89.2,
        "surge_total_m": 0.47,
        "surge_ib_m": 0.38,
        "surge_wind_m": 0.0,
        "tide_m": 0.09
      }
    },
    {
      "type": "Feature",
      "geometry": {
        "type": "Point",
        "coordinates": [
          86.67,
          20.29
        ]
      },
      "properties": {
        "station_id": "coast_6",
        "station_name": "Paradip Port",
        "district": "Jagatsinghpur",
        "time_utc": "2019-05-03T10:00:00+00:00",
        "hours_to_landfall": 7.3,
        "local_wind_kmh": 90.0,
        "surge_total_m": 0.47,
        "surge_ib_m": 0.38,
        "surge_wind_m": 0.0,
        "tide_m": 0.09
      }
    },
    {
      "type": "Feature",
      "geometry": {
        "type": "Point",
        "coordinates": [
          86.72,
          20.48
        ]
      },
      "properties": {
        "station_id": "coast_7",
        "station_name": "Mahakalpara / Hukitola",
        "district": "Kendrapara",
        "time_utc": "2019-05-03T10:00:00+00:00",
        "hours_to_landfall": 7.3,
        "local_wind_kmh": 97.1,
        "surge_total_m": 0.47,
        "surge_ib_m": 0.38,
        "surge_wind_m": 0.0,
        "tide_m": 0.09
      }
    },
    {
      "type": "Feature",
      "geometry": {
        "type": "Point",
        "coordinates": [
          86.78,
          20.65
        ]
      },
      "properties": {
        "station_id": "coast_8",
        "station_name": "Rajanagar / Bhitarkanika",
        "district": "Kendrapara",
        "time_utc": "2019-05-03T10:00:00+00:00",
        "hours_to_landfall": 7.3,
        "local_wind_kmh": 99.8,
        "surge_total_m": 0.47,
        "surge_ib_m": 0.38,
        "surge_wind_m": 0.0,
        "tide_m": 0.09
      }
    },
    {
      "type": "Feature",
      "geometry": {
        "type": "Point",
        "coordinates": [
          85.45,
          19.68
        ]
      },
      "properties": {
        "station_id": "coast_0",
        "station_name": "Satapada / Chilika Mouth",
        "district": "Puri",
        "time_utc": "2019-05-03T11:00:00+00:00",
        "hours_to_landfall": 8.3,
        "local_wind_kmh": 59.3,
        "surge_total_m": 0.67,
        "surge_ib_m": 0.36,
        "surge_wind_m": 0.0,
        "tide_m": 0.31
      }
    },
    {
      "type": "Feature",
      "geometry": {
        "type": "Point",
        "coordinates": [
          85.65,
          19.75
        ]
      },
      "properties": {
        "station_id": "coast_1",
        "station_name": "Brahmagiri Coast",
        "district": "Puri",
        "time_utc": "2019-05-03T11:00:00+00:00",
        "hours_to_landfall": 8.3,
        "local_wind_kmh": 62.4,
        "surge_total_m": 0.67,
        "surge_ib_m": 0.36,
        "surge_wind_m": 0.0,
        "tide_m": 0.31
      }
    },
    {
      "type": "Feature",
      "geometry": {
        "type": "Point",
        "coordinates": [
          85.83,
          19.8
        ]
      },
      "properties": {
        "station_id": "coast_2",
        "station_name": "Puri Beach (Landfall Zone)",
        "district": "Puri",
        "time_utc": "2019-05-03T11:00:00+00:00",
        "hours_to_landfall": 8.3,
        "local_wind_kmh": 65.1,
        "surge_total_m": 0.67,
        "surge_ib_m": 0.36,
        "surge_wind_m": 0.0,
        "tide_m": 0.31
      }
    },
    {
      "type": "Feature",
      "geometry": {
        "type": "Point",
        "coordinates": [
          86.05,
          19.87
        ]
      },
      "properties": {
        "station_id": "coast_3",
        "station_name": "Konark / Chandrabhaga",
        "district": "Puri",
        "time_utc": "2019-05-03T11:00:00+00:00",
        "hours_to_landfall": 8.3,
        "local_wind_kmh": 68.5,
        "surge_total_m": 0.67,
        "surge_ib_m": 0.36,
        "surge_wind_m": 0.0,
        "tide_m": 0.31
      }
    },
    {
      "type": "Feature",
      "geometry": {
        "type": "Point",
        "coordinates": [
          86.27,
          19.98
        ]
      },
      "properties": {
        "station_id": "coast_4",
        "station_name": "Astaranga / Devi Estuary",
        "district": "Puri",
        "time_utc": "2019-05-03T11:00:00+00:00",
        "hours_to_landfall": 8.3,
        "local_wind_kmh": 72.9,
        "surge_total_m": 0.67,
        "surge_ib_m": 0.36,
        "surge_wind_m": 0.0,
        "tide_m": 0.31
      }
    },
    {
      "type": "Feature",
      "geometry": {
        "type": "Point",
        "coordinates": [
          86.44,
          20.16
        ]
      },
      "properties": {
        "station_id": "coast_5",
        "station_name": "Ersama Coastal Belt",
        "district": "Jagatsinghpur",
        "time_utc": "2019-05-03T11:00:00+00:00",
        "hours_to_landfall": 8.3,
        "local_wind_kmh": 80.0,
        "surge_total_m": 0.67,
        "surge_ib_m": 0.36,
        "surge_wind_m": 0.0,
        "tide_m": 0.31
      }
    },
    {
      "type": "Feature",
      "geometry": {
        "type": "Point",
        "coordinates": [
          86.67,
          20.29
        ]
      },
      "properties": {
        "station_id": "coast_6",
        "station_name": "Paradip Port",
        "district": "Jagatsinghpur",
        "time_utc": "2019-05-03T11:00:00+00:00",
        "hours_to_landfall": 8.3,
        "local_wind_kmh": 83.7,
        "surge_total_m": 0.67,
        "surge_ib_m": 0.36,
        "surge_wind_m": 0.0,
        "tide_m": 0.31
      }
    },
    {
      "type": "Feature",
      "geometry": {
        "type": "Point",
        "coordinates": [
          86.72,
          20.48
        ]
      },
      "properties": {
        "station_id": "coast_7",
        "station_name": "Mahakalpara / Hukitola",
        "district": "Kendrapara",
        "time_utc": "2019-05-03T11:00:00+00:00",
        "hours_to_landfall": 8.3,
        "local_wind_kmh": 92.7,
        "surge_total_m": 0.67,
        "surge_ib_m": 0.36,
        "surge_wind_m": 0.0,
        "tide_m": 0.31
      }
    },
    {
      "type": "Feature",
      "geometry": {
        "type": "Point",
        "coordinates": [
          86.78,
          20.65
        ]
      },
      "properties": {
        "station_id": "coast_8",
        "station_name": "Rajanagar / Bhitarkanika",
        "district": "Kendrapara",
        "time_utc": "2019-05-03T11:00:00+00:00",
        "hours_to_landfall": 8.3,
        "local_wind_kmh": 100.4,
        "surge_total_m": 0.67,
        "surge_ib_m": 0.36,
        "surge_wind_m": 0.0,
        "tide_m": 0.31
      }
    },
    {
      "type": "Feature",
      "geometry": {
        "type": "Point",
        "coordinates": [
          85.45,
          19.68
        ]
      },
      "properties": {
        "station_id": "coast_0",
        "station_name": "Satapada / Chilika Mouth",
        "district": "Puri",
        "time_utc": "2019-05-03T12:00:00+00:00",
        "hours_to_landfall": 9.3,
        "local_wind_kmh": 54.0,
        "surge_total_m": 0.94,
        "surge_ib_m": 0.34,
        "surge_wind_m": 0.0,
        "tide_m": 0.6
      }
    },
    {
      "type": "Feature",
      "geometry": {
        "type": "Point",
        "coordinates": [
          85.65,
          19.75
        ]
      },
      "properties": {
        "station_id": "coast_1",
        "station_name": "Brahmagiri Coast",
        "district": "Puri",
        "time_utc": "2019-05-03T12:00:00+00:00",
        "hours_to_landfall": 9.3,
        "local_wind_kmh": 56.5,
        "surge_total_m": 0.94,
        "surge_ib_m": 0.34,
        "surge_wind_m": 0.0,
        "tide_m": 0.6
      }
    },
    {
      "type": "Feature",
      "geometry": {
        "type": "Point",
        "coordinates": [
          85.83,
          19.8
        ]
      },
      "properties": {
        "station_id": "coast_2",
        "station_name": "Puri Beach (Landfall Zone)",
        "district": "Puri",
        "time_utc": "2019-05-03T12:00:00+00:00",
        "hours_to_landfall": 9.3,
        "local_wind_kmh": 58.7,
        "surge_total_m": 0.94,
        "surge_ib_m": 0.34,
        "surge_wind_m": 0.0,
        "tide_m": 0.6
      }
    },
    {
      "type": "Feature",
      "geometry": {
        "type": "Point",
        "coordinates": [
          86.05,
          19.87
        ]
      },
      "properties": {
        "station_id": "coast_3",
        "station_name": "Konark / Chandrabhaga",
        "district": "Puri",
        "time_utc": "2019-05-03T12:00:00+00:00",
        "hours_to_landfall": 9.3,
        "local_wind_kmh": 61.6,
        "surge_total_m": 0.94,
        "surge_ib_m": 0.34,
        "surge_wind_m": 0.0,
        "tide_m": 0.6
      }
    },
    {
      "type": "Feature",
      "geometry": {
        "type": "Point",
        "coordinates": [
          86.27,
          19.98
        ]
      },
      "properties": {
        "station_id": "coast_4",
        "station_name": "Astaranga / Devi Estuary",
        "district": "Puri",
        "time_utc": "2019-05-03T12:00:00+00:00",
        "hours_to_landfall": 9.3,
        "local_wind_kmh": 65.3,
        "surge_total_m": 0.94,
        "surge_ib_m": 0.34,
        "surge_wind_m": 0.0,
        "tide_m": 0.6
      }
    },
    {
      "type": "Feature",
      "geometry": {
        "type": "Point",
        "coordinates": [
          86.44,
          20.16
        ]
      },
      "properties": {
        "station_id": "coast_5",
        "station_name": "Ersama Coastal Belt",
        "district": "Jagatsinghpur",
        "time_utc": "2019-05-03T12:00:00+00:00",
        "hours_to_landfall": 9.3,
        "local_wind_kmh": 71.2,
        "surge_total_m": 0.94,
        "surge_ib_m": 0.34,
        "surge_wind_m": 0.0,
        "tide_m": 0.6
      }
    },
    {
      "type": "Feature",
      "geometry": {
        "type": "Point",
        "coordinates": [
          86.67,
          20.29
        ]
      },
      "properties": {
        "station_id": "coast_6",
        "station_name": "Paradip Port",
        "district": "Jagatsinghpur",
        "time_utc": "2019-05-03T12:00:00+00:00",
        "hours_to_landfall": 9.3,
        "local_wind_kmh": 75.7,
        "surge_total_m": 0.94,
        "surge_ib_m": 0.34,
        "surge_wind_m": 0.0,
        "tide_m": 0.6
      }
    },
    {
      "type": "Feature",
      "geometry": {
        "type": "Point",
        "coordinates": [
          86.72,
          20.48
        ]
      },
      "properties": {
        "station_id": "coast_7",
        "station_name": "Mahakalpara / Hukitola",
        "district": "Kendrapara",
        "time_utc": "2019-05-03T12:00:00+00:00",
        "hours_to_landfall": 9.3,
        "local_wind_kmh": 84.0,
        "surge_total_m": 0.94,
        "surge_ib_m": 0.34,
        "surge_wind_m": 0.0,
        "tide_m": 0.6
      }
    },
    {
      "type": "Feature",
      "geometry": {
        "type": "Point",
        "coordinates": [
          86.78,
          20.65
        ]
      },
      "properties": {
        "station_id": "coast_8",
        "station_name": "Rajanagar / Bhitarkanika",
        "district": "Kendrapara",
        "time_utc": "2019-05-03T12:00:00+00:00",
        "hours_to_landfall": 9.3,
        "local_wind_kmh": 93.2,
        "surge_total_m": 0.94,
        "surge_ib_m": 0.34,
        "surge_wind_m": 0.0,
        "tide_m": 0.6
      }
    },
    {
      "type": "Feature",
      "geometry": {
        "type": "Point",
        "coordinates": [
          85.45,
          19.68
        ]
      },
      "properties": {
        "station_id": "coast_0",
        "station_name": "Satapada / Chilika Mouth",
        "district": "Puri",
        "time_utc": "2019-05-03T13:00:00+00:00",
        "hours_to_landfall": 10.3,
        "local_wind_kmh": 49.1,
        "surge_total_m": 1.21,
        "surge_ib_m": 0.32,
        "surge_wind_m": 0.0,
        "tide_m": 0.89
      }
    },
    {
      "type": "Feature",
      "geometry": {
        "type": "Point",
        "coordinates": [
          85.65,
          19.75
        ]
      },
      "properties": {
        "station_id": "coast_1",
        "station_name": "Brahmagiri Coast",
        "district": "Puri",
        "time_utc": "2019-05-03T13:00:00+00:00",
        "hours_to_landfall": 10.3,
        "local_wind_kmh": 51.1,
        "surge_total_m": 1.21,
        "surge_ib_m": 0.32,
        "surge_wind_m": 0.0,
        "tide_m": 0.89
      }
    },
    {
      "type": "Feature",
      "geometry": {
        "type": "Point",
        "coordinates": [
          85.83,
          19.8
        ]
      },
      "properties": {
        "station_id": "coast_2",
        "station_name": "Puri Beach (Landfall Zone)",
        "district": "Puri",
        "time_utc": "2019-05-03T13:00:00+00:00",
        "hours_to_landfall": 10.3,
        "local_wind_kmh": 52.9,
        "surge_total_m": 1.21,
        "surge_ib_m": 0.32,
        "surge_wind_m": 0.0,
        "tide_m": 0.89
      }
    },
    {
      "type": "Feature",
      "geometry": {
        "type": "Point",
        "coordinates": [
          86.05,
          19.87
        ]
      },
      "properties": {
        "station_id": "coast_3",
        "station_name": "Konark / Chandrabhaga",
        "district": "Puri",
        "time_utc": "2019-05-03T13:00:00+00:00",
        "hours_to_landfall": 10.3,
        "local_wind_kmh": 55.3,
        "surge_total_m": 1.21,
        "surge_ib_m": 0.32,
        "surge_wind_m": 0.0,
        "tide_m": 0.89
      }
    },
    {
      "type": "Feature",
      "geometry": {
        "type": "Point",
        "coordinates": [
          86.27,
          19.98
        ]
      },
      "properties": {
        "station_id": "coast_4",
        "station_name": "Astaranga / Devi Estuary",
        "district": "Puri",
        "time_utc": "2019-05-03T13:00:00+00:00",
        "hours_to_landfall": 10.3,
        "local_wind_kmh": 58.5,
        "surge_total_m": 1.21,
        "surge_ib_m": 0.32,
        "surge_wind_m": 0.0,
        "tide_m": 0.89
      }
    },
    {
      "type": "Feature",
      "geometry": {
        "type": "Point",
        "coordinates": [
          86.44,
          20.16
        ]
      },
      "properties": {
        "station_id": "coast_5",
        "station_name": "Ersama Coastal Belt",
        "district": "Jagatsinghpur",
        "time_utc": "2019-05-03T13:00:00+00:00",
        "hours_to_landfall": 10.3,
        "local_wind_kmh": 63.3,
        "surge_total_m": 1.21,
        "surge_ib_m": 0.32,
        "surge_wind_m": 0.0,
        "tide_m": 0.89
      }
    },
    {
      "type": "Feature",
      "geometry": {
        "type": "Point",
        "coordinates": [
          86.67,
          20.29
        ]
      },
      "properties": {
        "station_id": "coast_6",
        "station_name": "Paradip Port",
        "district": "Jagatsinghpur",
        "time_utc": "2019-05-03T13:00:00+00:00",
        "hours_to_landfall": 10.3,
        "local_wind_kmh": 67.4,
        "surge_total_m": 1.21,
        "surge_ib_m": 0.32,
        "surge_wind_m": 0.0,
        "tide_m": 0.89
      }
    },
    {
      "type": "Feature",
      "geometry": {
        "type": "Point",
        "coordinates": [
          86.72,
          20.48
        ]
      },
      "properties": {
        "station_id": "coast_7",
        "station_name": "Mahakalpara / Hukitola",
        "district": "Kendrapara",
        "time_utc": "2019-05-03T13:00:00+00:00",
        "hours_to_landfall": 10.3,
        "local_wind_kmh": 74.3,
        "surge_total_m": 1.21,
        "surge_ib_m": 0.32,
        "surge_wind_m": 0.0,
        "tide_m": 0.89
      }
    },
    {
      "type": "Feature",
      "geometry": {
        "type": "Point",
        "coordinates": [
          86.78,
          20.65
        ]
      },
      "properties": {
        "station_id": "coast_8",
        "station_name": "Rajanagar / Bhitarkanika",
        "district": "Kendrapara",
        "time_utc": "2019-05-03T13:00:00+00:00",
        "hours_to_landfall": 10.3,
        "local_wind_kmh": 82.2,
        "surge_total_m": 1.21,
        "surge_ib_m": 0.32,
        "surge_wind_m": 0.0,
        "tide_m": 0.89
      }
    },
    {
      "type": "Feature",
      "geometry": {
        "type": "Point",
        "coordinates": [
          85.45,
          19.68
        ]
      },
      "properties": {
        "station_id": "coast_0",
        "station_name": "Satapada / Chilika Mouth",
        "district": "Puri",
        "time_utc": "2019-05-03T14:00:00+00:00",
        "hours_to_landfall": 11.3,
        "local_wind_kmh": 44.5,
        "surge_total_m": 1.42,
        "surge_ib_m": 0.31,
        "surge_wind_m": 0.0,
        "tide_m": 1.11
      }
    },
    {
      "type": "Feature",
      "geometry": {
        "type": "Point",
        "coordinates": [
          85.65,
          19.75
        ]
      },
      "properties": {
        "station_id": "coast_1",
        "station_name": "Brahmagiri Coast",
        "district": "Puri",
        "time_utc": "2019-05-03T14:00:00+00:00",
        "hours_to_landfall": 11.3,
        "local_wind_kmh": 46.2,
        "surge_total_m": 1.42,
        "surge_ib_m": 0.31,
        "surge_wind_m": 0.0,
        "tide_m": 1.11
      }
    },
    {
      "type": "Feature",
      "geometry": {
        "type": "Point",
        "coordinates": [
          85.83,
          19.8
        ]
      },
      "properties": {
        "station_id": "coast_2",
        "station_name": "Puri Beach (Landfall Zone)",
        "district": "Puri",
        "time_utc": "2019-05-03T14:00:00+00:00",
        "hours_to_landfall": 11.3,
        "local_wind_kmh": 47.7,
        "surge_total_m": 1.42,
        "surge_ib_m": 0.31,
        "surge_wind_m": 0.0,
        "tide_m": 1.11
      }
    },
    {
      "type": "Feature",
      "geometry": {
        "type": "Point",
        "coordinates": [
          86.05,
          19.87
        ]
      },
      "properties": {
        "station_id": "coast_3",
        "station_name": "Konark / Chandrabhaga",
        "district": "Puri",
        "time_utc": "2019-05-03T14:00:00+00:00",
        "hours_to_landfall": 11.3,
        "local_wind_kmh": 49.7,
        "surge_total_m": 1.42,
        "surge_ib_m": 0.31,
        "surge_wind_m": 0.0,
        "tide_m": 1.11
      }
    },
    {
      "type": "Feature",
      "geometry": {
        "type": "Point",
        "coordinates": [
          86.27,
          19.98
        ]
      },
      "properties": {
        "station_id": "coast_4",
        "station_name": "Astaranga / Devi Estuary",
        "district": "Puri",
        "time_utc": "2019-05-03T14:00:00+00:00",
        "hours_to_landfall": 11.3,
        "local_wind_kmh": 52.4,
        "surge_total_m": 1.42,
        "surge_ib_m": 0.31,
        "surge_wind_m": 0.0,
        "tide_m": 1.11
      }
    },
    {
      "type": "Feature",
      "geometry": {
        "type": "Point",
        "coordinates": [
          86.44,
          20.16
        ]
      },
      "properties": {
        "station_id": "coast_5",
        "station_name": "Ersama Coastal Belt",
        "district": "Jagatsinghpur",
        "time_utc": "2019-05-03T14:00:00+00:00",
        "hours_to_landfall": 11.3,
        "local_wind_kmh": 56.3,
        "surge_total_m": 1.42,
        "surge_ib_m": 0.31,
        "surge_wind_m": 0.0,
        "tide_m": 1.11
      }
    },
    {
      "type": "Feature",
      "geometry": {
        "type": "Point",
        "coordinates": [
          86.67,
          20.29
        ]
      },
      "properties": {
        "station_id": "coast_6",
        "station_name": "Paradip Port",
        "district": "Jagatsinghpur",
        "time_utc": "2019-05-03T14:00:00+00:00",
        "hours_to_landfall": 11.3,
        "local_wind_kmh": 60.0,
        "surge_total_m": 1.42,
        "surge_ib_m": 0.31,
        "surge_wind_m": 0.0,
        "tide_m": 1.11
      }
    },
    {
      "type": "Feature",
      "geometry": {
        "type": "Point",
        "coordinates": [
          86.72,
          20.48
        ]
      },
      "properties": {
        "station_id": "coast_7",
        "station_name": "Mahakalpara / Hukitola",
        "district": "Kendrapara",
        "time_utc": "2019-05-03T14:00:00+00:00",
        "hours_to_landfall": 11.3,
        "local_wind_kmh": 65.4,
        "surge_total_m": 1.42,
        "surge_ib_m": 0.31,
        "surge_wind_m": 0.0,
        "tide_m": 1.11
      }
    },
    {
      "type": "Feature",
      "geometry": {
        "type": "Point",
        "coordinates": [
          86.78,
          20.65
        ]
      },
      "properties": {
        "station_id": "coast_8",
        "station_name": "Rajanagar / Bhitarkanika",
        "district": "Kendrapara",
        "time_utc": "2019-05-03T14:00:00+00:00",
        "hours_to_landfall": 11.3,
        "local_wind_kmh": 71.7,
        "surge_total_m": 1.42,
        "surge_ib_m": 0.31,
        "surge_wind_m": 0.0,
        "tide_m": 1.11
      }
    },
    {
      "type": "Feature",
      "geometry": {
        "type": "Point",
        "coordinates": [
          85.45,
          19.68
        ]
      },
      "properties": {
        "station_id": "coast_0",
        "station_name": "Satapada / Chilika Mouth",
        "district": "Puri",
        "time_utc": "2019-05-03T15:00:00+00:00",
        "hours_to_landfall": 12.3,
        "local_wind_kmh": 40.6,
        "surge_total_m": 1.5,
        "surge_ib_m": 0.3,
        "surge_wind_m": 0.0,
        "tide_m": 1.2
      }
    },
    {
      "type": "Feature",
      "geometry": {
        "type": "Point",
        "coordinates": [
          85.65,
          19.75
        ]
      },
      "properties": {
        "station_id": "coast_1",
        "station_name": "Brahmagiri Coast",
        "district": "Puri",
        "time_utc": "2019-05-03T15:00:00+00:00",
        "hours_to_landfall": 12.3,
        "local_wind_kmh": 42.0,
        "surge_total_m": 1.5,
        "surge_ib_m": 0.3,
        "surge_wind_m": 0.0,
        "tide_m": 1.2
      }
    },
    {
      "type": "Feature",
      "geometry": {
        "type": "Point",
        "coordinates": [
          85.83,
          19.8
        ]
      },
      "properties": {
        "station_id": "coast_2",
        "station_name": "Puri Beach (Landfall Zone)",
        "district": "Puri",
        "time_utc": "2019-05-03T15:00:00+00:00",
        "hours_to_landfall": 12.3,
        "local_wind_kmh": 43.3,
        "surge_total_m": 1.5,
        "surge_ib_m": 0.3,
        "surge_wind_m": 0.0,
        "tide_m": 1.2
      }
    },
    {
      "type": "Feature",
      "geometry": {
        "type": "Point",
        "coordinates": [
          86.05,
          19.87
        ]
      },
      "properties": {
        "station_id": "coast_3",
        "station_name": "Konark / Chandrabhaga",
        "district": "Puri",
        "time_utc": "2019-05-03T15:00:00+00:00",
        "hours_to_landfall": 12.3,
        "local_wind_kmh": 45.0,
        "surge_total_m": 1.5,
        "surge_ib_m": 0.3,
        "surge_wind_m": 0.0,
        "tide_m": 1.2
      }
    },
    {
      "type": "Feature",
      "geometry": {
        "type": "Point",
        "coordinates": [
          86.27,
          19.98
        ]
      },
      "properties": {
        "station_id": "coast_4",
        "station_name": "Astaranga / Devi Estuary",
        "district": "Puri",
        "time_utc": "2019-05-03T15:00:00+00:00",
        "hours_to_landfall": 12.3,
        "local_wind_kmh": 47.3,
        "surge_total_m": 1.5,
        "surge_ib_m": 0.3,
        "surge_wind_m": 0.0,
        "tide_m": 1.2
      }
    },
    {
      "type": "Feature",
      "geometry": {
        "type": "Point",
        "coordinates": [
          86.44,
          20.16
        ]
      },
      "properties": {
        "station_id": "coast_5",
        "station_name": "Ersama Coastal Belt",
        "district": "Jagatsinghpur",
        "time_utc": "2019-05-03T15:00:00+00:00",
        "hours_to_landfall": 12.3,
        "local_wind_kmh": 50.6,
        "surge_total_m": 1.5,
        "surge_ib_m": 0.3,
        "surge_wind_m": 0.0,
        "tide_m": 1.2
      }
    },
    {
      "type": "Feature",
      "geometry": {
        "type": "Point",
        "coordinates": [
          86.67,
          20.29
        ]
      },
      "properties": {
        "station_id": "coast_6",
        "station_name": "Paradip Port",
        "district": "Jagatsinghpur",
        "time_utc": "2019-05-03T15:00:00+00:00",
        "hours_to_landfall": 12.3,
        "local_wind_kmh": 53.7,
        "surge_total_m": 1.5,
        "surge_ib_m": 0.3,
        "surge_wind_m": 0.0,
        "tide_m": 1.2
      }
    },
    {
      "type": "Feature",
      "geometry": {
        "type": "Point",
        "coordinates": [
          86.72,
          20.48
        ]
      },
      "properties": {
        "station_id": "coast_7",
        "station_name": "Mahakalpara / Hukitola",
        "district": "Kendrapara",
        "time_utc": "2019-05-03T15:00:00+00:00",
        "hours_to_landfall": 12.3,
        "local_wind_kmh": 58.1,
        "surge_total_m": 1.5,
        "surge_ib_m": 0.3,
        "surge_wind_m": 0.0,
        "tide_m": 1.2
      }
    },
    {
      "type": "Feature",
      "geometry": {
        "type": "Point",
        "coordinates": [
          86.78,
          20.65
        ]
      },
      "properties": {
        "station_id": "coast_8",
        "station_name": "Rajanagar / Bhitarkanika",
        "district": "Kendrapara",
        "time_utc": "2019-05-03T15:00:00+00:00",
        "hours_to_landfall": 12.3,
        "local_wind_kmh": 63.1,
        "surge_total_m": 1.5,
        "surge_ib_m": 0.3,
        "surge_wind_m": 0.0,
        "tide_m": 1.2
      }
    },
    {
      "type": "Feature",
      "geometry": {
        "type": "Point",
        "coordinates": [
          85.45,
          19.68
        ]
      },
      "properties": {
        "station_id": "coast_0",
        "station_name": "Satapada / Chilika Mouth",
        "district": "Puri",
        "time_utc": "2019-05-03T16:00:00+00:00",
        "hours_to_landfall": 13.3,
        "local_wind_kmh": 37.6,
        "surge_total_m": 1.43,
        "surge_ib_m": 0.29,
        "surge_wind_m": 0.0,
        "tide_m": 1.14
      }
    },
    {
      "type": "Feature",
      "geometry": {
        "type": "Point",
        "coordinates": [
          85.65,
          19.75
        ]
      },
      "properties": {
        "station_id": "coast_1",
        "station_name": "Brahmagiri Coast",
        "district": "Puri",
        "time_utc": "2019-05-03T16:00:00+00:00",
        "hours_to_landfall": 13.3,
        "local_wind_kmh": 38.9,
        "surge_total_m": 1.43,
        "surge_ib_m": 0.29,
        "surge_wind_m": 0.0,
        "tide_m": 1.14
      }
    },
    {
      "type": "Feature",
      "geometry": {
        "type": "Point",
        "coordinates": [
          85.83,
          19.8
        ]
      },
      "properties": {
        "station_id": "coast_2",
        "station_name": "Puri Beach (Landfall Zone)",
        "district": "Puri",
        "time_utc": "2019-05-03T16:00:00+00:00",
        "hours_to_landfall": 13.3,
        "local_wind_kmh": 40.0,
        "surge_total_m": 1.43,
        "surge_ib_m": 0.29,
        "surge_wind_m": 0.0,
        "tide_m": 1.14
      }
    },
    {
      "type": "Feature",
      "geometry": {
        "type": "Point",
        "coordinates": [
          86.05,
          19.87
        ]
      },
      "properties": {
        "station_id": "coast_3",
        "station_name": "Konark / Chandrabhaga",
        "district": "Puri",
        "time_utc": "2019-05-03T16:00:00+00:00",
        "hours_to_landfall": 13.3,
        "local_wind_kmh": 41.5,
        "surge_total_m": 1.43,
        "surge_ib_m": 0.29,
        "surge_wind_m": 0.0,
        "tide_m": 1.14
      }
    },
    {
      "type": "Feature",
      "geometry": {
        "type": "Point",
        "coordinates": [
          86.27,
          19.98
        ]
      },
      "properties": {
        "station_id": "coast_4",
        "station_name": "Astaranga / Devi Estuary",
        "district": "Puri",
        "time_utc": "2019-05-03T16:00:00+00:00",
        "hours_to_landfall": 13.3,
        "local_wind_kmh": 43.4,
        "surge_total_m": 1.43,
        "surge_ib_m": 0.29,
        "surge_wind_m": 0.0,
        "tide_m": 1.14
      }
    },
    {
      "type": "Feature",
      "geometry": {
        "type": "Point",
        "coordinates": [
          86.44,
          20.16
        ]
      },
      "properties": {
        "station_id": "coast_5",
        "station_name": "Ersama Coastal Belt",
        "district": "Jagatsinghpur",
        "time_utc": "2019-05-03T16:00:00+00:00",
        "hours_to_landfall": 13.3,
        "local_wind_kmh": 46.2,
        "surge_total_m": 1.43,
        "surge_ib_m": 0.29,
        "surge_wind_m": 0.0,
        "tide_m": 1.14
      }
    },
    {
      "type": "Feature",
      "geometry": {
        "type": "Point",
        "coordinates": [
          86.67,
          20.29
        ]
      },
      "properties": {
        "station_id": "coast_6",
        "station_name": "Paradip Port",
        "district": "Jagatsinghpur",
        "time_utc": "2019-05-03T16:00:00+00:00",
        "hours_to_landfall": 13.3,
        "local_wind_kmh": 49.0,
        "surge_total_m": 1.43,
        "surge_ib_m": 0.29,
        "surge_wind_m": 0.0,
        "tide_m": 1.14
      }
    },
    {
      "type": "Feature",
      "geometry": {
        "type": "Point",
        "coordinates": [
          86.72,
          20.48
        ]
      },
      "properties": {
        "station_id": "coast_7",
        "station_name": "Mahakalpara / Hukitola",
        "district": "Kendrapara",
        "time_utc": "2019-05-03T16:00:00+00:00",
        "hours_to_landfall": 13.3,
        "local_wind_kmh": 52.5,
        "surge_total_m": 1.43,
        "surge_ib_m": 0.29,
        "surge_wind_m": 0.0,
        "tide_m": 1.14
      }
    },
    {
      "type": "Feature",
      "geometry": {
        "type": "Point",
        "coordinates": [
          86.78,
          20.65
        ]
      },
      "properties": {
        "station_id": "coast_8",
        "station_name": "Rajanagar / Bhitarkanika",
        "district": "Kendrapara",
        "time_utc": "2019-05-03T16:00:00+00:00",
        "hours_to_landfall": 13.3,
        "local_wind_kmh": 56.5,
        "surge_total_m": 1.43,
        "surge_ib_m": 0.29,
        "surge_wind_m": 0.0,
        "tide_m": 1.14
      }
    },
    {
      "type": "Feature",
      "geometry": {
        "type": "Point",
        "coordinates": [
          85.45,
          19.68
        ]
      },
      "properties": {
        "station_id": "coast_0",
        "station_name": "Satapada / Chilika Mouth",
        "district": "Puri",
        "time_utc": "2019-05-03T17:00:00+00:00",
        "hours_to_landfall": 14.3,
        "local_wind_kmh": 35.2,
        "surge_total_m": 1.22,
        "surge_ib_m": 0.27,
        "surge_wind_m": 0.0,
        "tide_m": 0.95
      }
    },
    {
      "type": "Feature",
      "geometry": {
        "type": "Point",
        "coordinates": [
          85.65,
          19.75
        ]
      },
      "properties": {
        "station_id": "coast_1",
        "station_name": "Brahmagiri Coast",
        "district": "Puri",
        "time_utc": "2019-05-03T17:00:00+00:00",
        "hours_to_landfall": 14.3,
        "local_wind_kmh": 36.3,
        "surge_total_m": 1.22,
        "surge_ib_m": 0.27,
        "surge_wind_m": 0.0,
        "tide_m": 0.95
      }
    },
    {
      "type": "Feature",
      "geometry": {
        "type": "Point",
        "coordinates": [
          85.83,
          19.8
        ]
      },
      "properties": {
        "station_id": "coast_2",
        "station_name": "Puri Beach (Landfall Zone)",
        "district": "Puri",
        "time_utc": "2019-05-03T17:00:00+00:00",
        "hours_to_landfall": 14.3,
        "local_wind_kmh": 37.3,
        "surge_total_m": 1.22,
        "surge_ib_m": 0.27,
        "surge_wind_m": 0.0,
        "tide_m": 0.95
      }
    },
    {
      "type": "Feature",
      "geometry": {
        "type": "Point",
        "coordinates": [
          86.05,
          19.87
        ]
      },
      "properties": {
        "station_id": "coast_3",
        "station_name": "Konark / Chandrabhaga",
        "district": "Puri",
        "time_utc": "2019-05-03T17:00:00+00:00",
        "hours_to_landfall": 14.3,
        "local_wind_kmh": 38.6,
        "surge_total_m": 1.22,
        "surge_ib_m": 0.27,
        "surge_wind_m": 0.0,
        "tide_m": 0.95
      }
    },
    {
      "type": "Feature",
      "geometry": {
        "type": "Point",
        "coordinates": [
          86.27,
          19.98
        ]
      },
      "properties": {
        "station_id": "coast_4",
        "station_name": "Astaranga / Devi Estuary",
        "district": "Puri",
        "time_utc": "2019-05-03T17:00:00+00:00",
        "hours_to_landfall": 14.3,
        "local_wind_kmh": 40.3,
        "surge_total_m": 1.22,
        "surge_ib_m": 0.27,
        "surge_wind_m": 0.0,
        "tide_m": 0.95
      }
    },
    {
      "type": "Feature",
      "geometry": {
        "type": "Point",
        "coordinates": [
          86.44,
          20.16
        ]
      },
      "properties": {
        "station_id": "coast_5",
        "station_name": "Ersama Coastal Belt",
        "district": "Jagatsinghpur",
        "time_utc": "2019-05-03T17:00:00+00:00",
        "hours_to_landfall": 14.3,
        "local_wind_kmh": 42.7,
        "surge_total_m": 1.22,
        "surge_ib_m": 0.27,
        "surge_wind_m": 0.0,
        "tide_m": 0.95
      }
    },
    {
      "type": "Feature",
      "geometry": {
        "type": "Point",
        "coordinates": [
          86.67,
          20.29
        ]
      },
      "properties": {
        "station_id": "coast_6",
        "station_name": "Paradip Port",
        "district": "Jagatsinghpur",
        "time_utc": "2019-05-03T17:00:00+00:00",
        "hours_to_landfall": 14.3,
        "local_wind_kmh": 45.1,
        "surge_total_m": 1.22,
        "surge_ib_m": 0.27,
        "surge_wind_m": 0.0,
        "tide_m": 0.95
      }
    },
    {
      "type": "Feature",
      "geometry": {
        "type": "Point",
        "coordinates": [
          86.72,
          20.48
        ]
      },
      "properties": {
        "station_id": "coast_7",
        "station_name": "Mahakalpara / Hukitola",
        "district": "Kendrapara",
        "time_utc": "2019-05-03T17:00:00+00:00",
        "hours_to_landfall": 14.3,
        "local_wind_kmh": 48.0,
        "surge_total_m": 1.22,
        "surge_ib_m": 0.27,
        "surge_wind_m": 0.0,
        "tide_m": 0.95
      }
    },
    {
      "type": "Feature",
      "geometry": {
        "type": "Point",
        "coordinates": [
          86.78,
          20.65
        ]
      },
      "properties": {
        "station_id": "coast_8",
        "station_name": "Rajanagar / Bhitarkanika",
        "district": "Kendrapara",
        "time_utc": "2019-05-03T17:00:00+00:00",
        "hours_to_landfall": 14.3,
        "local_wind_kmh": 51.1,
        "surge_total_m": 1.22,
        "surge_ib_m": 0.27,
        "surge_wind_m": 0.0,
        "tide_m": 0.95
      }
    },
    {
      "type": "Feature",
      "geometry": {
        "type": "Point",
        "coordinates": [
          85.45,
          19.68
        ]
      },
      "properties": {
        "station_id": "coast_0",
        "station_name": "Satapada / Chilika Mouth",
        "district": "Puri",
        "time_utc": "2019-05-03T18:00:00+00:00",
        "hours_to_landfall": 15.3,
        "local_wind_kmh": 33.1,
        "surge_total_m": 0.93,
        "surge_ib_m": 0.26,
        "surge_wind_m": 0.0,
        "tide_m": 0.67
      }
    },
    {
      "type": "Feature",
      "geometry": {
        "type": "Point",
        "coordinates": [
          85.65,
          19.75
        ]
      },
      "properties": {
        "station_id": "coast_1",
        "station_name": "Brahmagiri Coast",
        "district": "Puri",
        "time_utc": "2019-05-03T18:00:00+00:00",
        "hours_to_landfall": 15.3,
        "local_wind_kmh": 34.0,
        "surge_total_m": 0.93,
        "surge_ib_m": 0.26,
        "surge_wind_m": 0.0,
        "tide_m": 0.67
      }
    },
    {
      "type": "Feature",
      "geometry": {
        "type": "Point",
        "coordinates": [
          85.83,
          19.8
        ]
      },
      "properties": {
        "station_id": "coast_2",
        "station_name": "Puri Beach (Landfall Zone)",
        "district": "Puri",
        "time_utc": "2019-05-03T18:00:00+00:00",
        "hours_to_landfall": 15.3,
        "local_wind_kmh": 34.9,
        "surge_total_m": 0.93,
        "surge_ib_m": 0.26,
        "surge_wind_m": 0.0,
        "tide_m": 0.67
      }
    },
    {
      "type": "Feature",
      "geometry": {
        "type": "Point",
        "coordinates": [
          86.05,
          19.87
        ]
      },
      "properties": {
        "station_id": "coast_3",
        "station_name": "Konark / Chandrabhaga",
        "district": "Puri",
        "time_utc": "2019-05-03T18:00:00+00:00",
        "hours_to_landfall": 15.3,
        "local_wind_kmh": 36.0,
        "surge_total_m": 0.93,
        "surge_ib_m": 0.26,
        "surge_wind_m": 0.0,
        "tide_m": 0.67
      }
    },
    {
      "type": "Feature",
      "geometry": {
        "type": "Point",
        "coordinates": [
          86.27,
          19.98
        ]
      },
      "properties": {
        "station_id": "coast_4",
        "station_name": "Astaranga / Devi Estuary",
        "district": "Puri",
        "time_utc": "2019-05-03T18:00:00+00:00",
        "hours_to_landfall": 15.3,
        "local_wind_kmh": 37.5,
        "surge_total_m": 0.93,
        "surge_ib_m": 0.26,
        "surge_wind_m": 0.0,
        "tide_m": 0.67
      }
    },
    {
      "type": "Feature",
      "geometry": {
        "type": "Point",
        "coordinates": [
          86.44,
          20.16
        ]
      },
      "properties": {
        "station_id": "coast_5",
        "station_name": "Ersama Coastal Belt",
        "district": "Jagatsinghpur",
        "time_utc": "2019-05-03T18:00:00+00:00",
        "hours_to_landfall": 15.3,
        "local_wind_kmh": 39.5,
        "surge_total_m": 0.93,
        "surge_ib_m": 0.26,
        "surge_wind_m": 0.0,
        "tide_m": 0.67
      }
    },
    {
      "type": "Feature",
      "geometry": {
        "type": "Point",
        "coordinates": [
          86.67,
          20.29
        ]
      },
      "properties": {
        "station_id": "coast_6",
        "station_name": "Paradip Port",
        "district": "Jagatsinghpur",
        "time_utc": "2019-05-03T18:00:00+00:00",
        "hours_to_landfall": 15.3,
        "local_wind_kmh": 41.6,
        "surge_total_m": 0.93,
        "surge_ib_m": 0.26,
        "surge_wind_m": 0.0,
        "tide_m": 0.67
      }
    },
    {
      "type": "Feature",
      "geometry": {
        "type": "Point",
        "coordinates": [
          86.72,
          20.48
        ]
      },
      "properties": {
        "station_id": "coast_7",
        "station_name": "Mahakalpara / Hukitola",
        "district": "Kendrapara",
        "time_utc": "2019-05-03T18:00:00+00:00",
        "hours_to_landfall": 15.3,
        "local_wind_kmh": 43.9,
        "surge_total_m": 0.93,
        "surge_ib_m": 0.26,
        "surge_wind_m": 0.0,
        "tide_m": 0.67
      }
    },
    {
      "type": "Feature",
      "geometry": {
        "type": "Point",
        "coordinates": [
          86.78,
          20.65
        ]
      },
      "properties": {
        "station_id": "coast_8",
        "station_name": "Rajanagar / Bhitarkanika",
        "district": "Kendrapara",
        "time_utc": "2019-05-03T18:00:00+00:00",
        "hours_to_landfall": 15.3,
        "local_wind_kmh": 46.5,
        "surge_total_m": 0.93,
        "surge_ib_m": 0.26,
        "surge_wind_m": 0.0,
        "tide_m": 0.67
      }
    },
    {
      "type": "Feature",
      "geometry": {
        "type": "Point",
        "coordinates": [
          85.45,
          19.68
        ]
      },
      "properties": {
        "station_id": "coast_0",
        "station_name": "Satapada / Chilika Mouth",
        "district": "Puri",
        "time_utc": "2019-05-03T19:00:00+00:00",
        "hours_to_landfall": 16.3,
        "local_wind_kmh": 30.9,
        "surge_total_m": 0.63,
        "surge_ib_m": 0.26,
        "surge_wind_m": 0.0,
        "tide_m": 0.37
      }
    },
    {
      "type": "Feature",
      "geometry": {
        "type": "Point",
        "coordinates": [
          85.65,
          19.75
        ]
      },
      "properties": {
        "station_id": "coast_1",
        "station_name": "Brahmagiri Coast",
        "district": "Puri",
        "time_utc": "2019-05-03T19:00:00+00:00",
        "hours_to_landfall": 16.3,
        "local_wind_kmh": 31.8,
        "surge_total_m": 0.63,
        "surge_ib_m": 0.26,
        "surge_wind_m": 0.0,
        "tide_m": 0.37
      }
    },
    {
      "type": "Feature",
      "geometry": {
        "type": "Point",
        "coordinates": [
          85.83,
          19.8
        ]
      },
      "properties": {
        "station_id": "coast_2",
        "station_name": "Puri Beach (Landfall Zone)",
        "district": "Puri",
        "time_utc": "2019-05-03T19:00:00+00:00",
        "hours_to_landfall": 16.3,
        "local_wind_kmh": 32.5,
        "surge_total_m": 0.63,
        "surge_ib_m": 0.26,
        "surge_wind_m": 0.0,
        "tide_m": 0.37
      }
    },
    {
      "type": "Feature",
      "geometry": {
        "type": "Point",
        "coordinates": [
          86.05,
          19.87
        ]
      },
      "properties": {
        "station_id": "coast_3",
        "station_name": "Konark / Chandrabhaga",
        "district": "Puri",
        "time_utc": "2019-05-03T19:00:00+00:00",
        "hours_to_landfall": 16.3,
        "local_wind_kmh": 33.5,
        "surge_total_m": 0.63,
        "surge_ib_m": 0.26,
        "surge_wind_m": 0.0,
        "tide_m": 0.37
      }
    },
    {
      "type": "Feature",
      "geometry": {
        "type": "Point",
        "coordinates": [
          86.27,
          19.98
        ]
      },
      "properties": {
        "station_id": "coast_4",
        "station_name": "Astaranga / Devi Estuary",
        "district": "Puri",
        "time_utc": "2019-05-03T19:00:00+00:00",
        "hours_to_landfall": 16.3,
        "local_wind_kmh": 34.7,
        "surge_total_m": 0.63,
        "surge_ib_m": 0.26,
        "surge_wind_m": 0.0,
        "tide_m": 0.37
      }
    },
    {
      "type": "Feature",
      "geometry": {
        "type": "Point",
        "coordinates": [
          86.44,
          20.16
        ]
      },
      "properties": {
        "station_id": "coast_5",
        "station_name": "Ersama Coastal Belt",
        "district": "Jagatsinghpur",
        "time_utc": "2019-05-03T19:00:00+00:00",
        "hours_to_landfall": 16.3,
        "local_wind_kmh": 36.4,
        "surge_total_m": 0.63,
        "surge_ib_m": 0.26,
        "surge_wind_m": 0.0,
        "tide_m": 0.37
      }
    },
    {
      "type": "Feature",
      "geometry": {
        "type": "Point",
        "coordinates": [
          86.67,
          20.29
        ]
      },
      "properties": {
        "station_id": "coast_6",
        "station_name": "Paradip Port",
        "district": "Jagatsinghpur",
        "time_utc": "2019-05-03T19:00:00+00:00",
        "hours_to_landfall": 16.3,
        "local_wind_kmh": 38.2,
        "surge_total_m": 0.63,
        "surge_ib_m": 0.26,
        "surge_wind_m": 0.0,
        "tide_m": 0.37
      }
    },
    {
      "type": "Feature",
      "geometry": {
        "type": "Point",
        "coordinates": [
          86.72,
          20.48
        ]
      },
      "properties": {
        "station_id": "coast_7",
        "station_name": "Mahakalpara / Hukitola",
        "district": "Kendrapara",
        "time_utc": "2019-05-03T19:00:00+00:00",
        "hours_to_landfall": 16.3,
        "local_wind_kmh": 40.0,
        "surge_total_m": 0.63,
        "surge_ib_m": 0.26,
        "surge_wind_m": 0.0,
        "tide_m": 0.37
      }
    },
    {
      "type": "Feature",
      "geometry": {
        "type": "Point",
        "coordinates": [
          86.78,
          20.65
        ]
      },
      "properties": {
        "station_id": "coast_8",
        "station_name": "Rajanagar / Bhitarkanika",
        "district": "Kendrapara",
        "time_utc": "2019-05-03T19:00:00+00:00",
        "hours_to_landfall": 16.3,
        "local_wind_kmh": 42.0,
        "surge_total_m": 0.63,
        "surge_ib_m": 0.26,
        "surge_wind_m": 0.0,
        "tide_m": 0.37
      }
    },
    {
      "type": "Feature",
      "geometry": {
        "type": "Point",
        "coordinates": [
          85.45,
          19.68
        ]
      },
      "properties": {
        "station_id": "coast_0",
        "station_name": "Satapada / Chilika Mouth",
        "district": "Puri",
        "time_utc": "2019-05-03T20:00:00+00:00",
        "hours_to_landfall": 17.3,
        "local_wind_kmh": 28.8,
        "surge_total_m": 0.38,
        "surge_ib_m": 0.25,
        "surge_wind_m": 0.0,
        "tide_m": 0.13
      }
    },
    {
      "type": "Feature",
      "geometry": {
        "type": "Point",
        "coordinates": [
          85.65,
          19.75
        ]
      },
      "properties": {
        "station_id": "coast_1",
        "station_name": "Brahmagiri Coast",
        "district": "Puri",
        "time_utc": "2019-05-03T20:00:00+00:00",
        "hours_to_landfall": 17.3,
        "local_wind_kmh": 29.5,
        "surge_total_m": 0.38,
        "surge_ib_m": 0.25,
        "surge_wind_m": 0.0,
        "tide_m": 0.13
      }
    },
    {
      "type": "Feature",
      "geometry": {
        "type": "Point",
        "coordinates": [
          85.83,
          19.8
        ]
      },
      "properties": {
        "station_id": "coast_2",
        "station_name": "Puri Beach (Landfall Zone)",
        "district": "Puri",
        "time_utc": "2019-05-03T20:00:00+00:00",
        "hours_to_landfall": 17.3,
        "local_wind_kmh": 30.1,
        "surge_total_m": 0.38,
        "surge_ib_m": 0.25,
        "surge_wind_m": 0.0,
        "tide_m": 0.13
      }
    },
    {
      "type": "Feature",
      "geometry": {
        "type": "Point",
        "coordinates": [
          86.05,
          19.87
        ]
      },
      "properties": {
        "station_id": "coast_3",
        "station_name": "Konark / Chandrabhaga",
        "district": "Puri",
        "time_utc": "2019-05-03T20:00:00+00:00",
        "hours_to_landfall": 17.3,
        "local_wind_kmh": 30.9,
        "surge_total_m": 0.38,
        "surge_ib_m": 0.25,
        "surge_wind_m": 0.0,
        "tide_m": 0.13
      }
    },
    {
      "type": "Feature",
      "geometry": {
        "type": "Point",
        "coordinates": [
          86.27,
          19.98
        ]
      },
      "properties": {
        "station_id": "coast_4",
        "station_name": "Astaranga / Devi Estuary",
        "district": "Puri",
        "time_utc": "2019-05-03T20:00:00+00:00",
        "hours_to_landfall": 17.3,
        "local_wind_kmh": 32.0,
        "surge_total_m": 0.38,
        "surge_ib_m": 0.25,
        "surge_wind_m": 0.0,
        "tide_m": 0.13
      }
    },
    {
      "type": "Feature",
      "geometry": {
        "type": "Point",
        "coordinates": [
          86.44,
          20.16
        ]
      },
      "properties": {
        "station_id": "coast_5",
        "station_name": "Ersama Coastal Belt",
        "district": "Jagatsinghpur",
        "time_utc": "2019-05-03T20:00:00+00:00",
        "hours_to_landfall": 17.3,
        "local_wind_kmh": 33.4,
        "surge_total_m": 0.38,
        "surge_ib_m": 0.25,
        "surge_wind_m": 0.0,
        "tide_m": 0.13
      }
    },
    {
      "type": "Feature",
      "geometry": {
        "type": "Point",
        "coordinates": [
          86.67,
          20.29
        ]
      },
      "properties": {
        "station_id": "coast_6",
        "station_name": "Paradip Port",
        "district": "Jagatsinghpur",
        "time_utc": "2019-05-03T20:00:00+00:00",
        "hours_to_landfall": 17.3,
        "local_wind_kmh": 34.9,
        "surge_total_m": 0.38,
        "surge_ib_m": 0.25,
        "surge_wind_m": 0.0,
        "tide_m": 0.13
      }
    },
    {
      "type": "Feature",
      "geometry": {
        "type": "Point",
        "coordinates": [
          86.72,
          20.48
        ]
      },
      "properties": {
        "station_id": "coast_7",
        "station_name": "Mahakalpara / Hukitola",
        "district": "Kendrapara",
        "time_utc": "2019-05-03T20:00:00+00:00",
        "hours_to_landfall": 17.3,
        "local_wind_kmh": 36.4,
        "surge_total_m": 0.38,
        "surge_ib_m": 0.25,
        "surge_wind_m": 0.0,
        "tide_m": 0.13
      }
    },
    {
      "type": "Feature",
      "geometry": {
        "type": "Point",
        "coordinates": [
          86.78,
          20.65
        ]
      },
      "properties": {
        "station_id": "coast_8",
        "station_name": "Rajanagar / Bhitarkanika",
        "district": "Kendrapara",
        "time_utc": "2019-05-03T20:00:00+00:00",
        "hours_to_landfall": 17.3,
        "local_wind_kmh": 37.9,
        "surge_total_m": 0.38,
        "surge_ib_m": 0.25,
        "surge_wind_m": 0.0,
        "tide_m": 0.13
      }
    },
    {
      "type": "Feature",
      "geometry": {
        "type": "Point",
        "coordinates": [
          85.45,
          19.68
        ]
      },
      "properties": {
        "station_id": "coast_0",
        "station_name": "Satapada / Chilika Mouth",
        "district": "Puri",
        "time_utc": "2019-05-03T21:00:00+00:00",
        "hours_to_landfall": 18.3,
        "local_wind_kmh": 26.5,
        "surge_total_m": 0.25,
        "surge_ib_m": 0.24,
        "surge_wind_m": 0.0,
        "tide_m": 0.01
      }
    },
    {
      "type": "Feature",
      "geometry": {
        "type": "Point",
        "coordinates": [
          85.65,
          19.75
        ]
      },
      "properties": {
        "station_id": "coast_1",
        "station_name": "Brahmagiri Coast",
        "district": "Puri",
        "time_utc": "2019-05-03T21:00:00+00:00",
        "hours_to_landfall": 18.3,
        "local_wind_kmh": 27.1,
        "surge_total_m": 0.25,
        "surge_ib_m": 0.24,
        "surge_wind_m": 0.0,
        "tide_m": 0.01
      }
    },
    {
      "type": "Feature",
      "geometry": {
        "type": "Point",
        "coordinates": [
          85.83,
          19.8
        ]
      },
      "properties": {
        "station_id": "coast_2",
        "station_name": "Puri Beach (Landfall Zone)",
        "district": "Puri",
        "time_utc": "2019-05-03T21:00:00+00:00",
        "hours_to_landfall": 18.3,
        "local_wind_kmh": 27.7,
        "surge_total_m": 0.25,
        "surge_ib_m": 0.24,
        "surge_wind_m": 0.0,
        "tide_m": 0.01
      }
    },
    {
      "type": "Feature",
      "geometry": {
        "type": "Point",
        "coordinates": [
          86.05,
          19.87
        ]
      },
      "properties": {
        "station_id": "coast_3",
        "station_name": "Konark / Chandrabhaga",
        "district": "Puri",
        "time_utc": "2019-05-03T21:00:00+00:00",
        "hours_to_landfall": 18.3,
        "local_wind_kmh": 28.4,
        "surge_total_m": 0.25,
        "surge_ib_m": 0.24,
        "surge_wind_m": 0.0,
        "tide_m": 0.01
      }
    },
    {
      "type": "Feature",
      "geometry": {
        "type": "Point",
        "coordinates": [
          86.27,
          19.98
        ]
      },
      "properties": {
        "station_id": "coast_4",
        "station_name": "Astaranga / Devi Estuary",
        "district": "Puri",
        "time_utc": "2019-05-03T21:00:00+00:00",
        "hours_to_landfall": 18.3,
        "local_wind_kmh": 29.3,
        "surge_total_m": 0.25,
        "surge_ib_m": 0.24,
        "surge_wind_m": 0.0,
        "tide_m": 0.01
      }
    },
    {
      "type": "Feature",
      "geometry": {
        "type": "Point",
        "coordinates": [
          86.44,
          20.16
        ]
      },
      "properties": {
        "station_id": "coast_5",
        "station_name": "Ersama Coastal Belt",
        "district": "Jagatsinghpur",
        "time_utc": "2019-05-03T21:00:00+00:00",
        "hours_to_landfall": 18.3,
        "local_wind_kmh": 30.5,
        "surge_total_m": 0.25,
        "surge_ib_m": 0.24,
        "surge_wind_m": 0.0,
        "tide_m": 0.01
      }
    },
    {
      "type": "Feature",
      "geometry": {
        "type": "Point",
        "coordinates": [
          86.67,
          20.29
        ]
      },
      "properties": {
        "station_id": "coast_6",
        "station_name": "Paradip Port",
        "district": "Jagatsinghpur",
        "time_utc": "2019-05-03T21:00:00+00:00",
        "hours_to_landfall": 18.3,
        "local_wind_kmh": 31.7,
        "surge_total_m": 0.25,
        "surge_ib_m": 0.24,
        "surge_wind_m": 0.0,
        "tide_m": 0.01
      }
    },
    {
      "type": "Feature",
      "geometry": {
        "type": "Point",
        "coordinates": [
          86.72,
          20.48
        ]
      },
      "properties": {
        "station_id": "coast_7",
        "station_name": "Mahakalpara / Hukitola",
        "district": "Kendrapara",
        "time_utc": "2019-05-03T21:00:00+00:00",
        "hours_to_landfall": 18.3,
        "local_wind_kmh": 32.9,
        "surge_total_m": 0.25,
        "surge_ib_m": 0.24,
        "surge_wind_m": 0.0,
        "tide_m": 0.01
      }
    },
    {
      "type": "Feature",
      "geometry": {
        "type": "Point",
        "coordinates": [
          86.78,
          20.65
        ]
      },
      "properties": {
        "station_id": "coast_8",
        "station_name": "Rajanagar / Bhitarkanika",
        "district": "Kendrapara",
        "time_utc": "2019-05-03T21:00:00+00:00",
        "hours_to_landfall": 18.3,
        "local_wind_kmh": 34.1,
        "surge_total_m": 0.25,
        "surge_ib_m": 0.24,
        "surge_wind_m": 0.0,
        "tide_m": 0.01
      }
    },
    {
      "type": "Feature",
      "geometry": {
        "type": "Point",
        "coordinates": [
          85.45,
          19.68
        ]
      },
      "properties": {
        "station_id": "coast_0",
        "station_name": "Satapada / Chilika Mouth",
        "district": "Puri",
        "time_utc": "2019-05-03T22:00:00+00:00",
        "hours_to_landfall": 19.3,
        "local_wind_kmh": 24.1,
        "surge_total_m": 0.25,
        "surge_ib_m": 0.21,
        "surge_wind_m": 0.0,
        "tide_m": 0.03
      }
    },
    {
      "type": "Feature",
      "geometry": {
        "type": "Point",
        "coordinates": [
          85.65,
          19.75
        ]
      },
      "properties": {
        "station_id": "coast_1",
        "station_name": "Brahmagiri Coast",
        "district": "Puri",
        "time_utc": "2019-05-03T22:00:00+00:00",
        "hours_to_landfall": 19.3,
        "local_wind_kmh": 24.6,
        "surge_total_m": 0.25,
        "surge_ib_m": 0.21,
        "surge_wind_m": 0.0,
        "tide_m": 0.03
      }
    },
    {
      "type": "Feature",
      "geometry": {
        "type": "Point",
        "coordinates": [
          85.83,
          19.8
        ]
      },
      "properties": {
        "station_id": "coast_2",
        "station_name": "Puri Beach (Landfall Zone)",
        "district": "Puri",
        "time_utc": "2019-05-03T22:00:00+00:00",
        "hours_to_landfall": 19.3,
        "local_wind_kmh": 25.1,
        "surge_total_m": 0.25,
        "surge_ib_m": 0.21,
        "surge_wind_m": 0.0,
        "tide_m": 0.03
      }
    },
    {
      "type": "Feature",
      "geometry": {
        "type": "Point",
        "coordinates": [
          86.05,
          19.87
        ]
      },
      "properties": {
        "station_id": "coast_3",
        "station_name": "Konark / Chandrabhaga",
        "district": "Puri",
        "time_utc": "2019-05-03T22:00:00+00:00",
        "hours_to_landfall": 19.3,
        "local_wind_kmh": 25.7,
        "surge_total_m": 0.25,
        "surge_ib_m": 0.21,
        "surge_wind_m": 0.0,
        "tide_m": 0.03
      }
    },
    {
      "type": "Feature",
      "geometry": {
        "type": "Point",
        "coordinates": [
          86.27,
          19.98
        ]
      },
      "properties": {
        "station_id": "coast_4",
        "station_name": "Astaranga / Devi Estuary",
        "district": "Puri",
        "time_utc": "2019-05-03T22:00:00+00:00",
        "hours_to_landfall": 19.3,
        "local_wind_kmh": 26.5,
        "surge_total_m": 0.25,
        "surge_ib_m": 0.21,
        "surge_wind_m": 0.0,
        "tide_m": 0.03
      }
    },
    {
      "type": "Feature",
      "geometry": {
        "type": "Point",
        "coordinates": [
          86.44,
          20.16
        ]
      },
      "properties": {
        "station_id": "coast_5",
        "station_name": "Ersama Coastal Belt",
        "district": "Jagatsinghpur",
        "time_utc": "2019-05-03T22:00:00+00:00",
        "hours_to_landfall": 19.3,
        "local_wind_kmh": 27.4,
        "surge_total_m": 0.25,
        "surge_ib_m": 0.21,
        "surge_wind_m": 0.0,
        "tide_m": 0.03
      }
    },
    {
      "type": "Feature",
      "geometry": {
        "type": "Point",
        "coordinates": [
          86.67,
          20.29
        ]
      },
      "properties": {
        "station_id": "coast_6",
        "station_name": "Paradip Port",
        "district": "Jagatsinghpur",
        "time_utc": "2019-05-03T22:00:00+00:00",
        "hours_to_landfall": 19.3,
        "local_wind_kmh": 28.5,
        "surge_total_m": 0.25,
        "surge_ib_m": 0.21,
        "surge_wind_m": 0.0,
        "tide_m": 0.03
      }
    },
    {
      "type": "Feature",
      "geometry": {
        "type": "Point",
        "coordinates": [
          86.72,
          20.48
        ]
      },
      "properties": {
        "station_id": "coast_7",
        "station_name": "Mahakalpara / Hukitola",
        "district": "Kendrapara",
        "time_utc": "2019-05-03T22:00:00+00:00",
        "hours_to_landfall": 19.3,
        "local_wind_kmh": 29.4,
        "surge_total_m": 0.25,
        "surge_ib_m": 0.21,
        "surge_wind_m": 0.0,
        "tide_m": 0.03
      }
    },
    {
      "type": "Feature",
      "geometry": {
        "type": "Point",
        "coordinates": [
          86.78,
          20.65
        ]
      },
      "properties": {
        "station_id": "coast_8",
        "station_name": "Rajanagar / Bhitarkanika",
        "district": "Kendrapara",
        "time_utc": "2019-05-03T22:00:00+00:00",
        "hours_to_landfall": 19.3,
        "local_wind_kmh": 30.4,
        "surge_total_m": 0.25,
        "surge_ib_m": 0.21,
        "surge_wind_m": 0.0,
        "tide_m": 0.03
      }
    },
    {
      "type": "Feature",
      "geometry": {
        "type": "Point",
        "coordinates": [
          85.45,
          19.68
        ]
      },
      "properties": {
        "station_id": "coast_0",
        "station_name": "Satapada / Chilika Mouth",
        "district": "Puri",
        "time_utc": "2019-05-03T23:00:00+00:00",
        "hours_to_landfall": 20.3,
        "local_wind_kmh": 21.7,
        "surge_total_m": 0.39,
        "surge_ib_m": 0.18,
        "surge_wind_m": 0.0,
        "tide_m": 0.2
      }
    },
    {
      "type": "Feature",
      "geometry": {
        "type": "Point",
        "coordinates": [
          85.65,
          19.75
        ]
      },
      "properties": {
        "station_id": "coast_1",
        "station_name": "Brahmagiri Coast",
        "district": "Puri",
        "time_utc": "2019-05-03T23:00:00+00:00",
        "hours_to_landfall": 20.3,
        "local_wind_kmh": 22.2,
        "surge_total_m": 0.39,
        "surge_ib_m": 0.18,
        "surge_wind_m": 0.0,
        "tide_m": 0.2
      }
    },
    {
      "type": "Feature",
      "geometry": {
        "type": "Point",
        "coordinates": [
          85.83,
          19.8
        ]
      },
      "properties": {
        "station_id": "coast_2",
        "station_name": "Puri Beach (Landfall Zone)",
        "district": "Puri",
        "time_utc": "2019-05-03T23:00:00+00:00",
        "hours_to_landfall": 20.3,
        "local_wind_kmh": 22.6,
        "surge_total_m": 0.39,
        "surge_ib_m": 0.18,
        "surge_wind_m": 0.0,
        "tide_m": 0.2
      }
    },
    {
      "type": "Feature",
      "geometry": {
        "type": "Point",
        "coordinates": [
          86.05,
          19.87
        ]
      },
      "properties": {
        "station_id": "coast_3",
        "station_name": "Konark / Chandrabhaga",
        "district": "Puri",
        "time_utc": "2019-05-03T23:00:00+00:00",
        "hours_to_landfall": 20.3,
        "local_wind_kmh": 23.1,
        "surge_total_m": 0.39,
        "surge_ib_m": 0.18,
        "surge_wind_m": 0.0,
        "tide_m": 0.2
      }
    },
    {
      "type": "Feature",
      "geometry": {
        "type": "Point",
        "coordinates": [
          86.27,
          19.98
        ]
      },
      "properties": {
        "station_id": "coast_4",
        "station_name": "Astaranga / Devi Estuary",
        "district": "Puri",
        "time_utc": "2019-05-03T23:00:00+00:00",
        "hours_to_landfall": 20.3,
        "local_wind_kmh": 23.7,
        "surge_total_m": 0.39,
        "surge_ib_m": 0.18,
        "surge_wind_m": 0.0,
        "tide_m": 0.2
      }
    },
    {
      "type": "Feature",
      "geometry": {
        "type": "Point",
        "coordinates": [
          86.44,
          20.16
        ]
      },
      "properties": {
        "station_id": "coast_5",
        "station_name": "Ersama Coastal Belt",
        "district": "Jagatsinghpur",
        "time_utc": "2019-05-03T23:00:00+00:00",
        "hours_to_landfall": 20.3,
        "local_wind_kmh": 24.5,
        "surge_total_m": 0.39,
        "surge_ib_m": 0.18,
        "surge_wind_m": 0.0,
        "tide_m": 0.2
      }
    },
    {
      "type": "Feature",
      "geometry": {
        "type": "Point",
        "coordinates": [
          86.67,
          20.29
        ]
      },
      "properties": {
        "station_id": "coast_6",
        "station_name": "Paradip Port",
        "district": "Jagatsinghpur",
        "time_utc": "2019-05-03T23:00:00+00:00",
        "hours_to_landfall": 20.3,
        "local_wind_kmh": 25.4,
        "surge_total_m": 0.39,
        "surge_ib_m": 0.18,
        "surge_wind_m": 0.0,
        "tide_m": 0.2
      }
    },
    {
      "type": "Feature",
      "geometry": {
        "type": "Point",
        "coordinates": [
          86.72,
          20.48
        ]
      },
      "properties": {
        "station_id": "coast_7",
        "station_name": "Mahakalpara / Hukitola",
        "district": "Kendrapara",
        "time_utc": "2019-05-03T23:00:00+00:00",
        "hours_to_landfall": 20.3,
        "local_wind_kmh": 26.2,
        "surge_total_m": 0.39,
        "surge_ib_m": 0.18,
        "surge_wind_m": 0.0,
        "tide_m": 0.2
      }
    },
    {
      "type": "Feature",
      "geometry": {
        "type": "Point",
        "coordinates": [
          86.78,
          20.65
        ]
      },
      "properties": {
        "station_id": "coast_8",
        "station_name": "Rajanagar / Bhitarkanika",
        "district": "Kendrapara",
        "time_utc": "2019-05-03T23:00:00+00:00",
        "hours_to_landfall": 20.3,
        "local_wind_kmh": 27.0,
        "surge_total_m": 0.39,
        "surge_ib_m": 0.18,
        "surge_wind_m": 0.0,
        "tide_m": 0.2
      }
    },
    {
      "type": "Feature",
      "geometry": {
        "type": "Point",
        "coordinates": [
          85.45,
          19.68
        ]
      },
      "properties": {
        "station_id": "coast_0",
        "station_name": "Satapada / Chilika Mouth",
        "district": "Puri",
        "time_utc": "2019-05-04T00:00:00+00:00",
        "hours_to_landfall": 21.3,
        "local_wind_kmh": 19.6,
        "surge_total_m": 0.63,
        "surge_ib_m": 0.16,
        "surge_wind_m": 0.0,
        "tide_m": 0.47
      }
    },
    {
      "type": "Feature",
      "geometry": {
        "type": "Point",
        "coordinates": [
          85.65,
          19.75
        ]
      },
      "properties": {
        "station_id": "coast_1",
        "station_name": "Brahmagiri Coast",
        "district": "Puri",
        "time_utc": "2019-05-04T00:00:00+00:00",
        "hours_to_landfall": 21.3,
        "local_wind_kmh": 19.9,
        "surge_total_m": 0.63,
        "surge_ib_m": 0.16,
        "surge_wind_m": 0.0,
        "tide_m": 0.47
      }
    },
    {
      "type": "Feature",
      "geometry": {
        "type": "Point",
        "coordinates": [
          85.83,
          19.8
        ]
      },
      "properties": {
        "station_id": "coast_2",
        "station_name": "Puri Beach (Landfall Zone)",
        "district": "Puri",
        "time_utc": "2019-05-04T00:00:00+00:00",
        "hours_to_landfall": 21.3,
        "local_wind_kmh": 20.3,
        "surge_total_m": 0.63,
        "surge_ib_m": 0.16,
        "surge_wind_m": 0.0,
        "tide_m": 0.47
      }
    },
    {
      "type": "Feature",
      "geometry": {
        "type": "Point",
        "coordinates": [
          86.05,
          19.87
        ]
      },
      "properties": {
        "station_id": "coast_3",
        "station_name": "Konark / Chandrabhaga",
        "district": "Puri",
        "time_utc": "2019-05-04T00:00:00+00:00",
        "hours_to_landfall": 21.3,
        "local_wind_kmh": 20.7,
        "surge_total_m": 0.63,
        "surge_ib_m": 0.16,
        "surge_wind_m": 0.0,
        "tide_m": 0.47
      }
    },
    {
      "type": "Feature",
      "geometry": {
        "type": "Point",
        "coordinates": [
          86.27,
          19.98
        ]
      },
      "properties": {
        "station_id": "coast_4",
        "station_name": "Astaranga / Devi Estuary",
        "district": "Puri",
        "time_utc": "2019-05-04T00:00:00+00:00",
        "hours_to_landfall": 21.3,
        "local_wind_kmh": 21.2,
        "surge_total_m": 0.63,
        "surge_ib_m": 0.16,
        "surge_wind_m": 0.0,
        "tide_m": 0.47
      }
    },
    {
      "type": "Feature",
      "geometry": {
        "type": "Point",
        "coordinates": [
          86.44,
          20.16
        ]
      },
      "properties": {
        "station_id": "coast_5",
        "station_name": "Ersama Coastal Belt",
        "district": "Jagatsinghpur",
        "time_utc": "2019-05-04T00:00:00+00:00",
        "hours_to_landfall": 21.3,
        "local_wind_kmh": 21.9,
        "surge_total_m": 0.63,
        "surge_ib_m": 0.16,
        "surge_wind_m": 0.0,
        "tide_m": 0.47
      }
    },
    {
      "type": "Feature",
      "geometry": {
        "type": "Point",
        "coordinates": [
          86.67,
          20.29
        ]
      },
      "properties": {
        "station_id": "coast_6",
        "station_name": "Paradip Port",
        "district": "Jagatsinghpur",
        "time_utc": "2019-05-04T00:00:00+00:00",
        "hours_to_landfall": 21.3,
        "local_wind_kmh": 22.6,
        "surge_total_m": 0.63,
        "surge_ib_m": 0.16,
        "surge_wind_m": 0.0,
        "tide_m": 0.47
      }
    },
    {
      "type": "Feature",
      "geometry": {
        "type": "Point",
        "coordinates": [
          86.72,
          20.48
        ]
      },
      "properties": {
        "station_id": "coast_7",
        "station_name": "Mahakalpara / Hukitola",
        "district": "Kendrapara",
        "time_utc": "2019-05-04T00:00:00+00:00",
        "hours_to_landfall": 21.3,
        "local_wind_kmh": 23.3,
        "surge_total_m": 0.63,
        "surge_ib_m": 0.16,
        "surge_wind_m": 0.0,
        "tide_m": 0.47
      }
    },
    {
      "type": "Feature",
      "geometry": {
        "type": "Point",
        "coordinates": [
          86.78,
          20.65
        ]
      },
      "properties": {
        "station_id": "coast_8",
        "station_name": "Rajanagar / Bhitarkanika",
        "district": "Kendrapara",
        "time_utc": "2019-05-04T00:00:00+00:00",
        "hours_to_landfall": 21.3,
        "local_wind_kmh": 24.0,
        "surge_total_m": 0.63,
        "surge_ib_m": 0.16,
        "surge_wind_m": 0.0,
        "tide_m": 0.47
      }
    },
    {
      "type": "Feature",
      "geometry": {
        "type": "Point",
        "coordinates": [
          85.45,
          19.68
        ]
      },
      "properties": {
        "station_id": "coast_0",
        "station_name": "Satapada / Chilika Mouth",
        "district": "Puri",
        "time_utc": "2019-05-04T01:00:00+00:00",
        "hours_to_landfall": 22.3,
        "local_wind_kmh": 17.7,
        "surge_total_m": 0.92,
        "surge_ib_m": 0.15,
        "surge_wind_m": 0.0,
        "tide_m": 0.77
      }
    },
    {
      "type": "Feature",
      "geometry": {
        "type": "Point",
        "coordinates": [
          85.65,
          19.75
        ]
      },
      "properties": {
        "station_id": "coast_1",
        "station_name": "Brahmagiri Coast",
        "district": "Puri",
        "time_utc": "2019-05-04T01:00:00+00:00",
        "hours_to_landfall": 22.3,
        "local_wind_kmh": 18.0,
        "surge_total_m": 0.92,
        "surge_ib_m": 0.15,
        "surge_wind_m": 0.0,
        "tide_m": 0.77
      }
    },
    {
      "type": "Feature",
      "geometry": {
        "type": "Point",
        "coordinates": [
          85.83,
          19.8
        ]
      },
      "properties": {
        "station_id": "coast_2",
        "station_name": "Puri Beach (Landfall Zone)",
        "district": "Puri",
        "time_utc": "2019-05-04T01:00:00+00:00",
        "hours_to_landfall": 22.3,
        "local_wind_kmh": 18.3,
        "surge_total_m": 0.92,
        "surge_ib_m": 0.15,
        "surge_wind_m": 0.0,
        "tide_m": 0.77
      }
    },
    {
      "type": "Feature",
      "geometry": {
        "type": "Point",
        "coordinates": [
          86.05,
          19.87
        ]
      },
      "properties": {
        "station_id": "coast_3",
        "station_name": "Konark / Chandrabhaga",
        "district": "Puri",
        "time_utc": "2019-05-04T01:00:00+00:00",
        "hours_to_landfall": 22.3,
        "local_wind_kmh": 18.7,
        "surge_total_m": 0.92,
        "surge_ib_m": 0.15,
        "surge_wind_m": 0.0,
        "tide_m": 0.77
      }
    },
    {
      "type": "Feature",
      "geometry": {
        "type": "Point",
        "coordinates": [
          86.27,
          19.98
        ]
      },
      "properties": {
        "station_id": "coast_4",
        "station_name": "Astaranga / Devi Estuary",
        "district": "Puri",
        "time_utc": "2019-05-04T01:00:00+00:00",
        "hours_to_landfall": 22.3,
        "local_wind_kmh": 19.1,
        "surge_total_m": 0.92,
        "surge_ib_m": 0.15,
        "surge_wind_m": 0.0,
        "tide_m": 0.77
      }
    },
    {
      "type": "Feature",
      "geometry": {
        "type": "Point",
        "coordinates": [
          86.44,
          20.16
        ]
      },
      "properties": {
        "station_id": "coast_5",
        "station_name": "Ersama Coastal Belt",
        "district": "Jagatsinghpur",
        "time_utc": "2019-05-04T01:00:00+00:00",
        "hours_to_landfall": 22.3,
        "local_wind_kmh": 19.7,
        "surge_total_m": 0.92,
        "surge_ib_m": 0.15,
        "surge_wind_m": 0.0,
        "tide_m": 0.77
      }
    },
    {
      "type": "Feature",
      "geometry": {
        "type": "Point",
        "coordinates": [
          86.67,
          20.29
        ]
      },
      "properties": {
        "station_id": "coast_6",
        "station_name": "Paradip Port",
        "district": "Jagatsinghpur",
        "time_utc": "2019-05-04T01:00:00+00:00",
        "hours_to_landfall": 22.3,
        "local_wind_kmh": 20.3,
        "surge_total_m": 0.92,
        "surge_ib_m": 0.15,
        "surge_wind_m": 0.0,
        "tide_m": 0.77
      }
    },
    {
      "type": "Feature",
      "geometry": {
        "type": "Point",
        "coordinates": [
          86.72,
          20.48
        ]
      },
      "properties": {
        "station_id": "coast_7",
        "station_name": "Mahakalpara / Hukitola",
        "district": "Kendrapara",
        "time_utc": "2019-05-04T01:00:00+00:00",
        "hours_to_landfall": 22.3,
        "local_wind_kmh": 20.9,
        "surge_total_m": 0.92,
        "surge_ib_m": 0.15,
        "surge_wind_m": 0.0,
        "tide_m": 0.77
      }
    },
    {
      "type": "Feature",
      "geometry": {
        "type": "Point",
        "coordinates": [
          86.78,
          20.65
        ]
      },
      "properties": {
        "station_id": "coast_8",
        "station_name": "Rajanagar / Bhitarkanika",
        "district": "Kendrapara",
        "time_utc": "2019-05-04T01:00:00+00:00",
        "hours_to_landfall": 22.3,
        "local_wind_kmh": 21.4,
        "surge_total_m": 0.92,
        "surge_ib_m": 0.15,
        "surge_wind_m": 0.0,
        "tide_m": 0.77
      }
    },
    {
      "type": "Feature",
      "geometry": {
        "type": "Point",
        "coordinates": [
          85.45,
          19.68
        ]
      },
      "properties": {
        "station_id": "coast_0",
        "station_name": "Satapada / Chilika Mouth",
        "district": "Puri",
        "time_utc": "2019-05-04T02:00:00+00:00",
        "hours_to_landfall": 23.3,
        "local_wind_kmh": 15.8,
        "surge_total_m": 1.18,
        "surge_ib_m": 0.15,
        "surge_wind_m": 0.0,
        "tide_m": 1.03
      }
    },
    {
      "type": "Feature",
      "geometry": {
        "type": "Point",
        "coordinates": [
          85.65,
          19.75
        ]
      },
      "properties": {
        "station_id": "coast_1",
        "station_name": "Brahmagiri Coast",
        "district": "Puri",
        "time_utc": "2019-05-04T02:00:00+00:00",
        "hours_to_landfall": 23.3,
        "local_wind_kmh": 16.1,
        "surge_total_m": 1.18,
        "surge_ib_m": 0.15,
        "surge_wind_m": 0.0,
        "tide_m": 1.03
      }
    },
    {
      "type": "Feature",
      "geometry": {
        "type": "Point",
        "coordinates": [
          85.83,
          19.8
        ]
      },
      "properties": {
        "station_id": "coast_2",
        "station_name": "Puri Beach (Landfall Zone)",
        "district": "Puri",
        "time_utc": "2019-05-04T02:00:00+00:00",
        "hours_to_landfall": 23.3,
        "local_wind_kmh": 16.4,
        "surge_total_m": 1.18,
        "surge_ib_m": 0.15,
        "surge_wind_m": 0.0,
        "tide_m": 1.03
      }
    },
    {
      "type": "Feature",
      "geometry": {
        "type": "Point",
        "coordinates": [
          86.05,
          19.87
        ]
      },
      "properties": {
        "station_id": "coast_3",
        "station_name": "Konark / Chandrabhaga",
        "district": "Puri",
        "time_utc": "2019-05-04T02:00:00+00:00",
        "hours_to_landfall": 23.3,
        "local_wind_kmh": 16.7,
        "surge_total_m": 1.18,
        "surge_ib_m": 0.15,
        "surge_wind_m": 0.0,
        "tide_m": 1.03
      }
    },
    {
      "type": "Feature",
      "geometry": {
        "type": "Point",
        "coordinates": [
          86.27,
          19.98
        ]
      },
      "properties": {
        "station_id": "coast_4",
        "station_name": "Astaranga / Devi Estuary",
        "district": "Puri",
        "time_utc": "2019-05-04T02:00:00+00:00",
        "hours_to_landfall": 23.3,
        "local_wind_kmh": 17.1,
        "surge_total_m": 1.18,
        "surge_ib_m": 0.15,
        "surge_wind_m": 0.0,
        "tide_m": 1.03
      }
    },
    {
      "type": "Feature",
      "geometry": {
        "type": "Point",
        "coordinates": [
          86.44,
          20.16
        ]
      },
      "properties": {
        "station_id": "coast_5",
        "station_name": "Ersama Coastal Belt",
        "district": "Jagatsinghpur",
        "time_utc": "2019-05-04T02:00:00+00:00",
        "hours_to_landfall": 23.3,
        "local_wind_kmh": 17.6,
        "surge_total_m": 1.18,
        "surge_ib_m": 0.15,
        "surge_wind_m": 0.0,
        "tide_m": 1.03
      }
    },
    {
      "type": "Feature",
      "geometry": {
        "type": "Point",
        "coordinates": [
          86.67,
          20.29
        ]
      },
      "properties": {
        "station_id": "coast_6",
        "station_name": "Paradip Port",
        "district": "Jagatsinghpur",
        "time_utc": "2019-05-04T02:00:00+00:00",
        "hours_to_landfall": 23.3,
        "local_wind_kmh": 18.1,
        "surge_total_m": 1.18,
        "surge_ib_m": 0.15,
        "surge_wind_m": 0.0,
        "tide_m": 1.03
      }
    },
    {
      "type": "Feature",
      "geometry": {
        "type": "Point",
        "coordinates": [
          86.72,
          20.48
        ]
      },
      "properties": {
        "station_id": "coast_7",
        "station_name": "Mahakalpara / Hukitola",
        "district": "Kendrapara",
        "time_utc": "2019-05-04T02:00:00+00:00",
        "hours_to_landfall": 23.3,
        "local_wind_kmh": 18.5,
        "surge_total_m": 1.18,
        "surge_ib_m": 0.15,
        "surge_wind_m": 0.0,
        "tide_m": 1.03
      }
    },
    {
      "type": "Feature",
      "geometry": {
        "type": "Point",
        "coordinates": [
          86.78,
          20.65
        ]
      },
      "properties": {
        "station_id": "coast_8",
        "station_name": "Rajanagar / Bhitarkanika",
        "district": "Kendrapara",
        "time_utc": "2019-05-04T02:00:00+00:00",
        "hours_to_landfall": 23.3,
        "local_wind_kmh": 19.0,
        "surge_total_m": 1.18,
        "surge_ib_m": 0.15,
        "surge_wind_m": 0.0,
        "tide_m": 1.03
      }
    }
  ]
}