{
  "type": "FeatureCollection",
  "features": [
    {
      "type": "Feature",
      "geometry": {
        "type": "Point",
        "coordinates": [
          85.45,
          19.68
        ]
      },
      "properties": {
        "station_id": "coast_0",
        "district": "Puri",
        "time_utc": "2019-05-02T09:00:00+00:00",
        "hours_to_landfall": -17.7,
        "surge_total_m": 1.98,
        "surge_ib_m": 0.78,
        "surge_wind_m": 0.0,
        "tide_m": 1.2
      }
    },
    {
      "type": "Feature",
      "geometry": {
        "type": "Point",
        "coordinates": [
          85.65,
          19.75
        ]
      },
      "properties": {
        "station_id": "coast_1",
        "district": "Puri",
        "time_utc": "2019-05-02T09:00:00+00:00",
        "hours_to_landfall": -17.7,
        "surge_total_m": 1.98,
        "surge_ib_m": 0.78,
        "surge_wind_m": 0.0,
        "tide_m": 1.2
      }
    },
    {
      "type": "Feature",
      "geometry": {
        "type": "Point",
        "coordinates": [
          85.83,
          19.8
        ]
      },
      "properties": {
        "station_id": "coast_2",
        "district": "Puri",
        "time_utc": "2019-05-02T09:00:00+00:00",
        "hours_to_landfall": -17.7,
        "surge_total_m": 1.98,
        "surge_ib_m": 0.78,
        "surge_wind_m": 0.0,
        "tide_m": 1.2
      }
    },
    {
      "type": "Feature",
      "geometry": {
        "type": "Point",
        "coordinates": [
          86.05,
          19.87
        ]
      },
      "properties": {
        "station_id": "coast_3",
        "district": "Puri",
        "time_utc": "2019-05-02T09:00:00+00:00",
        "hours_to_landfall": -17.7,
        "surge_total_m": 1.98,
        "surge_ib_m": 0.78,
        "surge_wind_m": 0.0,
        "tide_m": 1.2
      }
    },
    {
      "type": "Feature",
      "geometry": {
        "type": "Point",
        "coordinates": [
          86.27,
          19.98
        ]
      },
      "properties": {
        "station_id": "coast_4",
        "district": "Puri",
        "time_utc": "2019-05-02T09:00:00+00:00",
        "hours_to_landfall": -17.7,
        "surge_total_m": 1.98,
        "surge_ib_m": 0.78,
        "surge_wind_m": 0.0,
        "tide_m": 1.2
      }
    },
    {
      "type": "Feature",
      "geometry": {
        "type": "Point",
        "coordinates": [
          86.44,
          20.16
        ]
      },
      "properties": {
        "station_id": "coast_5",
        "district": "Jagatsinghpur",
        "time_utc": "2019-05-02T09:00:00+00:00",
        "hours_to_landfall": -17.7,
        "surge_total_m": 1.98,
        "surge_ib_m": 0.78,
        "surge_wind_m": 0.0,
        "tide_m": 1.2
      }
    },
    {
      "type": "Feature",
      "geometry": {
        "type": "Point",
        "coordinates": [
          86.67,
          20.29
        ]
      },
      "properties": {
        "station_id": "coast_6",
        "district": "Jagatsinghpur",
        "time_utc": "2019-05-02T09:00:00+00:00",
        "hours_to_landfall": -17.7,
        "surge_total_m": 1.98,
        "surge_ib_m": 0.78,
        "surge_wind_m": 0.0,
        "tide_m": 1.2
      }
    },
    {
      "type": "Feature",
      "geometry": {
        "type": "Point",
        "coordinates": [
          86.72,
          20.48
        ]
      },
      "properties": {
        "station_id": "coast_7",
        "district": "Kendrapara",
        "time_utc": "2019-05-02T09:00:00+00:00",
        "hours_to_landfall": -17.7,
        "surge_total_m": 1.98,
        "surge_ib_m": 0.78,
        "surge_wind_m": 0.0,
        "tide_m": 1.2
      }
    },
    {
      "type": "Feature",
      "geometry": {
        "type": "Point",
        "coordinates": [
          86.78,
          20.65
        ]
      },
      "properties": {
        "station_id": "coast_8",
        "district": "Kendrapara",
        "time_utc": "2019-05-02T09:00:00+00:00",
        "hours_to_landfall": -17.7,
        "surge_total_m": 1.98,
        "surge_ib_m": 0.78,
        "surge_wind_m": 0.0,
        "tide_m": 1.2
      }
    },
    {
      "type": "Feature",
      "geometry": {
        "type": "Point",
        "coordinates": [
          85.45,
          19.68
        ]
      },
      "properties": {
        "station_id": "coast_0",
        "district": "Puri",
        "time_utc": "2019-05-02T10:00:00+00:00",
        "hours_to_landfall": -16.7,
        "surge_total_m": 1.99,
        "surge_ib_m": 0.79,
        "surge_wind_m": 0.0,
        "tide_m": 1.2
      }
    },
    {
      "type": "Feature",
      "geometry": {
        "type": "Point",
        "coordinates": [
          85.65,
          19.75
        ]
      },
      "properties": {
        "station_id": "coast_1",
        "district": "Puri",
        "time_utc": "2019-05-02T10:00:00+00:00",
        "hours_to_landfall": -16.7,
        "surge_total_m": 1.99,
        "surge_ib_m": 0.79,
        "surge_wind_m": 0.0,
        "tide_m": 1.2
      }
    },
    {
      "type": "Feature",
      "geometry": {
        "type": "Point",
        "coordinates": [
          85.83,
          19.8
        ]
      },
      "properties": {
        "station_id": "coast_2",
        "district": "Puri",
        "time_utc": "2019-05-02T10:00:00+00:00",
        "hours_to_landfall": -16.7,
        "surge_total_m": 1.99,
        "surge_ib_m": 0.79,
        "surge_wind_m": 0.0,
        "tide_m": 1.2
      }
    },
    {
      "type": "Feature",
      "geometry": {
        "type": "Point",
        "coordinates": [
          86.05,
          19.87
        ]
      },
      "properties": {
        "station_id": "coast_3",
        "district": "Puri",
        "time_utc": "2019-05-02T10:00:00+00:00",
        "hours_to_landfall": -16.7,
        "surge_total_m": 1.99,
        "surge_ib_m": 0.79,
        "surge_wind_m": 0.0,
        "tide_m": 1.2
      }
    },
    {
      "type": "Feature",
      "geometry": {
        "type": "Point",
        "coordinates": [
          86.27,
          19.98
        ]
      },
      "properties": {
        "station_id": "coast_4",
        "district": "Puri",
        "time_utc": "2019-05-02T10:00:00+00:00",
        "hours_to_landfall": -16.7,
        "surge_total_m": 1.99,
        "surge_ib_m": 0.79,
        "surge_wind_m": 0.0,
        "tide_m": 1.2
      }
    },
    {
      "type": "Feature",
      "geometry": {
        "type": "Point",
        "coordinates": [
          86.44,
          20.16
        ]
      },
      "properties": {
        "station_id": "coast_5",
        "district": "Jagatsinghpur",
        "time_utc": "2019-05-02T10:00:00+00:00",
        "hours_to_landfall": -16.7,
        "surge_total_m": 1.99,
        "surge_ib_m": 0.79,
        "surge_wind_m": 0.0,
        "tide_m": 1.2
      }
    },
    {
      "type": "Feature",
      "geometry": {
        "type": "Point",
        "coordinates": [
          86.67,
          20.29
        ]
      },
      "properties": {
        "station_id": "coast_6",
        "district": "Jagatsinghpur",
        "time_utc": "2019-05-02T10:00:00+00:00",
        "hours_to_landfall": -16.7,
        "surge_total_m": 1.99,
        "surge_ib_m": 0.79,
        "surge_wind_m": 0.0,
        "tide_m": 1.2
      }
    },
    {
      "type": "Feature",
      "geometry": {
        "type": "Point",
        "coordinates": [
          86.72,
          20.48
        ]
      },
      "properties": {
        "station_id": "coast_7",
        "district": "Kendrapara",
        "time_utc": "2019-05-02T10:00:00+00:00",
        "hours_to_landfall": -16.7,
        "surge_total_m": 1.99,
        "surge_ib_m": 0.79,
        "surge_wind_m": 0.0,
        "tide_m": 1.2
      }
    },
    {
      "type": "Feature",
      "geometry": {
        "type": "Point",
        "coordinates": [
          86.78,
          20.65
        ]
      },
      "properties": {
        "station_id": "coast_8",
        "district": "Kendrapara",
        "time_utc": "2019-05-02T10:00:00+00:00",
        "hours_to_landfall": -16.7,
        "surge_total_m": 1.99,
        "surge_ib_m": 0.79,
        "surge_wind_m": 0.0,
        "tide_m": 1.2
      }
    },
    {
      "type": "Feature",
      "geometry": {
        "type": "Point",
        "coordinates": [
          85.45,
          19.68
        ]
      },
      "properties": {
        "station_id": "coast_0",
        "district": "Puri",
        "time_utc": "2019-05-02T11:00:00+00:00",
        "hours_to_landfall": -15.7,
        "surge_total_m": 1.99,
        "surge_ib_m": 0.79,
        "surge_wind_m": 0.0,
        "tide_m": 1.2
      }
    },
    {
      "type": "Feature",
      "geometry": {
        "type": "Point",
        "coordinates": [
          85.65,
          19.75
        ]
      },
      "properties": {
        "station_id": "coast_1",
        "district": "Puri",
        "time_utc": "2019-05-02T11:00:00+00:00",
        "hours_to_landfall": -15.7,
        "surge_total_m": 1.99,
        "surge_ib_m": 0.79,
        "surge_wind_m": 0.0,
        "tide_m": 1.2
      }
    },
    {
      "type": "Feature",
      "geometry": {
        "type": "Point",
        "coordinates": [
          85.83,
          19.8
        ]
      },
      "properties": {
        "station_id": "coast_2",
        "district": "Puri",
        "time_utc": "2019-05-02T11:00:00+00:00",
        "hours_to_landfall": -15.7,
        "surge_total_m": 1.99,
        "surge_ib_m": 0.79,
        "surge_wind_m": 0.0,
        "tide_m": 1.2
      }
    },
    {
      "type": "Feature",
      "geometry": {
        "type": "Point",
        "coordinates": [
          86.05,
          19.87
        ]
      },
      "properties": {
        "station_id": "coast_3",
        "district": "Puri",
        "time_utc": "2019-05-02T11:00:00+00:00",
        "hours_to_landfall": -15.7,
        "surge_total_m": 1.99,
        "surge_ib_m": 0.79,
        "surge_wind_m": 0.0,
        "tide_m": 1.2
      }
    },
    {
      "type": "Feature",
      "geometry": {
        "type": "Point",
        "coordinates": [
          86.27,
          19.98
        ]
      },
      "properties": {
        "station_id": "coast_4",
        "district": "Puri",
        "time_utc": "2019-05-02T11:00:00+00:00",
        "hours_to_landfall": -15.7,
        "surge_total_m": 1.99,
        "surge_ib_m": 0.79,
        "surge_wind_m": 0.0,
        "tide_m": 1.2
      }
    },
    {
      "type": "Feature",
      "geometry": {
        "type": "Point",
        "coordinates": [
          86.44,
          20.16
        ]
      },
      "properties": {
        "station_id": "coast_5",
        "district": "Jagatsinghpur",
        "time_utc": "2019-05-02T11:00:00+00:00",
        "hours_to_landfall": -15.7,
        "surge_total_m": 1.99,
        "surge_ib_m": 0.79,
        "surge_wind_m": 0.0,
        "tide_m": 1.2
      }
    },
    {
      "type": "Feature",
      "geometry": {
        "type": "Point",
        "coordinates": [
          86.67,
          20.29
        ]
      },
      "properties": {
        "station_id": "coast_6",
        "district": "Jagatsinghpur",
        "time_utc": "2019-05-02T11:00:00+00:00",
        "hours_to_landfall": -15.7,
        "surge_total_m": 1.99,
        "surge_ib_m": 0.79,
        "surge_wind_m": 0.0,
        "tide_m": 1.2
      }
    },
    {
      "type": "Feature",
      "geometry": {
        "type": "Point",
        "coordinates": [
          86.72,
          20.48
        ]
      },
      "properties": {
        "station_id": "coast_7",
        "district": "Kendrapara",
        "time_utc": "2019-05-02T11:00:00+00:00",
        "hours_to_landfall": -15.7,
        "surge_total_m": 1.99,
        "surge_ib_m": 0.79,
        "surge_wind_m": 0.0,
        "tide_m": 1.2
      }
    },
    {
      "type": "Feature",
      "geometry": {
        "type": "Point",
        "coordinates": [
          86.78,
          20.65
        ]
      },
      "properties": {
        "station_id": "coast_8",
        "district": "Kendrapara",
        "time_utc": "2019-05-02T11:00:00+00:00",
        "hours_to_landfall": -15.7,
        "surge_total_m": 1.99,
        "surge_ib_m": 0.79,
        "surge_wind_m": 0.0,
        "tide_m": 1.2
      }
    },
    {
      "type": "Feature",
      "geometry": {
        "type": "Point",
        "coordinates": [
          85.45,
          19.68
        ]
      },
      "properties": {
        "station_id": "coast_0",
        "district": "Puri",
        "time_utc": "2019-05-02T12:00:00+00:00",
        "hours_to_landfall": -14.7,
        "surge_total_m": 1.98,
        "surge_ib_m": 0.78,
        "surge_wind_m": 0.0,
        "tide_m": 1.2
      }
    },
    {
      "type": "Feature",
      "geometry": {
        "type": "Point",
        "coordinates": [
          85.65,
          19.75
        ]
      },
      "properties": {
        "station_id": "coast_1",
        "district": "Puri",
        "time_utc": "2019-05-02T12:00:00+00:00",
        "hours_to_landfall": -14.7,
        "surge_total_m": 1.98,
        "surge_ib_m": 0.78,
        "surge_wind_m": 0.0,
        "tide_m": 1.2
      }
    },
    {
      "type": "Feature",
      "geometry": {
        "type": "Point",
        "coordinates": [
          85.83,
          19.8
        ]
      },
      "properties": {
        "station_id": "coast_2",
        "district": "Puri",
        "time_utc": "2019-05-02T12:00:00+00:00",
        "hours_to_landfall": -14.7,
        "surge_total_m": 1.98,
        "surge_ib_m": 0.78,
        "surge_wind_m": 0.0,
        "tide_m": 1.2
      }
    },
    {
      "type": "Feature",
      "geometry": {
        "type": "Point",
        "coordinates": [
          86.05,
          19.87
        ]
      },
      "properties": {
        "station_id": "coast_3",
        "district": "Puri",
        "time_utc": "2019-05-02T12:00:00+00:00",
        "hours_to_landfall": -14.7,
        "surge_total_m": 1.98,
        "surge_ib_m": 0.78,
        "surge_wind_m": 0.0,
        "tide_m": 1.2
      }
    },
    {
      "type": "Feature",
      "geometry": {
        "type": "Point",
        "coordinates": [
          86.27,
          19.98
        ]
      },
      "properties": {
        "station_id": "coast_4",
        "district": "Puri",
        "time_utc": "2019-05-02T12:00:00+00:00",
        "hours_to_landfall": -14.7,
        "surge_total_m": 1.98,
        "surge_ib_m": 0.78,
        "surge_wind_m": 0.0,
        "tide_m": 1.2
      }
    },
    {
      "type": "Feature",
      "geometry": {
        "type": "Point",
        "coordinates": [
          86.44,
          20.16
        ]
      },
      "properties": {
        "station_id": "coast_5",
        "district": "Jagatsinghpur",
        "time_utc": "2019-05-02T12:00:00+00:00",
        "hours_to_landfall": -14.7,
        "surge_total_m": 1.98,
        "surge_ib_m": 0.78,
        "surge_wind_m": 0.0,
        "tide_m": 1.2
      }
    },
    {
      "type": "Feature",
      "geometry": {
        "type": "Point",
        "coordinates": [
          86.67,
          20.29
        ]
      },
      "properties": {
        "station_id": "coast_6",
        "district": "Jagatsinghpur",
        "time_utc": "2019-05-02T12:00:00+00:00",
        "hours_to_landfall": -14.7,
        "surge_total_m": 1.98,
        "surge_ib_m": 0.78,
        "surge_wind_m": 0.0,
        "tide_m": 1.2
      }
    },
    {
      "type": "Feature",
      "geometry": {
        "type": "Point",
        "coordinates": [
          86.72,
          20.48
        ]
      },
      "properties": {
        "station_id": "coast_7",
        "district": "Kendrapara",
        "time_utc": "2019-05-02T12:00:00+00:00",
        "hours_to_landfall": -14.7,
        "surge_total_m": 1.98,
        "surge_ib_m": 0.78,
        "surge_wind_m": 0.0,
        "tide_m": 1.2
      }
    },
    {
      "type": "Feature",
      "geometry": {
        "type": "Point",
        "coordinates": [
          86.78,
          20.65
        ]
      },
      "properties": {
        "station_id": "coast_8",
        "district": "Kendrapara",
        "time_utc": "2019-05-02T12:00:00+00:00",
        "hours_to_landfall": -14.7,
        "surge_total_m": 1.98,
        "surge_ib_m": 0.78,
        "surge_wind_m": 0.0,
        "tide_m": 1.2
      }
    },
    {
      "type": "Feature",
      "geometry": {
        "type": "Point",
        "coordinates": [
          85.45,
          19.68
        ]
      },
      "properties": {
        "station_id": "coast_0",
        "district": "Puri",
        "time_utc": "2019-05-02T13:00:00+00:00",
        "hours_to_landfall": -13.7,
        "surge_total_m": 1.97,
        "surge_ib_m": 0.77,
        "surge_wind_m": 0.0,
        "tide_m": 1.2
      }
    },
    {
      "type": "Feature",
      "geometry": {
        "type": "Point",
        "coordinates": [
          85.65,
          19.75
        ]
      },
      "properties": {
        "station_id": "coast_1",
        "district": "Puri",
        "time_utc": "2019-05-02T13:00:00+00:00",
        "hours_to_landfall": -13.7,
        "surge_total_m": 1.97,
        "surge_ib_m": 0.77,
        "surge_wind_m": 0.0,
        "tide_m": 1.2
      }
    },
    {
      "type": "Feature",
      "geometry": {
        "type": "Point",
        "coordinates": [
          85.83,
          19.8
        ]
      },
      "properties": {
        "station_id": "coast_2",
        "district": "Puri",
        "time_utc": "2019-05-02T13:00:00+00:00",
        "hours_to_landfall": -13.7,
        "surge_total_m": 1.97,
        "surge_ib_m": 0.77,
        "surge_wind_m": 0.0,
        "tide_m": 1.2
      }
    },
    {
      "type": "Feature",
      "geometry": {
        "type": "Point",
        "coordinates": [
          86.05,
          19.87
        ]
      },
      "properties": {
        "station_id": "coast_3",
        "district": "Puri",
        "time_utc": "2019-05-02T13:00:00+00:00",
        "hours_to_landfall": -13.7,
        "surge_total_m": 1.97,
        "surge_ib_m": 0.77,
        "surge_wind_m": 0.0,
        "tide_m": 1.2
      }
    },
    {
      "type": "Feature",
      "geometry": {
        "type": "Point",
        "coordinates": [
          86.27,
          19.98
        ]
      },
      "properties": {
        "station_id": "coast_4",
        "district": "Puri",
        "time_utc": "2019-05-02T13:00:00+00:00",
        "hours_to_landfall": -13.7,
        "surge_total_m": 1.97,
        "surge_ib_m": 0.77,
        "surge_wind_m": 0.0,
        "tide_m": 1.2
      }
    },
    {
      "type": "Feature",
      "geometry": {
        "type": "Point",
        "coordinates": [
          86.44,
          20.16
        ]
      },
      "properties": {
        "station_id": "coast_5",
        "district": "Jagatsinghpur",
        "time_utc": "2019-05-02T13:00:00+00:00",
        "hours_to_landfall": -13.7,
        "surge_total_m": 1.97,
        "surge_ib_m": 0.77,
        "surge_wind_m": 0.0,
        "tide_m": 1.2
      }
    },
    {
      "type": "Feature",
      "geometry": {
        "type": "Point",
        "coordinates": [
          86.67,
          20.29
        ]
      },
      "properties": {
        "station_id": "coast_6",
        "district": "Jagatsinghpur",
        "time_utc": "2019-05-02T13:00:00+00:00",
        "hours_to_landfall": -13.7,
        "surge_total_m": 1.97,
        "surge_ib_m": 0.77,
        "surge_wind_m": 0.0,
        "tide_m": 1.2
      }
    },
    {
      "type": "Feature",
      "geometry": {
        "type": "Point",
        "coordinates": [
          86.72,
          20.48
        ]
      },
      "properties": {
        "station_id": "coast_7",
        "district": "Kendrapara",
        "time_utc": "2019-05-02T13:00:00+00:00",
        "hours_to_landfall": -13.7,
        "surge_total_m": 1.97,
        "surge_ib_m": 0.77,
        "surge_wind_m": 0.0,
        "tide_m": 1.2
      }
    },
    {
      "type": "Feature",
      "geometry": {
        "type": "Point",
        "coordinates": [
          86.78,
          20.65
        ]
      },
      "properties": {
        "station_id": "coast_8",
        "district": "Kendrapara",
        "time_utc": "2019-05-02T13:00:00+00:00",
        "hours_to_landfall": -13.7,
        "surge_total_m": 1.97,
        "surge_ib_m": 0.77,
        "surge_wind_m": 0.0,
        "tide_m": 1.2
      }
    },
    {
      "type": "Feature",
      "geometry": {
        "type": "Point",
        "coordinates": [
          85.45,
          19.68
        ]
      },
      "properties": {
        "station_id": "coast_0",
        "district": "Puri",
        "time_utc": "2019-05-02T14:00:00+00:00",
        "hours_to_landfall": -12.7,
        "surge_total_m": 1.97,
        "surge_ib_m": 0.77,
        "surge_wind_m": 0.0,
        "tide_m": 1.2
      }
    },
    {
      "type": "Feature",
      "geometry": {
        "type": "Point",
        "coordinates": [
          85.65,
          19.75
        ]
      },
      "properties": {
        "station_id": "coast_1",
        "district": "Puri",
        "time_utc": "2019-05-02T14:00:00+00:00",
        "hours_to_landfall": -12.7,
        "surge_total_m": 1.97,
        "surge_ib_m": 0.77,
        "surge_wind_m": 0.0,
        "tide_m": 1.2
      }
    },
    {
      "type": "Feature",
      "geometry": {
        "type": "Point",
        "coordinates": [
          85.83,
          19.8
        ]
      },
      "properties": {
        "station_id": "coast_2",
        "district": "Puri",
        "time_utc": "2019-05-02T14:00:00+00:00",
        "hours_to_landfall": -12.7,
        "surge_total_m": 1.97,
        "surge_ib_m": 0.77,
        "surge_wind_m": 0.0,
        "tide_m": 1.2
      }
    },
    {
      "type": "Feature",
      "geometry": {
        "type": "Point",
        "coordinates": [
          86.05,
          19.87
        ]
      },
      "properties": {
        "station_id": "coast_3",
        "district": "Puri",
        "time_utc": "2019-05-02T14:00:00+00:00",
        "hours_to_landfall": -12.7,
        "surge_total_m": 1.97,
        "surge_ib_m": 0.77,
        "surge_wind_m": 0.0,
        "tide_m": 1.2
      }
    },
    {
      "type": "Feature",
      "geometry": {
        "type": "Point",
        "coordinates": [
          86.27,
          19.98
        ]
      },
      "properties": {
        "station_id": "coast_4",
        "district": "Puri",
        "time_utc": "2019-05-02T14:00:00+00:00",
        "hours_to_landfall": -12.7,
        "surge_total_m": 1.97,
        "surge_ib_m": 0.77,
        "surge_wind_m": 0.0,
        "tide_m": 1.2
      }
    },
    {
      "type": "Feature",
      "geometry": {
        "type": "Point",
        "coordinates": [
          86.44,
          20.16
        ]
      },
      "properties": {
        "station_id": "coast_5",
        "district": "Jagatsinghpur",
        "time_utc": "2019-05-02T14:00:00+00:00",
        "hours_to_landfall": -12.7,
        "surge_total_m": 1.97,
        "surge_ib_m": 0.77,
        "surge_wind_m": 0.0,
        "tide_m": 1.2
      }
    },
    {
      "type": "Feature",
      "geometry": {
        "type": "Point",
        "coordinates": [
          86.67,
          20.29
        ]
      },
      "properties": {
        "station_id": "coast_6",
        "district": "Jagatsinghpur",
        "time_utc": "2019-05-02T14:00:00+00:00",
        "hours_to_landfall": -12.7,
        "surge_total_m": 1.97,
        "surge_ib_m": 0.77,
        "surge_wind_m": 0.0,
        "tide_m": 1.2
      }
    },
    {
      "type": "Feature",
      "geometry": {
        "type": "Point",
        "coordinates": [
          86.72,
          20.48
        ]
      },
      "properties": {
        "station_id": "coast_7",
        "district": "Kendrapara",
        "time_utc": "2019-05-02T14:00:00+00:00",
        "hours_to_landfall": -12.7,
        "surge_total_m": 1.97,
        "surge_ib_m": 0.77,
        "surge_wind_m": 0.0,
        "tide_m": 1.2
      }
    },
    {
      "type": "Feature",
      "geometry": {
        "type": "Point",
        "coordinates": [
          86.78,
          20.65
        ]
      },
      "properties": {
        "station_id": "coast_8",
        "district": "Kendrapara",
        "time_utc": "2019-05-02T14:00:00+00:00",
        "hours_to_landfall": -12.7,
        "surge_total_m": 1.97,
        "surge_ib_m": 0.77,
        "surge_wind_m": 0.0,
        "tide_m": 1.2
      }
    },
    {
      "type": "Feature",
      "geometry": {
        "type": "Point",
        "coordinates": [
          85.45,
          19.68
        ]
      },
      "properties": {
        "station_id": "coast_0",
        "district": "Puri",
        "time_utc": "2019-05-02T15:00:00+00:00",
        "hours_to_landfall": -11.7,
        "surge_total_m": 1.96,
        "surge_ib_m": 0.76,
        "surge_wind_m": 0.0,
        "tide_m": 1.2
      }
    },
    {
      "type": "Feature",
      "geometry": {
        "type": "Point",
        "coordinates": [
          85.65,
          19.75
        ]
      },
      "properties": {
        "station_id": "coast_1",
        "district": "Puri",
        "time_utc": "2019-05-02T15:00:00+00:00",
        "hours_to_landfall": -11.7,
        "surge_total_m": 1.96,
        "surge_ib_m": 0.76,
        "surge_wind_m": 0.0,
        "tide_m": 1.2
      }
    },
    {
      "type": "Feature",
      "geometry": {
        "type": "Point",
        "coordinates": [
          85.83,
          19.8
        ]
      },
      "properties": {
        "station_id": "coast_2",
        "district": "Puri",
        "time_utc": "2019-05-02T15:00:00+00:00",
        "hours_to_landfall": -11.7,
        "surge_total_m": 1.96,
        "surge_ib_m": 0.76,
        "surge_wind_m": 0.0,
        "tide_m": 1.2
      }
    },
    {
      "type": "Feature",
      "geometry": {
        "type": "Point",
        "coordinates": [
          86.05,
          19.87
        ]
      },
      "properties": {
        "station_id": "coast_3",
        "district": "Puri",
        "time_utc": "2019-05-02T15:00:00+00:00",
        "hours_to_landfall": -11.7,
        "surge_total_m": 1.96,
        "surge_ib_m": 0.76,
        "surge_wind_m": 0.0,
        "tide_m": 1.2
      }
    },
    {
      "type": "Feature",
      "geometry": {
        "type": "Point",
        "coordinates": [
          86.27,
          19.98
        ]
      },
      "properties": {
        "station_id": "coast_4",
        "district": "Puri",
        "time_utc": "2019-05-02T15:00:00+00:00",
        "hours_to_landfall": -11.7,
        "surge_total_m": 1.96,
        "surge_ib_m": 0.76,
        "surge_wind_m": 0.0,
        "tide_m": 1.2
      }
    },
    {
      "type": "Feature",
      "geometry": {
        "type": "Point",
        "coordinates": [
          86.44,
          20.16
        ]
      },
      "properties": {
        "station_id": "coast_5",
        "district": "Jagatsinghpur",
        "time_utc": "2019-05-02T15:00:00+00:00",
        "hours_to_landfall": -11.7,
        "surge_total_m": 1.96,
        "surge_ib_m": 0.76,
        "surge_wind_m": 0.0,
        "tide_m": 1.2
      }
    },
    {
      "type": "Feature",
      "geometry": {
        "type": "Point",
        "coordinates": [
          86.67,
          20.29
        ]
      },
      "properties": {
        "station_id": "coast_6",
        "district": "Jagatsinghpur",
        "time_utc": "2019-05-02T15:00:00+00:00",
        "hours_to_landfall": -11.7,
        "surge_total_m": 1.96,
        "surge_ib_m": 0.76,
        "surge_wind_m": 0.0,
        "tide_m": 1.2
      }
    },
    {
      "type": "Feature",
      "geometry": {
        "type": "Point",
        "coordinates": [
          86.72,
          20.48
        ]
      },
      "properties": {
        "station_id": "coast_7",
        "district": "Kendrapara",
        "time_utc": "2019-05-02T15:00:00+00:00",
        "hours_to_landfall": -11.7,
        "surge_total_m": 1.96,
        "surge_ib_m": 0.76,
        "surge_wind_m": 0.0,
        "tide_m": 1.2
      }
    },
    {
      "type": "Feature",
      "geometry": {
        "type": "Point",
        "coordinates": [
          86.78,
          20.65
        ]
      },
      "properties": {
        "station_id": "coast_8",
        "district": "Kendrapara",
        "time_utc": "2019-05-02T15:00:00+00:00",
        "hours_to_landfall": -11.7,
        "surge_total_m": 1.96,
        "surge_ib_m": 0.76,
        "surge_wind_m": 0.0,
        "tide_m": 1.2
      }
    },
    {
      "type": "Feature",
      "geometry": {
        "type": "Point",
        "coordinates": [
          85.45,
          19.68
        ]
      },
      "properties": {
        "station_id": "coast_0",
        "district": "Puri",
        "time_utc": "2019-05-02T16:00:00+00:00",
        "hours_to_landfall": -10.7,
        "surge_total_m": 1.96,
        "surge_ib_m": 0.76,
        "surge_wind_m": 0.0,
        "tide_m": 1.2
      }
    },
    {
      "type": "Feature",
      "geometry": {
        "type": "Point",
        "coordinates": [
          85.65,
          19.75
        ]
      },
      "properties": {
        "station_id": "coast_1",
        "district": "Puri",
        "time_utc": "2019-05-02T16:00:00+00:00",
        "hours_to_landfall": -10.7,
        "surge_total_m": 1.96,
        "surge_ib_m": 0.76,
        "surge_wind_m": 0.0,
        "tide_m": 1.2
      }
    },
    {
      "type": "Feature",
      "geometry": {
        "type": "Point",
        "coordinates": [
          85.83,
          19.8
        ]
      },
      "properties": {
        "station_id": "coast_2",
        "district": "Puri",
        "time_utc": "2019-05-02T16:00:00+00:00",
        "hours_to_landfall": -10.7,
        "surge_total_m": 1.96,
        "surge_ib_m": 0.76,
        "surge_wind_m": 0.0,
        "tide_m": 1.2
      }
    },
    {
      "type": "Feature",
      "geometry": {
        "type": "Point",
        "coordinates": [
          86.05,
          19.87
        ]
      },
      "properties": {
        "station_id": "coast_3",
        "district": "Puri",
        "time_utc": "2019-05-02T16:00:00+00:00",
        "hours_to_landfall": -10.7,
        "surge_total_m": 1.96,
        "surge_ib_m": 0.76,
        "surge_wind_m": 0.0,
        "tide_m": 1.2
      }
    },
    {
      "type": "Feature",
      "geometry": {
        "type": "Point",
        "coordinates": [
          86.27,
          19.98
        ]
      },
      "properties": {
        "station_id": "coast_4",
        "district": "Puri",
        "time_utc": "2019-05-02T16:00:00+00:00",
        "hours_to_landfall": -10.7,
        "surge_total_m": 1.96,
        "surge_ib_m": 0.76,
        "surge_wind_m": 0.0,
        "tide_m": 1.2
      }
    },
    {
      "type": "Feature",
      "geometry": {
        "type": "Point",
        "coordinates": [
          86.44,
          20.16
        ]
      },
      "properties": {
        "station_id": "coast_5",
        "district": "Jagatsinghpur",
        "time_utc": "2019-05-02T16:00:00+00:00",
        "hours_to_landfall": -10.7,
        "surge_total_m": 1.96,
        "surge_ib_m": 0.76,
        "surge_wind_m": 0.0,
        "tide_m": 1.2
      }
    },
    {
      "type": "Feature",
      "geometry": {
        "type": "Point",
        "coordinates": [
          86.67,
          20.29
        ]
      },
      "properties": {
        "station_id": "coast_6",
        "district": "Jagatsinghpur",
        "time_utc": "2019-05-02T16:00:00+00:00",
        "hours_to_landfall": -10.7,
        "surge_total_m": 1.96,
        "surge_ib_m": 0.76,
        "surge_wind_m": 0.0,
        "tide_m": 1.2
      }
    },
    {
      "type": "Feature",
      "geometry": {
        "type": "Point",
        "coordinates": [
          86.72,
          20.48
        ]
      },
      "properties": {
        "station_id": "coast_7",
        "district": "Kendrapara",
        "time_utc": "2019-05-02T16:00:00+00:00",
        "hours_to_landfall": -10.7,
        "surge_total_m": 1.96,
        "surge_ib_m": 0.76,
        "surge_wind_m": 0.0,
        "tide_m": 1.2
      }
    },
    {
      "type": "Feature",
      "geometry": {
        "type": "Point",
        "coordinates": [
          86.78,
          20.65
        ]
      },
      "properties": {
        "station_id": "coast_8",
        "district": "Kendrapara",
        "time_utc": "2019-05-02T16:00:00+00:00",
        "hours_to_landfall": -10.7,
        "surge_total_m": 1.96,
        "surge_ib_m": 0.76,
        "surge_wind_m": 0.0,
        "tide_m": 1.2
      }
    },
    {
      "type": "Feature",
      "geometry": {
        "type": "Point",
        "coordinates": [
          85.45,
          19.68
        ]
      },
      "properties": {
        "station_id": "coast_0",
        "district": "Puri",
        "time_utc": "2019-05-02T17:00:00+00:00",
        "hours_to_landfall": -9.7,
        "surge_total_m": 1.96,
        "surge_ib_m": 0.76,
        "surge_wind_m": 0.0,
        "tide_m": 1.2
      }
    },
    {
      "type": "Feature",
      "geometry": {
        "type": "Point",
        "coordinates": [
          85.65,
          19.75
        ]
      },
      "properties": {
        "station_id": "coast_1",
        "district": "Puri",
        "time_utc": "2019-05-02T17:00:00+00:00",
        "hours_to_landfall": -9.7,
        "surge_total_m": 1.96,
        "surge_ib_m": 0.76,
        "surge_wind_m": 0.0,
        "tide_m": 1.2
      }
    },
    {
      "type": "Feature",
      "geometry": {
        "type": "Point",
        "coordinates": [
          85.83,
          19.8
        ]
      },
      "properties": {
        "station_id": "coast_2",
        "district": "Puri",
        "time_utc": "2019-05-02T17:00:00+00:00",
        "hours_to_landfall": -9.7,
        "surge_total_m": 1.96,
        "surge_ib_m": 0.76,
        "surge_wind_m": 0.0,
        "tide_m": 1.2
      }
    },
    {
      "type": "Feature",
      "geometry": {
        "type": "Point",
        "coordinates": [
          86.05,
          19.87
        ]
      },
      "properties": {
        "station_id": "coast_3",
        "district": "Puri",
        "time_utc": "2019-05-02T17:00:00+00:00",
        "hours_to_landfall": -9.7,
        "surge_total_m": 1.96,
        "surge_ib_m": 0.76,
        "surge_wind_m": 0.0,
        "tide_m": 1.2
      }
    },
    {
      "type": "Feature",
      "geometry": {
        "type": "Point",
        "coordinates": [
          86.27,
          19.98
        ]
      },
      "properties": {
        "station_id": "coast_4",
        "district": "Puri",
        "time_utc": "2019-05-02T17:00:00+00:00",
        "hours_to_landfall": -9.7,
        "surge_total_m": 1.96,
        "surge_ib_m": 0.76,
        "surge_wind_m": 0.0,
        "tide_m": 1.2
      }
    },
    {
      "type": "Feature",
      "geometry": {
        "type": "Point",
        "coordinates": [
          86.44,
          20.16
        ]
      },
      "properties": {
        "station_id": "coast_5",
        "district": "Jagatsinghpur",
        "time_utc": "2019-05-02T17:00:00+00:00",
        "hours_to_landfall": -9.7,
        "surge_total_m": 1.96,
        "surge_ib_m": 0.76,
        "surge_wind_m": 0.0,
        "tide_m": 1.2
      }
    },
    {
      "type": "Feature",
      "geometry": {
        "type": "Point",
        "coordinates": [
          86.67,
          20.29
        ]
      },
      "properties": {
        "station_id": "coast_6",
        "district": "Jagatsinghpur",
        "time_utc": "2019-05-02T17:00:00+00:00",
        "hours_to_landfall": -9.7,
        "surge_total_m": 1.96,
        "surge_ib_m": 0.76,
        "surge_wind_m": 0.0,
        "tide_m": 1.2
      }
    },
    {
      "type": "Feature",
      "geometry": {
        "type": "Point",
        "coordinates": [
          86.72,
          20.48
        ]
      },
      "properties": {
        "station_id": "coast_7",
        "district": "Kendrapara",
        "time_utc": "2019-05-02T17:00:00+00:00",
        "hours_to_landfall": -9.7,
        "surge_total_m": 1.96,
        "surge_ib_m": 0.76,
        "surge_wind_m": 0.0,
        "tide_m": 1.2
      }
    },
    {
      "type": "Feature",
      "geometry": {
        "type": "Point",
        "coordinates": [
          86.78,
          20.65
        ]
      },
      "properties": {
        "station_id": "coast_8",
        "district": "Kendrapara",
        "time_utc": "2019-05-02T17:00:00+00:00",
        "hours_to_landfall": -9.7,
        "surge_total_m": 1.96,
        "surge_ib_m": 0.76,
        "surge_wind_m": 0.0,
        "tide_m": 1.2
      }
    },
    {
      "type": "Feature",
      "geometry": {
        "type": "Point",
        "coordinates": [
          85.45,
          19.68
        ]
      },
      "properties": {
        "station_id": "coast_0",
        "district": "Puri",
        "time_utc": "2019-05-02T18:00:00+00:00",
        "hours_to_landfall": -8.7,
        "surge_total_m": 1.96,
        "surge_ib_m": 0.76,
        "surge_wind_m": 0.0,
        "tide_m": 1.2
      }
    },
    {
      "type": "Feature",
      "geometry": {
        "type": "Point",
        "coordinates": [
          85.65,
          19.75
        ]
      },
      "properties": {
        "station_id": "coast_1",
        "district": "Puri",
        "time_utc": "2019-05-02T18:00:00+00:00",
        "hours_to_landfall": -8.7,
        "surge_total_m": 1.96,
        "surge_ib_m": 0.76,
        "surge_wind_m": 0.0,
        "tide_m": 1.2
      }
    },
    {
      "type": "Feature",
      "geometry": {
        "type": "Point",
        "coordinates": [
          85.83,
          19.8
        ]
      },
      "properties": {
        "station_id": "coast_2",
        "district": "Puri",
        "time_utc": "2019-05-02T18:00:00+00:00",
        "hours_to_landfall": -8.7,
        "surge_total_m": 1.96,
        "surge_ib_m": 0.76,
        "surge_wind_m": 0.0,
        "tide_m": 1.2
      }
    },
    {
      "type": "Feature",
      "geometry": {
        "type": "Point",
        "coordinates": [
          86.05,
          19.87
        ]
      },
      "properties": {
        "station_id": "coast_3",
        "district": "Puri",
        "time_utc": "2019-05-02T18:00:00+00:00",
        "hours_to_landfall": -8.7,
        "surge_total_m": 1.96,
        "surge_ib_m": 0.76,
        "surge_wind_m": 0.0,
        "tide_m": 1.2
      }
    },
    {
      "type": "Feature",
      "geometry": {
        "type": "Point",
        "coordinates": [
          86.27,
          19.98
        ]
      },
      "properties": {
        "station_id": "coast_4",
        "district": "Puri",
        "time_utc": "2019-05-02T18:00:00+00:00",
        "hours_to_landfall": -8.7,
        "surge_total_m": 1.96,
        "surge_ib_m": 0.76,
        "surge_wind_m": 0.0,
        "tide_m": 1.2
      }
    },
    {
      "type": "Feature",
      "geometry": {
        "type": "Point",
        "coordinates": [
          86.44,
          20.16
        ]
      },
      "properties": {
        "station_id": "coast_5",
        "district": "Jagatsinghpur",
        "time_utc": "2019-05-02T18:00:00+00:00",
        "hours_to_landfall": -8.7,
        "surge_total_m": 1.96,
        "surge_ib_m": 0.76,
        "surge_wind_m": 0.0,
        "tide_m": 1.2
      }
    },
    {
      "type": "Feature",
      "geometry": {
        "type": "Point",
        "coordinates": [
          86.67,
          20.29
        ]
      },
      "properties": {
        "station_id": "coast_6",
        "district": "Jagatsinghpur",
        "time_utc": "2019-05-02T18:00:00+00:00",
        "hours_to_landfall": -8.7,
        "surge_total_m": 1.96,
        "surge_ib_m": 0.76,
        "surge_wind_m": 0.0,
        "tide_m": 1.2
      }
    },
    {
      "type": "Feature",
      "geometry": {
        "type": "Point",
        "coordinates": [
          86.72,
          20.48
        ]
      },
      "properties": {
        "station_id": "coast_7",
        "district": "Kendrapara",
        "time_utc": "2019-05-02T18:00:00+00:00",
        "hours_to_landfall": -8.7,
        "surge_total_m": 1.96,
        "surge_ib_m": 0.76,
        "surge_wind_m": 0.0,
        "tide_m": 1.2
      }
    },
    {
      "type": "Feature",
      "geometry": {
        "type": "Point",
        "coordinates": [
          86.78,
          20.65
        ]
      },
      "properties": {
        "station_id": "coast_8",
        "district": "Kendrapara",
        "time_utc": "2019-05-02T18:00:00+00:00",
        "hours_to_landfall": -8.7,
        "surge_total_m": 1.96,
        "surge_ib_m": 0.76,
        "surge_wind_m": 0.0,
        "tide_m": 1.2
      }
    },
    {
      "type": "Feature",
      "geometry": {
        "type": "Point",
        "coordinates": [
          85.45,
          19.68
        ]
      },
      "properties": {
        "station_id": "coast_0",
        "district": "Puri",
        "time_utc": "2019-05-02T19:00:00+00:00",
        "hours_to_landfall": -7.7,
        "surge_total_m": 1.97,
        "surge_ib_m": 0.77,
        "surge_wind_m": 0.0,
        "tide_m": 1.2
      }
    },
    {
      "type": "Feature",
      "geometry": {
        "type": "Point",
        "coordinates": [
          85.65,
          19.75
        ]
      },
      "properties": {
        "station_id": "coast_1",
        "district": "Puri",
        "time_utc": "2019-05-02T19:00:00+00:00",
        "hours_to_landfall": -7.7,
        "surge_total_m": 1.97,
        "surge_ib_m": 0.77,
        "surge_wind_m": 0.0,
        "tide_m": 1.2
      }
    },
    {
      "type": "Feature",
      "geometry": {
        "type": "Point",
        "coordinates": [
          85.83,
          19.8
        ]
      },
      "properties": {
        "station_id": "coast_2",
        "district": "Puri",
        "time_utc": "2019-05-02T19:00:00+00:00",
        "hours_to_landfall": -7.7,
        "surge_total_m": 1.97,
        "surge_ib_m": 0.77,
        "surge_wind_m": 0.0,
        "tide_m": 1.2
      }
    },
    {
      "type": "Feature",
      "geometry": {
        "type": "Point",
        "coordinates": [
          86.05,
          19.87
        ]
      },
      "properties": {
        "station_id": "coast_3",
        "district": "Puri",
        "time_utc": "2019-05-02T19:00:00+00:00",
        "hours_to_landfall": -7.7,
        "surge_total_m": 1.97,
        "surge_ib_m": 0.77,
        "surge_wind_m": 0.0,
        "tide_m": 1.2
      }
    },
    {
      "type": "Feature",
      "geometry": {
        "type": "Point",
        "coordinates": [
          86.27,
          19.98
        ]
      },
      "properties": {
        "station_id": "coast_4",
        "district": "Puri",
        "time_utc": "2019-05-02T19:00:00+00:00",
        "hours_to_landfall": -7.7,
        "surge_total_m": 1.97,
        "surge_ib_m": 0.77,
        "surge_wind_m": 0.0,
        "tide_m": 1.2
      }
    },
    {
      "type": "Feature",
      "geometry": {
        "type": "Point",
        "coordinates": [
          86.44,
          20.16
        ]
      },
      "properties": {
        "station_id": "coast_5",
        "district": "Jagatsinghpur",
        "time_utc": "2019-05-02T19:00:00+00:00",
        "hours_to_landfall": -7.7,
        "surge_total_m": 1.97,
        "surge_ib_m": 0.77,
        "surge_wind_m": 0.0,
        "tide_m": 1.2
      }
    },
    {
      "type": "Feature",
      "geometry": {
        "type": "Point",
        "coordinates": [
          86.67,
          20.29
        ]
      },
      "properties": {
        "station_id": "coast_6",
        "district": "Jagatsinghpur",
        "time_utc": "2019-05-02T19:00:00+00:00",
        "hours_to_landfall": -7.7,
        "surge_total_m": 1.97,
        "surge_ib_m": 0.77,
        "surge_wind_m": 0.0,
        "tide_m": 1.2
      }
    },
    {
      "type": "Feature",
      "geometry": {
        "type": "Point",
        "coordinates": [
          86.72,
          20.48
        ]
      },
      "properties": {
        "station_id": "coast_7",
        "district": "Kendrapara",
        "time_utc": "2019-05-02T19:00:00+00:00",
        "hours_to_landfall": -7.7,
        "surge_total_m": 1.97,
        "surge_ib_m": 0.77,
        "surge_wind_m": 0.0,
        "tide_m": 1.2
      }
    },
    {
      "type": "Feature",
      "geometry": {
        "type": "Point",
        "coordinates": [
          86.78,
          20.65
        ]
      },
      "properties": {
        "station_id": "coast_8",
        "district": "Kendrapara",
        "time_utc": "2019-05-02T19:00:00+00:00",
        "hours_to_landfall": -7.7,
        "surge_total_m": 1.97,
        "surge_ib_m": 0.77,
        "surge_wind_m": 0.0,
        "tide_m": 1.2
      }
    },
    {
      "type": "Feature",
      "geometry": {
        "type": "Point",
        "coordinates": [
          85.45,
          19.68
        ]
      },
      "properties": {
        "station_id": "coast_0",
        "district": "Puri",
        "time_utc": "2019-05-02T20:00:00+00:00",
        "hours_to_landfall": -6.7,
        "surge_total_m": 1.97,
        "surge_ib_m": 0.77,
        "surge_wind_m": 0.0,
        "tide_m": 1.2
      }
    },
    {
      "type": "Feature",
      "geometry": {
        "type": "Point",
        "coordinates": [
          85.65,
          19.75
        ]
      },
      "properties": {
        "station_id": "coast_1",
        "district": "Puri",
        "time_utc": "2019-05-02T20:00:00+00:00",
        "hours_to_landfall": -6.7,
        "surge_total_m": 1.97,
        "surge_ib_m": 0.77,
        "surge_wind_m": 0.0,
        "tide_m": 1.2
      }
    },
    {
      "type": "Feature",
      "geometry": {
        "type": "Point",
        "coordinates": [
          85.83,
          19.8
        ]
      },
      "properties": {
        "station_id": "coast_2",
        "district": "Puri",
        "time_utc": "2019-05-02T20:00:00+00:00",
        "hours_to_landfall": -6.7,
        "surge_total_m": 1.97,
        "surge_ib_m": 0.77,
        "surge_wind_m": 0.0,
        "tide_m": 1.2
      }
    },
    {
      "type": "Feature",
      "geometry": {
        "type": "Point",
        "coordinates": [
          86.05,
          19.87
        ]
      },
      "properties": {
        "station_id": "coast_3",
        "district": "Puri",
        "time_utc": "2019-05-02T20:00:00+00:00",
        "hours_to_landfall": -6.7,
        "surge_total_m": 1.97,
        "surge_ib_m": 0.77,
        "surge_wind_m": 0.0,
        "tide_m": 1.2
      }
    },
    {
      "type": "Feature",
      "geometry": {
        "type": "Point",
        "coordinates": [
          86.27,
          19.98
        ]
      },
      "properties": {
        "station_id": "coast_4",
        "district": "Puri",
        "time_utc": "2019-05-02T20:00:00+00:00",
        "hours_to_landfall": -6.7,
        "surge_total_m": 1.97,
        "surge_ib_m": 0.77,
        "surge_wind_m": 0.0,
        "tide_m": 1.2
      }
    },
    {
      "type": "Feature",
      "geometry": {
        "type": "Point",
        "coordinates": [
          86.44,
          20.16
        ]
      },
      "properties": {
        "station_id": "coast_5",
        "district": "Jagatsinghpur",
        "time_utc": "2019-05-02T20:00:00+00:00",
        "hours_to_landfall": -6.7,
        "surge_total_m": 1.97,
        "surge_ib_m": 0.77,
        "surge_wind_m": 0.0,
        "tide_m": 1.2
      }
    },
    {
      "type": "Feature",
      "geometry": {
        "type": "Point",
        "coordinates": [
          86.67,
          20.29
        ]
      },
      "properties": {
        "station_id": "coast_6",
        "district": "Jagatsinghpur",
        "time_utc": "2019-05-02T20:00:00+00:00",
        "hours_to_landfall": -6.7,
        "surge_total_m": 1.97,
        "surge_ib_m": 0.77,
        "surge_wind_m": 0.0,
        "tide_m": 1.2
      }
    },
    {
      "type": "Feature",
      "geometry": {
        "type": "Point",
        "coordinates": [
          86.72,
          20.48
        ]
      },
      "properties": {
        "station_id": "coast_7",
        "district": "Kendrapara",
        "time_utc": "2019-05-02T20:00:00+00:00",
        "hours_to_landfall": -6.7,
        "surge_total_m": 1.97,
        "surge_ib_m": 0.77,
        "surge_wind_m": 0.0,
        "tide_m": 1.2
      }
    },
    {
      "type": "Feature",
      "geometry": {
        "type": "Point",
        "coordinates": [
          86.78,
          20.65
        ]
      },
      "properties": {
        "station_id": "coast_8",
        "district": "Kendrapara",
        "time_utc": "2019-05-02T20:00:00+00:00",
        "hours_to_landfall": -6.7,
        "surge_total_m": 1.97,
        "surge_ib_m": 0.77,
        "surge_wind_m": 0.0,
        "tide_m": 1.2
      }
    },
    {
      "type": "Feature",
      "geometry": {
        "type": "Point",
        "coordinates": [
          85.45,
          19.68
        ]
      },
      "properties": {
        "station_id": "coast_0",
        "district": "Puri",
        "time_utc": "2019-05-02T21:00:00+00:00",
        "hours_to_landfall": -5.7,
        "surge_total_m": 1.96,
        "surge_ib_m": 0.76,
        "surge_wind_m": 0.0,
        "tide_m": 1.2
      }
    },
    {
      "type": "Feature",
      "geometry": {
        "type": "Point",
        "coordinates": [
          85.65,
          19.75
        ]
      },
      "properties": {
        "station_id": "coast_1",
        "district": "Puri",
        "time_utc": "2019-05-02T21:00:00+00:00",
        "hours_to_landfall": -5.7,
        "surge_total_m": 1.96,
        "surge_ib_m": 0.76,
        "surge_wind_m": 0.0,
        "tide_m": 1.2
      }
    },
    {
      "type": "Feature",
      "geometry": {
        "type": "Point",
        "coordinates": [
          85.83,
          19.8
        ]
      },
      "properties": {
        "station_id": "coast_2",
        "district": "Puri",
        "time_utc": "2019-05-02T21:00:00+00:00",
        "hours_to_landfall": -5.7,
        "surge_total_m": 1.96,
        "surge_ib_m": 0.76,
        "surge_wind_m": 0.0,
        "tide_m": 1.2
      }
    },
    {
      "type": "Feature",
      "geometry": {
        "type": "Point",
        "coordinates": [
          86.05,
          19.87
        ]
      },
      "properties": {
        "station_id": "coast_3",
        "district": "Puri",
        "time_utc": "2019-05-02T21:00:00+00:00",
        "hours_to_landfall": -5.7,
        "surge_total_m": 1.96,
        "surge_ib_m": 0.76,
        "surge_wind_m": 0.0,
        "tide_m": 1.2
      }
    },
    {
      "type": "Feature",
      "geometry": {
        "type": "Point",
        "coordinates": [
          86.27,
          19.98
        ]
      },
      "properties": {
        "station_id": "coast_4",
        "district": "Puri",
        "time_utc": "2019-05-02T21:00:00+00:00",
        "hours_to_landfall": -5.7,
        "surge_total_m": 1.96,
        "surge_ib_m": 0.76,
        "surge_wind_m": 0.0,
        "tide_m": 1.2
      }
    },
    {
      "type": "Feature",
      "geometry": {
        "type": "Point",
        "coordinates": [
          86.44,
          20.16
        ]
      },
      "properties": {
        "station_id": "coast_5",
        "district": "Jagatsinghpur",
        "time_utc": "2019-05-02T21:00:00+00:00",
        "hours_to_landfall": -5.7,
        "surge_total_m": 1.96,
        "surge_ib_m": 0.76,
        "surge_wind_m": 0.0,
        "tide_m": 1.2
      }
    },
    {
      "type": "Feature",
      "geometry": {
        "type": "Point",
        "coordinates": [
          86.67,
          20.29
        ]
      },
      "properties": {
        "station_id": "coast_6",
        "district": "Jagatsinghpur",
        "time_utc": "2019-05-02T21:00:00+00:00",
        "hours_to_landfall": -5.7,
        "surge_total_m": 1.96,
        "surge_ib_m": 0.76,
        "surge_wind_m": 0.0,
        "tide_m": 1.2
      }
    },
    {
      "type": "Feature",
      "geometry": {
        "type": "Point",
        "coordinates": [
          86.72,
          20.48
        ]
      },
      "properties": {
        "station_id": "coast_7",
        "district": "Kendrapara",
        "time_utc": "2019-05-02T21:00:00+00:00",
        "hours_to_landfall": -5.7,
        "surge_total_m": 1.96,
        "surge_ib_m": 0.76,
        "surge_wind_m": 0.0,
        "tide_m": 1.2
      }
    },
    {
      "type": "Feature",
      "geometry": {
        "type": "Point",
        "coordinates": [
          86.78,
          20.65
        ]
      },
      "properties": {
        "station_id": "coast_8",
        "district": "Kendrapara",
        "time_utc": "2019-05-02T21:00:00+00:00",
        "hours_to_landfall": -5.7,
        "surge_total_m": 1.96,
        "surge_ib_m": 0.76,
        "surge_wind_m": 0.0,
        "tide_m": 1.2
      }
    },
    {
      "type": "Feature",
      "geometry": {
        "type": "Point",
        "coordinates": [
          85.45,
          19.68
        ]
      },
      "properties": {
        "station_id": "coast_0",
        "district": "Puri",
        "time_utc": "2019-05-02T22:00:00+00:00",
        "hours_to_landfall": -4.7,
        "surge_total_m": 1.93,
        "surge_ib_m": 0.73,
        "surge_wind_m": 0.0,
        "tide_m": 1.2
      }
    },
    {
      "type": "Feature",
      "geometry": {
        "type": "Point",
        "coordinates": [
          85.65,
          19.75
        ]
      },
      "properties": {
        "station_id": "coast_1",
        "district": "Puri",
        "time_utc": "2019-05-02T22:00:00+00:00",
        "hours_to_landfall": -4.7,
        "surge_total_m": 1.93,
        "surge_ib_m": 0.73,
        "surge_wind_m": 0.0,
        "tide_m": 1.2
      }
    },
    {
      "type": "Feature",
      "geometry": {
        "type": "Point",
        "coordinates": [
          85.83,
          19.8
        ]
      },
      "properties": {
        "station_id": "coast_2",
        "district": "Puri",
        "time_utc": "2019-05-02T22:00:00+00:00",
        "hours_to_landfall": -4.7,
        "surge_total_m": 1.93,
        "surge_ib_m": 0.73,
        "surge_wind_m": 0.0,
        "tide_m": 1.2
      }
    },
    {
      "type": "Feature",
      "geometry": {
        "type": "Point",
        "coordinates": [
          86.05,
          19.87
        ]
      },
      "properties": {
        "station_id": "coast_3",
        "district": "Puri",
        "time_utc": "2019-05-02T22:00:00+00:00",
        "hours_to_landfall": -4.7,
        "surge_total_m": 1.93,
        "surge_ib_m": 0.73,
        "surge_wind_m": 0.0,
        "tide_m": 1.2
      }
    },
    {
      "type": "Feature",
      "geometry": {
        "type": "Point",
        "coordinates": [
          86.27,
          19.98
        ]
      },
      "properties": {
        "station_id": "coast_4",
        "district": "Puri",
        "time_utc": "2019-05-02T22:00:00+00:00",
        "hours_to_landfall": -4.7,
        "surge_total_m": 1.93,
        "surge_ib_m": 0.73,
        "surge_wind_m": 0.0,
        "tide_m": 1.2
      }
    },
    {
      "type": "Feature",
      "geometry": {
        "type": "Point",
        "coordinates": [
          86.44,
          20.16
        ]
      },
      "properties": {
        "station_id": "coast_5",
        "district": "Jagatsinghpur",
        "time_utc": "2019-05-02T22:00:00+00:00",
        "hours_to_landfall": -4.7,
        "surge_total_m": 1.93,
        "surge_ib_m": 0.73,
        "surge_wind_m": 0.0,
        "tide_m": 1.2
      }
    },
    {
      "type": "Feature",
      "geometry": {
        "type": "Point",
        "coordinates": [
          86.67,
          20.29
        ]
      },
      "properties": {
        "station_id": "coast_6",
        "district": "Jagatsinghpur",
        "time_utc": "2019-05-02T22:00:00+00:00",
        "hours_to_landfall": -4.7,
        "surge_total_m": 1.93,
        "surge_ib_m": 0.73,
        "surge_wind_m": 0.0,
        "tide_m": 1.2
      }
    },
    {
      "type": "Feature",
      "geometry": {
        "type": "Point",
        "coordinates": [
          86.72,
          20.48
        ]
      },
      "properties": {
        "station_id": "coast_7",
        "district": "Kendrapara",
        "time_utc": "2019-05-02T22:00:00+00:00",
        "hours_to_landfall": -4.7,
        "surge_total_m": 1.93,
        "surge_ib_m": 0.73,
        "surge_wind_m": 0.0,
        "tide_m": 1.2
      }
    },
    {
      "type": "Feature",
      "geometry": {
        "type": "Point",
        "coordinates": [
          86.78,
          20.65
        ]
      },
      "properties": {
        "station_id": "coast_8",
        "district": "Kendrapara",
        "time_utc": "2019-05-02T22:00:00+00:00",
        "hours_to_landfall": -4.7,
        "surge_total_m": 1.93,
        "surge_ib_m": 0.73,
        "surge_wind_m": 0.0,
        "tide_m": 1.2
      }
    },
    {
      "type": "Feature",
      "geometry": {
        "type": "Point",
        "coordinates": [
          85.45,
          19.68
        ]
      },
      "properties": {
        "station_id": "coast_0",
        "district": "Puri",
        "time_utc": "2019-05-02T23:00:00+00:00",
        "hours_to_landfall": -3.7,
        "surge_total_m": 1.89,
        "surge_ib_m": 0.69,
        "surge_wind_m": 0.0,
        "tide_m": 1.2
      }
    },
    {
      "type": "Feature",
      "geometry": {
        "type": "Point",
        "coordinates": [
          85.65,
          19.75
        ]
      },
      "properties": {
        "station_id": "coast_1",
        "district": "Puri",
        "time_utc": "2019-05-02T23:00:00+00:00",
        "hours_to_landfall": -3.7,
        "surge_total_m": 1.89,
        "surge_ib_m": 0.69,
        "surge_wind_m": 0.0,
        "tide_m": 1.2
      }
    },
    {
      "type": "Feature",
      "geometry": {
        "type": "Point",
        "coordinates": [
          85.83,
          19.8
        ]
      },
      "properties": {
        "station_id": "coast_2",
        "district": "Puri",
        "time_utc": "2019-05-02T23:00:00+00:00",
        "hours_to_landfall": -3.7,
        "surge_total_m": 1.89,
        "surge_ib_m": 0.69,
        "surge_wind_m": 0.0,
        "tide_m": 1.2
      }
    },
    {
      "type": "Feature",
      "geometry": {
        "type": "Point",
        "coordinates": [
          86.05,
          19.87
        ]
      },
      "properties": {
        "station_id": "coast_3",
        "district": "Puri",
        "time_utc": "2019-05-02T23:00:00+00:00",
        "hours_to_landfall": -3.7,
        "surge_total_m": 1.89,
        "surge_ib_m": 0.69,
        "surge_wind_m": 0.0,
        "tide_m": 1.2
      }
    },
    {
      "type": "Feature",
      "geometry": {
        "type": "Point",
        "coordinates": [
          86.27,
          19.98
        ]
      },
      "properties": {
        "station_id": "coast_4",
        "district": "Puri",
        "time_utc": "2019-05-02T23:00:00+00:00",
        "hours_to_landfall": -3.7,
        "surge_total_m": 1.89,
        "surge_ib_m": 0.69,
        "surge_wind_m": 0.0,
        "tide_m": 1.2
      }
    },
    {
      "type": "Feature",
      "geometry": {
        "type": "Point",
        "coordinates": [
          86.44,
          20.16
        ]
      },
      "properties": {
        "station_id": "coast_5",
        "district": "Jagatsinghpur",
        "time_utc": "2019-05-02T23:00:00+00:00",
        "hours_to_landfall": -3.7,
        "surge_total_m": 1.89,
        "surge_ib_m": 0.69,
        "surge_wind_m": 0.0,
        "tide_m": 1.2
      }
    },
    {
      "type": "Feature",
      "geometry": {
        "type": "Point",
        "coordinates": [
          86.67,
          20.29
        ]
      },
      "properties": {
        "station_id": "coast_6",
        "district": "Jagatsinghpur",
        "time_utc": "2019-05-02T23:00:00+00:00",
        "hours_to_landfall": -3.7,
        "surge_total_m": 1.89,
        "surge_ib_m": 0.69,
        "surge_wind_m": 0.0,
        "tide_m": 1.2
      }
    },
    {
      "type": "Feature",
      "geometry": {
        "type": "Point",
        "coordinates": [
          86.72,
          20.48
        ]
      },
      "properties": {
        "station_id": "coast_7",
        "district": "Kendrapara",
        "time_utc": "2019-05-02T23:00:00+00:00",
        "hours_to_landfall": -3.7,
        "surge_total_m": 1.89,
        "surge_ib_m": 0.69,
        "surge_wind_m": 0.0,
        "tide_m": 1.2
      }
    },
    {
      "type": "Feature",
      "geometry": {
        "type": "Point",
        "coordinates": [
          86.78,
          20.65
        ]
      },
      "properties": {
        "station_id": "coast_8",
        "district": "Kendrapara",
        "time_utc": "2019-05-02T23:00:00+00:00",
        "hours_to_landfall": -3.7,
        "surge_total_m": 1.89,
        "surge_ib_m": 0.69,
        "surge_wind_m": 0.0,
        "tide_m": 1.2
      }
    },
    {
      "type": "Feature",
      "geometry": {
        "type": "Point",
        "coordinates": [
          85.45,
          19.68
        ]
      },
      "properties": {
        "station_id": "coast_0",
        "district": "Puri",
        "time_utc": "2019-05-03T00:00:00+00:00",
        "hours_to_landfall": -2.7,
        "surge_total_m": 1.85,
        "surge_ib_m": 0.65,
        "surge_wind_m": 0.0,
        "tide_m": 1.2
      }
    },
    {
      "type": "Feature",
      "geometry": {
        "type": "Point",
        "coordinates": [
          85.65,
          19.75
        ]
      },
      "properties": {
        "station_id": "coast_1",
        "district": "Puri",
        "time_utc": "2019-05-03T00:00:00+00:00",
        "hours_to_landfall": -2.7,
        "surge_total_m": 1.85,
        "surge_ib_m": 0.65,
        "surge_wind_m": 0.0,
        "tide_m": 1.2
      }
    },
    {
      "type": "Feature",
      "geometry": {
        "type": "Point",
        "coordinates": [
          85.83,
          19.8
        ]
      },
      "properties": {
        "station_id": "coast_2",
        "district": "Puri",
        "time_utc": "2019-05-03T00:00:00+00:00",
        "hours_to_landfall": -2.7,
        "surge_total_m": 1.85,
        "surge_ib_m": 0.65,
        "surge_wind_m": 0.0,
        "tide_m": 1.2
      }
    },
    {
      "type": "Feature",
      "geometry": {
        "type": "Point",
        "coordinates": [
          86.05,
          19.87
        ]
      },
      "properties": {
        "station_id": "coast_3",
        "district": "Puri",
        "time_utc": "2019-05-03T00:00:00+00:00",
        "hours_to_landfall": -2.7,
        "surge_total_m": 1.85,
        "surge_ib_m": 0.65,
        "surge_wind_m": 0.0,
        "tide_m": 1.2
      }
    },
    {
      "type": "Feature",
      "geometry": {
        "type": "Point",
        "coordinates": [
          86.27,
          19.98
        ]
      },
      "properties": {
        "station_id": "coast_4",
        "district": "Puri",
        "time_utc": "2019-05-03T00:00:00+00:00",
        "hours_to_landfall": -2.7,
        "surge_total_m": 1.85,
        "surge_ib_m": 0.65,
        "surge_wind_m": 0.0,
        "tide_m": 1.2
      }
    },
    {
      "type": "Feature",
      "geometry": {
        "type": "Point",
        "coordinates": [
          86.44,
          20.16
        ]
      },
      "properties": {
        "station_id": "coast_5",
        "district": "Jagatsinghpur",
        "time_utc": "2019-05-03T00:00:00+00:00",
        "hours_to_landfall": -2.7,
        "surge_total_m": 1.85,
        "surge_ib_m": 0.65,
        "surge_wind_m": 0.0,
        "tide_m": 1.2
      }
    },
    {
      "type": "Feature",
      "geometry": {
        "type": "Point",
        "coordinates": [
          86.67,
          20.29
        ]
      },
      "properties": {
        "station_id": "coast_6",
        "district": "Jagatsinghpur",
        "time_utc": "2019-05-03T00:00:00+00:00",
        "hours_to_landfall": -2.7,
        "surge_total_m": 1.85,
        "surge_ib_m": 0.65,
        "surge_wind_m": 0.0,
        "tide_m": 1.2
      }
    },
    {
      "type": "Feature",
      "geometry": {
        "type": "Point",
        "coordinates": [
          86.72,
          20.48
        ]
      },
      "properties": {
        "station_id": "coast_7",
        "district": "Kendrapara",
        "time_utc": "2019-05-03T00:00:00+00:00",
        "hours_to_landfall": -2.7,
        "surge_total_m": 1.85,
        "surge_ib_m": 0.65,
        "surge_wind_m": 0.0,
        "tide_m": 1.2
      }
    },
    {
      "type": "Feature",
      "geometry": {
        "type": "Point",
        "coordinates": [
          86.78,
          20.65
        ]
      },
      "properties": {
        "station_id": "coast_8",
        "district": "Kendrapara",
        "time_utc": "2019-05-03T00:00:00+00:00",
        "hours_to_landfall": -2.7,
        "surge_total_m": 1.85,
        "surge_ib_m": 0.65,
        "surge_wind_m": 0.0,
        "tide_m": 1.2
      }
    },
    {
      "type": "Feature",
      "geometry": {
        "type": "Point",
        "coordinates": [
          85.45,
          19.68
        ]
      },
      "properties": {
        "station_id": "coast_0",
        "district": "Puri",
        "time_utc": "2019-05-03T01:00:00+00:00",
        "hours_to_landfall": -1.7,
        "surge_total_m": 1.83,
        "surge_ib_m": 0.63,
        "surge_wind_m": 0.0,
        "tide_m": 1.2
      }
    },
    {
      "type": "Feature",
      "geometry": {
        "type": "Point",
        "coordinates": [
          85.65,
          19.75
        ]
      },
      "properties": {
        "station_id": "coast_1",
        "district": "Puri",
        "time_utc": "2019-05-03T01:00:00+00:00",
        "hours_to_landfall": -1.7,
        "surge_total_m": 1.83,
        "surge_ib_m": 0.63,
        "surge_wind_m": 0.0,
        "tide_m": 1.2
      }
    },
    {
      "type": "Feature",
      "geometry": {
        "type": "Point",
        "coordinates": [
          85.83,
          19.8
        ]
      },
      "properties": {
        "station_id": "coast_2",
        "district": "Puri",
        "time_utc": "2019-05-03T01:00:00+00:00",
        "hours_to_landfall": -1.7,
        "surge_total_m": 1.83,
        "surge_ib_m": 0.63,
        "surge_wind_m": 0.0,
        "tide_m": 1.2
      }
    },
    {
      "type": "Feature",
      "geometry": {
        "type": "Point",
        "coordinates": [
          86.05,
          19.87
        ]
      },
      "properties": {
        "station_id": "coast_3",
        "district": "Puri",
        "time_utc": "2019-05-03T01:00:00+00:00",
        "hours_to_landfall": -1.7,
        "surge_total_m": 1.83,
        "surge_ib_m": 0.63,
        "surge_wind_m": 0.0,
        "tide_m": 1.2
      }
    },
    {
      "type": "Feature",
      "geometry": {
        "type": "Point",
        "coordinates": [
          86.27,
          19.98
        ]
      },
      "properties": {
        "station_id": "coast_4",
        "district": "Puri",
        "time_utc": "2019-05-03T01:00:00+00:00",
        "hours_to_landfall": -1.7,
        "surge_total_m": 1.83,
        "surge_ib_m": 0.63,
        "surge_wind_m": 0.0,
        "tide_m": 1.2
      }
    },
    {
      "type": "Feature",
      "geometry": {
        "type": "Point",
        "coordinates": [
          86.44,
          20.16
        ]
      },
      "properties": {
        "station_id": "coast_5",
        "district": "Jagatsinghpur",
        "time_utc": "2019-05-03T01:00:00+00:00",
        "hours_to_landfall": -1.7,
        "surge_total_m": 1.83,
        "surge_ib_m": 0.63,
        "surge_wind_m": 0.0,
        "tide_m": 1.2
      }
    },
    {
      "type": "Feature",
      "geometry": {
        "type": "Point",
        "coordinates": [
          86.67,
          20.29
        ]
      },
      "properties": {
        "station_id": "coast_6",
        "district": "Jagatsinghpur",
        "time_utc": "2019-05-03T01:00:00+00:00",
        "hours_to_landfall": -1.7,
        "surge_total_m": 1.83,
        "surge_ib_m": 0.63,
        "surge_wind_m": 0.0,
        "tide_m": 1.2
      }
    },
    {
      "type": "Feature",
      "geometry": {
        "type": "Point",
        "coordinates": [
          86.72,
          20.48
        ]
      },
      "properties": {
        "station_id": "coast_7",
        "district": "Kendrapara",
        "time_utc": "2019-05-03T01:00:00+00:00",
        "hours_to_landfall": -1.7,
        "surge_total_m": 1.83,
        "surge_ib_m": 0.63,
        "surge_wind_m": 0.0,
        "tide_m": 1.2
      }
    },
    {
      "type": "Feature",
      "geometry": {
        "type": "Point",
        "coordinates": [
          86.78,
          20.65
        ]
      },
      "properties": {
        "station_id": "coast_8",
        "district": "Kendrapara",
        "time_utc": "2019-05-03T01:00:00+00:00",
        "hours_to_landfall": -1.7,
        "surge_total_m": 1.83,
        "surge_ib_m": 0.63,
        "surge_wind_m": 0.0,
        "tide_m": 1.2
      }
    },
    {
      "type": "Feature",
      "geometry": {
        "type": "Point",
        "coordinates": [
          85.45,
          19.68
        ]
      },
      "properties": {
        "station_id": "coast_0",
        "district": "Puri",
        "time_utc": "2019-05-03T02:00:00+00:00",
        "hours_to_landfall": -0.7,
        "surge_total_m": 1.81,
        "surge_ib_m": 0.61,
        "surge_wind_m": 0.0,
        "tide_m": 1.2
      }
    },
    {
      "type": "Feature",
      "geometry": {
        "type": "Point",
        "coordinates": [
          85.65,
          19.75
        ]
      },
      "properties": {
        "station_id": "coast_1",
        "district": "Puri",
        "time_utc": "2019-05-03T02:00:00+00:00",
        "hours_to_landfall": -0.7,
        "surge_total_m": 1.81,
        "surge_ib_m": 0.61,
        "surge_wind_m": 0.0,
        "tide_m": 1.2
      }
    },
    {
      "type": "Feature",
      "geometry": {
        "type": "Point",
        "coordinates": [
          85.83,
          19.8
        ]
      },
      "properties": {
        "station_id": "coast_2",
        "district": "Puri",
        "time_utc": "2019-05-03T02:00:00+00:00",
        "hours_to_landfall": -0.7,
        "surge_total_m": 1.81,
        "surge_ib_m": 0.61,
        "surge_wind_m": 0.0,
        "tide_m": 1.2
      }
    },
    {
      "type": "Feature",
      "geometry": {
        "type": "Point",
        "coordinates": [
          86.05,
          19.87
        ]
      },
      "properties": {
        "station_id": "coast_3",
        "district": "Puri",
        "time_utc": "2019-05-03T02:00:00+00:00",
        "hours_to_landfall": -0.7,
        "surge_total_m": 1.81,
        "surge_ib_m": 0.61,
        "surge_wind_m": 0.0,
        "tide_m": 1.2
      }
    },
    {
      "type": "Feature",
      "geometry": {
        "type": "Point",
        "coordinates": [
          86.27,
          19.98
        ]
      },
      "properties": {
        "station_id": "coast_4",
        "district": "Puri",
        "time_utc": "2019-05-03T02:00:00+00:00",
        "hours_to_landfall": -0.7,
        "surge_total_m": 1.81,
        "surge_ib_m": 0.61,
        "surge_wind_m": 0.0,
        "tide_m": 1.2
      }
    },
    {
      "type": "Feature",
      "geometry": {
        "type": "Point",
        "coordinates": [
          86.44,
          20.16
        ]
      },
      "properties": {
        "station_id": "coast_5",
        "district": "Jagatsinghpur",
        "time_utc": "2019-05-03T02:00:00+00:00",
        "hours_to_landfall": -0.7,
        "surge_total_m": 1.81,
        "surge_ib_m": 0.61,
        "surge_wind_m": 0.0,
        "tide_m": 1.2
      }
    },
    {
      "type": "Feature",
      "geometry": {
        "type": "Point",
        "coordinates": [
          86.67,
          20.29
        ]
      },
      "properties": {
        "station_id": "coast_6",
        "district": "Jagatsinghpur",
        "time_utc": "2019-05-03T02:00:00+00:00",
        "hours_to_landfall": -0.7,
        "surge_total_m": 1.81,
        "surge_ib_m": 0.61,
        "surge_wind_m": 0.0,
        "tide_m": 1.2
      }
    },
    {
      "type": "Feature",
      "geometry": {
        "type": "Point",
        "coordinates": [
          86.72,
          20.48
        ]
      },
      "properties": {
        "station_id": "coast_7",
        "district": "Kendrapara",
        "time_utc": "2019-05-03T02:00:00+00:00",
        "hours_to_landfall": -0.7,
        "surge_total_m": 1.81,
        "surge_ib_m": 0.61,
        "surge_wind_m": 0.0,
        "tide_m": 1.2
      }
    },
    {
      "type": "Feature",
      "geometry": {
        "type": "Point",
        "coordinates": [
          86.78,
          20.65
        ]
      },
      "properties": {
        "station_id": "coast_8",
        "district": "Kendrapara",
        "time_utc": "2019-05-03T02:00:00+00:00",
        "hours_to_landfall": -0.7,
        "surge_total_m": 1.81,
        "surge_ib_m": 0.61,
        "surge_wind_m": 0.0,
        "tide_m": 1.2
      }
    },
    {
      "type": "Feature",
      "geometry": {
        "type": "Point",
        "coordinates": [
          85.45,
          19.68
        ]
      },
      "properties": {
        "station_id": "coast_0",
        "district": "Puri",
        "time_utc": "2019-05-03T03:00:00+00:00",
        "hours_to_landfall": 0.3,
        "surge_total_m": 2.71,
        "surge_ib_m": 0.58,
        "surge_wind_m": 0.93,
        "tide_m": 1.2
      }
    },
    {
      "type": "Feature",
      "geometry": {
        "type": "Point",
        "coordinates": [
          85.65,
          19.75
        ]
      },
      "properties": {
        "station_id": "coast_1",
        "district": "Puri",
        "time_utc": "2019-05-03T03:00:00+00:00",
        "hours_to_landfall": 0.3,
        "surge_total_m": 1.78,
        "surge_ib_m": 0.58,
        "surge_wind_m": 0.0,
        "tide_m": 1.2
      }
    },
    {
      "type": "Feature",
      "geometry": {
        "type": "Point",
        "coordinates": [
          85.83,
          19.8
        ]
      },
      "properties": {
        "station_id": "coast_2",
        "district": "Puri",
        "time_utc": "2019-05-03T03:00:00+00:00",
        "hours_to_landfall": 0.3,
        "surge_total_m": 1.78,
        "surge_ib_m": 0.58,
        "surge_wind_m": 0.0,
        "tide_m": 1.2
      }
    },
    {
      "type": "Feature",
      "geometry": {
        "type": "Point",
        "coordinates": [
          86.05,
          19.87
        ]
      },
      "properties": {
        "station_id": "coast_3",
        "district": "Puri",
        "time_utc": "2019-05-03T03:00:00+00:00",
        "hours_to_landfall": 0.3,
        "surge_total_m": 1.78,
        "surge_ib_m": 0.58,
        "surge_wind_m": 0.0,
        "tide_m": 1.2
      }
    },
    {
      "type": "Feature",
      "geometry": {
        "type": "Point",
        "coordinates": [
          86.27,
          19.98
        ]
      },
      "properties": {
        "station_id": "coast_4",
        "district": "Puri",
        "time_utc": "2019-05-03T03:00:00+00:00",
        "hours_to_landfall": 0.3,
        "surge_total_m": 1.78,
        "surge_ib_m": 0.58,
        "surge_wind_m": 0.0,
        "tide_m": 1.2
      }
    },
    {
      "type": "Feature",
      "geometry": {
        "type": "Point",
        "coordinates": [
          86.44,
          20.16
        ]
      },
      "properties": {
        "station_id": "coast_5",
        "district": "Jagatsinghpur",
        "time_utc": "2019-05-03T03:00:00+00:00",
        "hours_to_landfall": 0.3,
        "surge_total_m": 1.78,
        "surge_ib_m": 0.58,
        "surge_wind_m": 0.0,
        "tide_m": 1.2
      }
    },
    {
      "type": "Feature",
      "geometry": {
        "type": "Point",
        "coordinates": [
          86.67,
          20.29
        ]
      },
      "properties": {
        "station_id": "coast_6",
        "district": "Jagatsinghpur",
        "time_utc": "2019-05-03T03:00:00+00:00",
        "hours_to_landfall": 0.3,
        "surge_total_m": 1.78,
        "surge_ib_m": 0.58,
        "surge_wind_m": 0.0,
        "tide_m": 1.2
      }
    },
    {
      "type": "Feature",
      "geometry": {
        "type": "Point",
        "coordinates": [
          86.72,
          20.48
        ]
      },
      "properties": {
        "station_id": "coast_7",
        "district": "Kendrapara",
        "time_utc": "2019-05-03T03:00:00+00:00",
        "hours_to_landfall": 0.3,
        "surge_total_m": 1.78,
        "surge_ib_m": 0.58,
        "surge_wind_m": 0.0,
        "tide_m": 1.2
      }
    },
    {
      "type": "Feature",
      "geometry": {
        "type": "Point",
        "coordinates": [
          86.78,
          20.65
        ]
      },
      "properties": {
        "station_id": "coast_8",
        "district": "Kendrapara",
        "time_utc": "2019-05-03T03:00:00+00:00",
        "hours_to_landfall": 0.3,
        "surge_total_m": 1.78,
        "surge_ib_m": 0.58,
        "surge_wind_m": 0.0,
        "tide_m": 1.2
      }
    },
    {
      "type": "Feature",
      "geometry": {
        "type": "Point",
        "coordinates": [
          85.45,
          19.68
        ]
      },
      "properties": {
        "station_id": "coast_0",
        "district": "Puri",
        "time_utc": "2019-05-03T04:00:00+00:00",
        "hours_to_landfall": 1.3,
        "surge_total_m": 4.41,
        "surge_ib_m": 0.54,
        "surge_wind_m": 2.67,
        "tide_m": 1.2
      }
    },
    {
      "type": "Feature",
      "geometry": {
        "type": "Point",
        "coordinates": [
          85.65,
          19.75
        ]
      },
      "properties": {
        "station_id": "coast_1",
        "district": "Puri",
        "time_utc": "2019-05-03T04:00:00+00:00",
        "hours_to_landfall": 1.3,
        "surge_total_m": 2.2,
        "surge_ib_m": 0.54,
        "surge_wind_m": 0.47,
        "tide_m": 1.2
      }
    },
    {
      "type": "Feature",
      "geometry": {
        "type": "Point",
        "coordinates": [
          85.83,
          19.8
        ]
      },
      "properties": {
        "station_id": "coast_2",
        "district": "Puri",
        "time_utc": "2019-05-03T04:00:00+00:00",
        "hours_to_landfall": 1.3,
        "surge_total_m": 1.73,
        "surge_ib_m": 0.54,
        "surge_wind_m": 0.0,
        "tide_m": 1.2
      }
    },
    {
      "type": "Feature",
      "geometry": {
        "type": "Point",
        "coordinates": [
          86.05,
          19.87
        ]
      },
      "properties": {
        "station_id": "coast_3",
        "district": "Puri",
        "time_utc": "2019-05-03T04:00:00+00:00",
        "hours_to_landfall": 1.3,
        "surge_total_m": 1.73,
        "surge_ib_m": 0.54,
        "surge_wind_m": 0.0,
        "tide_m": 1.2
      }
    },
    {
      "type": "Feature",
      "geometry": {
        "type": "Point",
        "coordinates": [
          86.27,
          19.98
        ]
      },
      "properties": {
        "station_id": "coast_4",
        "district": "Puri",
        "time_utc": "2019-05-03T04:00:00+00:00",
        "hours_to_landfall": 1.3,
        "surge_total_m": 1.73,
        "surge_ib_m": 0.54,
        "surge_wind_m": 0.0,
        "tide_m": 1.2
      }
    },
    {
      "type": "Feature",
      "geometry": {
        "type": "Point",
        "coordinates": [
          86.44,
          20.16
        ]
      },
      "properties": {
        "station_id": "coast_5",
        "district": "Jagatsinghpur",
        "time_utc": "2019-05-03T04:00:00+00:00",
        "hours_to_landfall": 1.3,
        "surge_total_m": 1.73,
        "surge_ib_m": 0.54,
        "surge_wind_m": 0.0,
        "tide_m": 1.2
      }
    },
    {
      "type": "Feature",
      "geometry": {
        "type": "Point",
        "coordinates": [
          86.67,
          20.29
        ]
      },
      "properties": {
        "station_id": "coast_6",
        "district": "Jagatsinghpur",
        "time_utc": "2019-05-03T04:00:00+00:00",
        "hours_to_landfall": 1.3,
        "surge_total_m": 1.73,
        "surge_ib_m": 0.54,
        "surge_wind_m": 0.0,
        "tide_m": 1.2
      }
    },
    {
      "type": "Feature",
      "geometry": {
        "type": "Point",
        "coordinates": [
          86.72,
          20.48
        ]
      },
      "properties": {
        "station_id": "coast_7",
        "district": "Kendrapara",
        "time_utc": "2019-05-03T04:00:00+00:00",
        "hours_to_landfall": 1.3,
        "surge_total_m": 1.73,
        "surge_ib_m": 0.54,
        "surge_wind_m": 0.0,
        "tide_m": 1.2
      }
    },
    {
      "type": "Feature",
      "geometry": {
        "type": "Point",
        "coordinates": [
          86.78,
          20.65
        ]
      },
      "properties": {
        "station_id": "coast_8",
        "district": "Kendrapara",
        "time_utc": "2019-05-03T04:00:00+00:00",
        "hours_to_landfall": 1.3,
        "surge_total_m": 1.73,
        "surge_ib_m": 0.54,
        "surge_wind_m": 0.0,
        "tide_m": 1.2
      }
    },
    {
      "type": "Feature",
      "geometry": {
        "type": "Point",
        "coordinates": [
          85.45,
          19.68
        ]
      },
      "properties": {
        "station_id": "coast_0",
        "district": "Puri",
        "time_utc": "2019-05-03T05:00:00+00:00",
        "hours_to_landfall": 2.3,
        "surge_total_m": 3.37,
        "surge_ib_m": 0.48,
        "surge_wind_m": 1.69,
        "tide_m": 1.2
      }
    },
    {
      "type": "Feature",
      "geometry": {
        "type": "Point",
        "coordinates": [
          85.65,
          19.75
        ]
      },
      "properties": {
        "station_id": "coast_1",
        "district": "Puri",
        "time_utc": "2019-05-03T05:00:00+00:00",
        "hours_to_landfall": 2.3,
        "surge_total_m": 4.22,
        "surge_ib_m": 0.48,
        "surge_wind_m": 2.54,
        "tide_m": 1.2
      }
    },
    {
      "type": "Feature",
      "geometry": {
        "type": "Point",
        "coordinates": [
          85.83,
          19.8
        ]
      },
      "properties": {
        "station_id": "coast_2",
        "district": "Puri",
        "time_utc": "2019-05-03T05:00:00+00:00",
        "hours_to_landfall": 2.3,
        "surge_total_m": 2.41,
        "surge_ib_m": 0.48,
        "surge_wind_m": 0.72,
        "tide_m": 1.2
      }
    },
    {
      "type": "Feature",
      "geometry": {
        "type": "Point",
        "coordinates": [
          86.05,
          19.87
        ]
      },
      "properties": {
        "station_id": "coast_3",
        "district": "Puri",
        "time_utc": "2019-05-03T05:00:00+00:00",
        "hours_to_landfall": 2.3,
        "surge_total_m": 1.68,
        "surge_ib_m": 0.48,
        "surge_wind_m": 0.0,
        "tide_m": 1.2
      }
    },
    {
      "type": "Feature",
      "geometry": {
        "type": "Point",
        "coordinates": [
          86.27,
          19.98
        ]
      },
      "properties": {
        "station_id": "coast_4",
        "district": "Puri",
        "time_utc": "2019-05-03T05:00:00+00:00",
        "hours_to_landfall": 2.3,
        "surge_total_m": 1.68,
        "surge_ib_m": 0.48,
        "surge_wind_m": 0.0,
        "tide_m": 1.2
      }
    },
    {
      "type": "Feature",
      "geometry": {
        "type": "Point",
        "coordinates": [
          86.44,
          20.16
        ]
      },
      "properties": {
        "station_id": "coast_5",
        "district": "Jagatsinghpur",
        "time_utc": "2019-05-03T05:00:00+00:00",
        "hours_to_landfall": 2.3,
        "surge_total_m": 1.68,
        "surge_ib_m": 0.48,
        "surge_wind_m": 0.0,
        "tide_m": 1.2
      }
    },
    {
      "type": "Feature",
      "geometry": {
        "type": "Point",
        "coordinates": [
          86.67,
          20.29
        ]
      },
      "properties": {
        "station_id": "coast_6",
        "district": "Jagatsinghpur",
        "time_utc": "2019-05-03T05:00:00+00:00",
        "hours_to_landfall": 2.3,
        "surge_total_m": 1.68,
        "surge_ib_m": 0.48,
        "surge_wind_m": 0.0,
        "tide_m": 1.2
      }
    },
    {
      "type": "Feature",
      "geometry": {
        "type": "Point",
        "coordinates": [
          86.72,
          20.48
        ]
      },
      "properties": {
        "station_id": "coast_7",
        "district": "Kendrapara",
        "time_utc": "2019-05-03T05:00:00+00:00",
        "hours_to_landfall": 2.3,
        "surge_total_m": 1.68,
        "surge_ib_m": 0.48,
        "surge_wind_m": 0.0,
        "tide_m": 1.2
      }
    },
    {
      "type": "Feature",
      "geometry": {
        "type": "Point",
        "coordinates": [
          86.78,
          20.65
        ]
      },
      "properties": {
        "station_id": "coast_8",
        "district": "Kendrapara",
        "time_utc": "2019-05-03T05:00:00+00:00",
        "hours_to_landfall": 2.3,
        "surge_total_m": 1.68,
        "surge_ib_m": 0.48,
        "surge_wind_m": 0.0,
        "tide_m": 1.2
      }
    },
    {
      "type": "Feature",
      "geometry": {
        "type": "Point",
        "coordinates": [
          85.45,
          19.68
        ]
      },
      "properties": {
        "station_id": "coast_0",
        "district": "Puri",
        "time_utc": "2019-05-03T06:00:00+00:00",
        "hours_to_landfall": 3.3,
        "surge_total_m": 2.73,
        "surge_ib_m": 0.44,
        "surge_wind_m": 1.09,
        "tide_m": 1.2
      }
    },
    {
      "type": "Feature",
      "geometry": {
        "type": "Point",
        "coordinates": [
          85.65,
          19.75
        ]
      },
      "properties": {
        "station_id": "coast_1",
        "district": "Puri",
        "time_utc": "2019-05-03T06:00:00+00:00",
        "hours_to_landfall": 3.3,
        "surge_total_m": 2.98,
        "surge_ib_m": 0.44,
        "surge_wind_m": 1.34,
        "tide_m": 1.2
      }
    },
    {
      "type": "Feature",
      "geometry": {
        "type": "Point",
        "coordinates": [
          85.83,
          19.8
        ]
      },
      "properties": {
        "station_id": "coast_2",
        "district": "Puri",
        "time_utc": "2019-05-03T06:00:00+00:00",
        "hours_to_landfall": 3.3,
        "surge_total_m": 2.91,
        "surge_ib_m": 0.44,
        "surge_wind_m": 1.27,
        "tide_m": 1.2
      }
    },
    {
      "type": "Feature",
      "geometry": {
        "type": "Point",
        "coordinates": [
          86.05,
          19.87
        ]
      },
      "properties": {
        "station_id": "coast_3",
        "district": "Puri",
        "time_utc": "2019-05-03T06:00:00+00:00",
        "hours_to_landfall": 3.3,
        "surge_total_m": 1.89,
        "surge_ib_m": 0.44,
        "surge_wind_m": 0.25,
        "tide_m": 1.2
      }
    },
    {
      "type": "Feature",
      "geometry": {
        "type": "Point",
        "coordinates": [
          86.27,
          19.98
        ]
      },
      "properties": {
        "station_id": "coast_4",
        "district": "Puri",
        "time_utc": "2019-05-03T06:00:00+00:00",
        "hours_to_landfall": 3.3,
        "surge_total_m": 1.64,
        "surge_ib_m": 0.44,
        "surge_wind_m": 0.0,
        "tide_m": 1.2
      }
    },
    {
      "type": "Feature",
      "geometry": {
        "type": "Point",
        "coordinates": [
          86.44,
          20.16
        ]
      },
      "properties": {
        "station_id": "coast_5",
        "district": "Jagatsinghpur",
        "time_utc": "2019-05-03T06:00:00+00:00",
        "hours_to_landfall": 3.3,
        "surge_total_m": 1.64,
        "surge_ib_m": 0.44,
        "surge_wind_m": 0.0,
        "tide_m": 1.2
      }
    },
    {
      "type": "Feature",
      "geometry": {
        "type": "Point",
        "coordinates": [
          86.67,
          20.29
        ]
      },
      "properties": {
        "station_id": "coast_6",
        "district": "Jagatsinghpur",
        "time_utc": "2019-05-03T06:00:00+00:00",
        "hours_to_landfall": 3.3,
        "surge_total_m": 1.64,
        "surge_ib_m": 0.44,
        "surge_wind_m": 0.0,
        "tide_m": 1.2
      }
    },
    {
      "type": "Feature",
      "geometry": {
        "type": "Point",
        "coordinates": [
          86.72,
          20.48
        ]
      },
      "properties": {
        "station_id": "coast_7",
        "district": "Kendrapara",
        "time_utc": "2019-05-03T06:00:00+00:00",
        "hours_to_landfall": 3.3,
        "surge_total_m": 1.64,
        "surge_ib_m": 0.44,
        "surge_wind_m": 0.0,
        "tide_m": 1.2
      }
    },
    {
      "type": "Feature",
      "geometry": {
        "type": "Point",
        "coordinates": [
          86.78,
          20.65
        ]
      },
      "properties": {
        "station_id": "coast_8",
        "district": "Kendrapara",
        "time_utc": "2019-05-03T06:00:00+00:00",
        "hours_to_landfall": 3.3,
        "surge_total_m": 1.64,
        "surge_ib_m": 0.44,
        "surge_wind_m": 0.0,
        "tide_m": 1.2
      }
    },
    {
      "type": "Feature",
      "geometry": {
        "type": "Point",
        "coordinates": [
          85.45,
          19.68
        ]
      },
      "properties": {
        "station_id": "coast_0",
        "district": "Puri",
        "time_utc": "2019-05-03T07:00:00+00:00",
        "hours_to_landfall": 4.3,
        "surge_total_m": 2.4,
        "surge_ib_m": 0.42,
        "surge_wind_m": 0.78,
        "tide_m": 1.2
      }
    },
    {
      "type": "Feature",
      "geometry": {
        "type": "Point",
        "coordinates": [
          85.65,
          19.75
        ]
      },
      "properties": {
        "station_id": "coast_1",
        "district": "Puri",
        "time_utc": "2019-05-03T07:00:00+00:00",
        "hours_to_landfall": 4.3,
        "surge_total_m": 2.5,
        "surge_ib_m": 0.42,
        "surge_wind_m": 0.88,
        "tide_m": 1.2
      }
    },
    {
      "type": "Feature",
      "geometry": {
        "type": "Point",
        "coordinates": [
          85.83,
          19.8
        ]
      },
      "properties": {
        "station_id": "coast_2",
        "district": "Puri",
        "time_utc": "2019-05-03T07:00:00+00:00",
        "hours_to_landfall": 4.3,
        "surge_total_m": 2.44,
        "surge_ib_m": 0.42,
        "surge_wind_m": 0.82,
        "tide_m": 1.2
      }
    },
    {
      "type": "Feature",
      "geometry": {
        "type": "Point",
        "coordinates": [
          86.05,
          19.87
        ]
      },
      "properties": {
        "station_id": "coast_3",
        "district": "Puri",
        "time_utc": "2019-05-03T07:00:00+00:00",
        "hours_to_landfall": 4.3,
        "surge_total_m": 2.04,
        "surge_ib_m": 0.42,
        "surge_wind_m": 0.42,
        "tide_m": 1.2
      }
    },
    {
      "type": "Feature",
      "geometry": {
        "type": "Point",
        "coordinates": [
          86.27,
          19.98
        ]
      },
      "properties": {
        "station_id": "coast_4",
        "district": "Puri",
        "time_utc": "2019-05-03T07:00:00+00:00",
        "hours_to_landfall": 4.3,
        "surge_total_m": 1.66,
        "surge_ib_m": 0.42,
        "surge_wind_m": 0.04,
        "tide_m": 1.2
      }
    },
    {
      "type": "Feature",
      "geometry": {
        "type": "Point",
        "coordinates": [
          86.44,
          20.16
        ]
      },
      "properties": {
        "station_id": "coast_5",
        "district": "Jagatsinghpur",
        "time_utc": "2019-05-03T07:00:00+00:00",
        "hours_to_landfall": 4.3,
        "surge_total_m": 1.62,
        "surge_ib_m": 0.42,
        "surge_wind_m": 0.0,
        "tide_m": 1.2
      }
    },
    {
      "type": "Feature",
      "geometry": {
        "type": "Point",
        "coordinates": [
          86.67,
          20.29
        ]
      },
      "properties": {
        "station_id": "coast_6",
        "district": "Jagatsinghpur",
        "time_utc": "2019-05-03T07:00:00+00:00",
        "hours_to_landfall": 4.3,
        "surge_total_m": 1.62,
        "surge_ib_m": 0.42,
        "surge_wind_m": 0.0,
        "tide_m": 1.2
      }
    },
    {
      "type": "Feature",
      "geometry": {
        "type": "Point",
        "coordinates": [
          86.72,
          20.48
        ]
      },
      "properties": {
        "station_id": "coast_7",
        "district": "Kendrapara",
        "time_utc": "2019-05-03T07:00:00+00:00",
        "hours_to_landfall": 4.3,
        "surge_total_m": 1.62,
        "surge_ib_m": 0.42,
        "surge_wind_m": 0.0,
        "tide_m": 1.2
      }
    },
    {
      "type": "Feature",
      "geometry": {
        "type": "Point",
        "coordinates": [
          86.78,
          20.65
        ]
      },
      "properties": {
        "station_id": "coast_8",
        "district": "Kendrapara",
        "time_utc": "2019-05-03T07:00:00+00:00",
        "hours_to_landfall": 4.3,
        "surge_total_m": 1.62,
        "surge_ib_m": 0.42,
        "surge_wind_m": 0.0,
        "tide_m": 1.2
      }
    },
    {
      "type": "Feature",
      "geometry": {
        "type": "Point",
        "coordinates": [
          85.45,
          19.68
        ]
      },
      "properties": {
        "station_id": "coast_0",
        "district": "Puri",
        "time_utc": "2019-05-03T08:00:00+00:00",
        "hours_to_landfall": 5.3,
        "surge_total_m": 2.21,
        "surge_ib_m": 0.41,
        "surge_wind_m": 0.6,
        "tide_m": 1.2
      }
    },
    {
      "type": "Feature",
      "geometry": {
        "type": "Point",
        "coordinates": [
          85.65,
          19.75
        ]
      },
      "properties": {
        "station_id": "coast_1",
        "district": "Puri",
        "time_utc": "2019-05-03T08:00:00+00:00",
        "hours_to_landfall": 5.3,
        "surge_total_m": 2.25,
        "surge_ib_m": 0.41,
        "surge_wind_m": 0.65,
        "tide_m": 1.2
      }
    },
    {
      "type": "Feature",
      "geometry": {
        "type": "Point",
        "coordinates": [
          85.83,
          19.8
        ]
      },
      "properties": {
        "station_id": "coast_2",
        "district": "Puri",
        "time_utc": "2019-05-03T08:00:00+00:00",
        "hours_to_landfall": 5.3,
        "surge_total_m": 2.21,
        "surge_ib_m": 0.41,
        "surge_wind_m": 0.6,
        "tide_m": 1.2
      }
    },
    {
      "type": "Feature",
      "geometry": {
        "type": "Point",
        "coordinates": [
          86.05,
          19.87
        ]
      },
      "properties": {
        "station_id": "coast_3",
        "district": "Puri",
        "time_utc": "2019-05-03T08:00:00+00:00",
        "hours_to_landfall": 5.3,
        "surge_total_m": 2.01,
        "surge_ib_m": 0.41,
        "surge_wind_m": 0.4,
        "tide_m": 1.2
      }
    },
    {
      "type": "Feature",
      "geometry": {
        "type": "Point",
        "coordinates": [
          86.27,
          19.98
        ]
      },
      "properties": {
        "station_id": "coast_4",
        "district": "Puri",
        "time_utc": "2019-05-03T08:00:00+00:00",
        "hours_to_landfall": 5.3,
        "surge_total_m": 1.86,
        "surge_ib_m": 0.41,
        "surge_wind_m": 0.25,
        "tide_m": 1.2
      }
    },
    {
      "type": "Feature",
      "geometry": {
        "type": "Point",
        "coordinates": [
          86.44,
          20.16
        ]
      },
      "properties": {
        "station_id": "coast_5",
        "district": "Jagatsinghpur",
        "time_utc": "2019-05-03T08:00:00+00:00",
        "hours_to_landfall": 5.3,
        "surge_total_m": 1.63,
        "surge_ib_m": 0.41,
        "surge_wind_m": 0.02,
        "tide_m": 1.2
      }
    },
    {
      "type": "Feature",
      "geometry": {
        "type": "Point",
        "coordinates": [
          86.67,
          20.29
        ]
      },
      "properties": {
        "station_id": "coast_6",
        "district": "Jagatsinghpur",
        "time_utc": "2019-05-03T08:00:00+00:00",
        "hours_to_landfall": 5.3,
        "surge_total_m": 1.61,
        "surge_ib_m": 0.41,
        "surge_wind_m": 0.0,
        "tide_m": 1.2
      }
    },
    {
      "type": "Feature",
      "geometry": {
        "type": "Point",
        "coordinates": [
          86.72,
          20.48
        ]
      },
      "properties": {
        "station_id": "coast_7",
        "district": "Kendrapara",
        "time_utc": "2019-05-03T08:00:00+00:00",
        "hours_to_landfall": 5.3,
        "surge_total_m": 1.61,
        "surge_ib_m": 0.41,
        "surge_wind_m": 0.0,
        "tide_m": 1.2
      }
    },
    {
      "type": "Feature",
      "geometry": {
        "type": "Point",
        "coordinates": [
          86.78,
          20.65
        ]
      },
      "properties": {
        "station_id": "coast_8",
        "district": "Kendrapara",
        "time_utc": "2019-05-03T08:00:00+00:00",
        "hours_to_landfall": 5.3,
        "surge_total_m": 1.61,
        "surge_ib_m": 0.41,
        "surge_wind_m": 0.0,
        "tide_m": 1.2
      }
    },
    {
      "type": "Feature",
      "geometry": {
        "type": "Point",
        "coordinates": [
          85.45,
          19.68
        ]
      },
      "properties": {
        "station_id": "coast_0",
        "district": "Puri",
        "time_utc": "2019-05-03T09:00:00+00:00",
        "hours_to_landfall": 6.3,
        "surge_total_m": 2.08,
        "surge_ib_m": 0.4,
        "surge_wind_m": 0.48,
        "tide_m": 1.2
      }
    },
    {
      "type": "Feature",
      "geometry": {
        "type": "Point",
        "coordinates": [
          85.65,
          19.75
        ]
      },
      "properties": {
        "station_id": "coast_1",
        "district": "Puri",
        "time_utc": "2019-05-03T09:00:00+00:00",
        "hours_to_landfall": 6.3,
        "surge_total_m": 2.1,
        "surge_ib_m": 0.4,
        "surge_wind_m": 0.5,
        "tide_m": 1.2
      }
    },
    {
      "type": "Feature",
      "geometry": {
        "type": "Point",
        "coordinates": [
          85.83,
          19.8
        ]
      },
      "properties": {
        "station_id": "coast_2",
        "district": "Puri",
        "time_utc": "2019-05-03T09:00:00+00:00",
        "hours_to_landfall": 6.3,
        "surge_total_m": 2.08,
        "surge_ib_m": 0.4,
        "surge_wind_m": 0.48,
        "tide_m": 1.2
      }
    },
    {
      "type": "Feature",
      "geometry": {
        "type": "Point",
        "coordinates": [
          86.05,
          19.87
        ]
      },
      "properties": {
        "station_id": "coast_3",
        "district": "Puri",
        "time_utc": "2019-05-03T09:00:00+00:00",
        "hours_to_landfall": 6.3,
        "surge_total_m": 1.97,
        "surge_ib_m": 0.4,
        "surge_wind_m": 0.37,
        "tide_m": 1.2
      }
    },
    {
      "type": "Feature",
      "geometry": {
        "type": "Point",
        "coordinates": [
          86.27,
          19.98
        ]
      },
      "properties": {
        "station_id": "coast_4",
        "district": "Puri",
        "time_utc": "2019-05-03T09:00:00+00:00",
        "hours_to_landfall": 6.3,
        "surge_total_m": 1.93,
        "surge_ib_m": 0.4,
        "surge_wind_m": 0.33,
        "tide_m": 1.2
      }
    },
    {
      "type": "Feature",
      "geometry": {
        "type": "Point",
        "coordinates": [
          86.44,
          20.16
        ]
      },
      "properties": {
        "station_id": "coast_5",
        "district": "Jagatsinghpur",
        "time_utc": "2019-05-03T09:00:00+00:00",
        "hours_to_landfall": 6.3,
        "surge_total_m": 1.86,
        "surge_ib_m": 0.4,
        "surge_wind_m": 0.26,
        "tide_m": 1.2
      }
    },
    {
      "type": "Feature",
      "geometry": {
        "type": "Point",
        "coordinates": [
          86.67,
          20.29
        ]
      },
      "properties": {
        "station_id": "coast_6",
        "district": "Jagatsinghpur",
        "time_utc": "2019-05-03T09:00:00+00:00",
        "hours_to_landfall": 6.3,
        "surge_total_m": 1.67,
        "surge_ib_m": 0.4,
        "surge_wind_m": 0.07,
        "tide_m": 1.2
      }
    },
    {
      "type": "Feature",
      "geometry": {
        "type": "Point",
        "coordinates": [
          86.72,
          20.48
        ]
      },
      "properties": {
        "station_id": "coast_7",
        "district": "Kendrapara",
        "time_utc": "2019-05-03T09:00:00+00:00",
        "hours_to_landfall": 6.3,
        "surge_total_m": 1.6,
        "surge_ib_m": 0.4,
        "surge_wind_m": 0.0,
        "tide_m": 1.2
      }
    },
    {
      "type": "Feature",
      "geometry": {
        "type": "Point",
        "coordinates": [
          86.78,
          20.65
        ]
      },
      "properties": {
        "station_id": "coast_8",
        "district": "Kendrapara",
        "time_utc": "2019-05-03T09:00:00+00:00",
        "hours_to_landfall": 6.3,
        "surge_total_m": 1.6,
        "surge_ib_m": 0.4,
        "surge_wind_m": 0.0,
        "tide_m": 1.2
      }
    },
    {
      "type": "Feature",
      "geometry": {
        "type": "Point",
        "coordinates": [
          85.45,
          19.68
        ]
      },
      "properties": {
        "station_id": "coast_0",
        "district": "Puri",
        "time_utc": "2019-05-03T10:00:00+00:00",
        "hours_to_landfall": 7.3,
        "surge_total_m": 1.97,
        "surge_ib_m": 0.38,
        "surge_wind_m": 0.39,
        "tide_m": 1.2
      }
    },
    {
      "type": "Feature",
      "geometry": {
        "type": "Point",
        "coordinates": [
          85.65,
          19.75
        ]
      },
      "properties": {
        "station_id": "coast_1",
        "district": "Puri",
        "time_utc": "2019-05-03T10:00:00+00:00",
        "hours_to_landfall": 7.3,
        "surge_total_m": 1.99,
        "surge_ib_m": 0.38,
        "surge_wind_m": 0.41,
        "tide_m": 1.2
      }
    },
    {
      "type": "Feature",
      "geometry": {
        "type": "Point",
        "coordinates": [
          85.83,
          19.8
        ]
      },
      "properties": {
        "station_id": "coast_2",
        "district": "Puri",
        "time_utc": "2019-05-03T10:00:00+00:00",
        "hours_to_landfall": 7.3,
        "surge_total_m": 1.98,
        "surge_ib_m": 0.38,
        "surge_wind_m": 0.4,
        "tide_m": 1.2
      }
    },
    {
      "type": "Feature",
      "geometry": {
        "type": "Point",
        "coordinates": [
          86.05,
          19.87
        ]
      },
      "properties": {
        "station_id": "coast_3",
        "district": "Puri",
        "time_utc": "2019-05-03T10:00:00+00:00",
        "hours_to_landfall": 7.3,
        "surge_total_m": 1.92,
        "surge_ib_m": 0.38,
        "surge_wind_m": 0.34,
        "tide_m": 1.2
      }
    },
    {
      "type": "Feature",
      "geometry": {
        "type": "Point",
        "coordinates": [
          86.27,
          19.98
        ]
      },
      "properties": {
        "station_id": "coast_4",
        "district": "Puri",
        "time_utc": "2019-05-03T10:00:00+00:00",
        "hours_to_landfall": 7.3,
        "surge_total_m": 1.95,
        "surge_ib_m": 0.38,
        "surge_wind_m": 0.36,
        "tide_m": 1.2
      }
    },
    {
      "type": "Feature",
      "geometry": {
        "type": "Point",
        "coordinates": [
          86.44,
          20.16
        ]
      },
      "properties": {
        "station_id": "coast_5",
        "district": "Jagatsinghpur",
        "time_utc": "2019-05-03T10:00:00+00:00",
        "hours_to_landfall": 7.3,
        "surge_total_m": 1.98,
        "surge_ib_m": 0.38,
        "surge_wind_m": 0.4,
        "tide_m": 1.2
      }
    },
    {
      "type": "Feature",
      "geometry": {
        "type": "Point",
        "coordinates": [
          86.67,
          20.29
        ]
      },
      "properties": {
        "station_id": "coast_6",
        "district": "Jagatsinghpur",
        "time_utc": "2019-05-03T10:00:00+00:00",
        "hours_to_landfall": 7.3,
        "surge_total_m": 1.87,
        "surge_ib_m": 0.38,
        "surge_wind_m": 0.28,
        "tide_m": 1.2
      }
    },
    {
      "type": "Feature",
      "geometry": {
        "type": "Point",
        "coordinates": [
          86.72,
          20.48
        ]
      },
      "properties": {
        "station_id": "coast_7",
        "district": "Kendrapara",
        "time_utc": "2019-05-03T10:00:00+00:00",
        "hours_to_landfall": 7.3,
        "surge_total_m": 1.85,
        "surge_ib_m": 0.38,
        "surge_wind_m": 0.27,
        "tide_m": 1.2
      }
    },
    {
      "type": "Feature",
      "geometry": {
        "type": "Point",
        "coordinates": [
          86.78,
          20.65
        ]
      },
      "properties": {
        "station_id": "coast_8",
        "district": "Kendrapara",
        "time_utc": "2019-05-03T10:00:00+00:00",
        "hours_to_landfall": 7.3,
        "surge_total_m": 1.76,
        "surge_ib_m": 0.38,
        "surge_wind_m": 0.17,
        "tide_m": 1.2
      }
    },
    {
      "type": "Feature",
      "geometry": {
        "type": "Point",
        "coordinates": [
          85.45,
          19.68
        ]
      },
      "properties": {
        "station_id": "coast_0",
        "district": "Puri",
        "time_utc": "2019-05-03T11:00:00+00:00",
        "hours_to_landfall": 8.3,
        "surge_total_m": 1.88,
        "surge_ib_m": 0.36,
        "surge_wind_m": 0.32,
        "tide_m": 1.2
      }
    },
    {
      "type": "Feature",
      "geometry": {
        "type": "Point",
        "coordinates": [
          85.65,
          19.75
        ]
      },
      "properties": {
        "station_id": "coast_1",
        "district": "Puri",
        "time_utc": "2019-05-03T11:00:00+00:00",
        "hours_to_landfall": 8.3,
        "surge_total_m": 1.9,
        "surge_ib_m": 0.36,
        "surge_wind_m": 0.34,
        "tide_m": 1.2
      }
    },
    {
      "type": "Feature",
      "geometry": {
        "type": "Point",
        "coordinates": [
          85.83,
          19.8
        ]
      },
      "properties": {
        "station_id": "coast_2",
        "district": "Puri",
        "time_utc": "2019-05-03T11:00:00+00:00",
        "hours_to_landfall": 8.3,
        "surge_total_m": 1.89,
        "surge_ib_m": 0.36,
        "surge_wind_m": 0.33,
        "tide_m": 1.2
      }
    },
    {
      "type": "Feature",
      "geometry": {
        "type": "Point",
        "coordinates": [
          86.05,
          19.87
        ]
      },
      "properties": {
        "station_id": "coast_3",
        "district": "Puri",
        "time_utc": "2019-05-03T11:00:00+00:00",
        "hours_to_landfall": 8.3,
        "surge_total_m": 1.87,
        "surge_ib_m": 0.36,
        "surge_wind_m": 0.3,
        "tide_m": 1.2
      }
    },
    {
      "type": "Feature",
      "geometry": {
        "type": "Point",
        "coordinates": [
          86.27,
          19.98
        ]
      },
      "properties": {
        "station_id": "coast_4",
        "district": "Puri",
        "time_utc": "2019-05-03T11:00:00+00:00",
        "hours_to_landfall": 8.3,
        "surge_total_m": 1.91,
        "surge_ib_m": 0.36,
        "surge_wind_m": 0.35,
        "tide_m": 1.2
      }
    },
    {
      "type": "Feature",
      "geometry": {
        "type": "Point",
        "coordinates": [
          86.44,
          20.16
        ]
      },
      "properties": {
        "station_id": "coast_5",
        "district": "Jagatsinghpur",
        "time_utc": "2019-05-03T11:00:00+00:00",
        "hours_to_landfall": 8.3,
        "surge_total_m": 1.98,
        "surge_ib_m": 0.36,
        "surge_wind_m": 0.42,
        "tide_m": 1.2
      }
    },
    {
      "type": "Feature",
      "geometry": {
        "type": "Point",
        "coordinates": [
          86.67,
          20.29
        ]
      },
      "properties": {
        "station_id": "coast_6",
        "district": "Jagatsinghpur",
        "time_utc": "2019-05-03T11:00:00+00:00",
        "hours_to_landfall": 8.3,
        "surge_total_m": 1.97,
        "surge_ib_m": 0.36,
        "surge_wind_m": 0.41,
        "tide_m": 1.2
      }
    },
    {
      "type": "Feature",
      "geometry": {
        "type": "Point",
        "coordinates": [
          86.72,
          20.48
        ]
      },
      "properties": {
        "station_id": "coast_7",
        "district": "Kendrapara",
        "time_utc": "2019-05-03T11:00:00+00:00",
        "hours_to_landfall": 8.3,
        "surge_total_m": 2.06,
        "surge_ib_m": 0.36,
        "surge_wind_m": 0.5,
        "tide_m": 1.2
      }
    },
    {
      "type": "Feature",
      "geometry": {
        "type": "Point",
        "coordinates": [
          86.78,
          20.65
        ]
      },
      "properties": {
        "station_id": "coast_8",
        "district": "Kendrapara",
        "time_utc": "2019-05-03T11:00:00+00:00",
        "hours_to_landfall": 8.3,
        "surge_total_m": 2.08,
        "surge_ib_m": 0.36,
        "surge_wind_m": 0.52,
        "tide_m": 1.2
      }
    },
    {
      "type": "Feature",
      "geometry": {
        "type": "Point",
        "coordinates": [
          85.45,
          19.68
        ]
      },
      "properties": {
        "station_id": "coast_0",
        "district": "Puri",
        "time_utc": "2019-05-03T12:00:00+00:00",
        "hours_to_landfall": 9.3,
        "surge_total_m": 1.81,
        "surge_ib_m": 0.34,
        "surge_wind_m": 0.27,
        "tide_m": 1.2
      }
    },
    {
      "type": "Feature",
      "geometry": {
        "type": "Point",
        "coordinates": [
          85.65,
          19.75
        ]
      },
      "properties": {
        "station_id": "coast_1",
        "district": "Puri",
        "time_utc": "2019-05-03T12:00:00+00:00",
        "hours_to_landfall": 9.3,
        "surge_total_m": 1.82,
        "surge_ib_m": 0.34,
        "surge_wind_m": 0.28,
        "tide_m": 1.2
      }
    },
    {
      "type": "Feature",
      "geometry": {
        "type": "Point",
        "coordinates": [
          85.83,
          19.8
        ]
      },
      "properties": {
        "station_id": "coast_2",
        "district": "Puri",
        "time_utc": "2019-05-03T12:00:00+00:00",
        "hours_to_landfall": 9.3,
        "surge_total_m": 1.82,
        "surge_ib_m": 0.34,
        "surge_wind_m": 0.28,
        "tide_m": 1.2
      }
    },
    {
      "type": "Feature",
      "geometry": {
        "type": "Point",
        "coordinates": [
          86.05,
          19.87
        ]
      },
      "properties": {
        "station_id": "coast_3",
        "district": "Puri",
        "time_utc": "2019-05-03T12:00:00+00:00",
        "hours_to_landfall": 9.3,
        "surge_total_m": 1.8,
        "surge_ib_m": 0.34,
        "surge_wind_m": 0.26,
        "tide_m": 1.2
      }
    },
    {
      "type": "Feature",
      "geometry": {
        "type": "Point",
        "coordinates": [
          86.27,
          19.98
        ]
      },
      "properties": {
        "station_id": "coast_4",
        "district": "Puri",
        "time_utc": "2019-05-03T12:00:00+00:00",
        "hours_to_landfall": 9.3,
        "surge_total_m": 1.85,
        "surge_ib_m": 0.34,
        "surge_wind_m": 0.31,
        "tide_m": 1.2
      }
    },
    {
      "type": "Feature",
      "geometry": {
        "type": "Point",
        "coordinates": [
          86.44,
          20.16
        ]
      },
      "properties": {
        "station_id": "coast_5",
        "district": "Jagatsinghpur",
        "time_utc": "2019-05-03T12:00:00+00:00",
        "hours_to_landfall": 9.3,
        "surge_total_m": 1.92,
        "surge_ib_m": 0.34,
        "surge_wind_m": 0.38,
        "tide_m": 1.2
      }
    },
    {
      "type": "Feature",
      "geometry": {
        "type": "Point",
        "coordinates": [
          86.67,
          20.29
        ]
      },
      "properties": {
        "station_id": "coast_6",
        "district": "Jagatsinghpur",
        "time_utc": "2019-05-03T12:00:00+00:00",
        "hours_to_landfall": 9.3,
        "surge_total_m": 1.95,
        "surge_ib_m": 0.34,
        "surge_wind_m": 0.41,
        "tide_m": 1.2
      }
    },
    {
      "type": "Feature",
      "geometry": {
        "type": "Point",
        "coordinates": [
          86.72,
          20.48
        ]
      },
      "properties": {
        "station_id": "coast_7",
        "district": "Kendrapara",
        "time_utc": "2019-05-03T12:00:00+00:00",
        "hours_to_landfall": 9.3,
        "surge_total_m": 2.08,
        "surge_ib_m": 0.34,
        "surge_wind_m": 0.54,
        "tide_m": 1.2
      }
    },
    {
      "type": "Feature",
      "geometry": {
        "type": "Point",
        "coordinates": [
          86.78,
          20.65
        ]
      },
      "properties": {
        "station_id": "coast_8",
        "district": "Kendrapara",
        "time_utc": "2019-05-03T12:00:00+00:00",
        "hours_to_landfall": 9.3,
        "surge_total_m": 2.21,
        "surge_ib_m": 0.34,
        "surge_wind_m": 0.67,
        "tide_m": 1.2
      }
    },
    {
      "type": "Feature",
      "geometry": {
        "type": "Point",
        "coordinates": [
          85.45,
          19.68
        ]
      },
      "properties": {
        "station_id": "coast_0",
        "district": "Puri",
        "time_utc": "2019-05-03T13:00:00+00:00",
        "hours_to_landfall": 10.3,
        "surge_total_m": 1.75,
        "surge_ib_m": 0.32,
        "surge_wind_m": 0.22,
        "tide_m": 1.2
      }
    },
    {
      "type": "Feature",
      "geometry": {
        "type": "Point",
        "coordinates": [
          85.65,
          19.75
        ]
      },
      "properties": {
        "station_id": "coast_1",
        "district": "Puri",
        "time_utc": "2019-05-03T13:00:00+00:00",
        "hours_to_landfall": 10.3,
        "surge_total_m": 1.76,
        "surge_ib_m": 0.32,
        "surge_wind_m": 0.23,
        "tide_m": 1.2
      }
    },
    {
      "type": "Feature",
      "geometry": {
        "type": "Point",
        "coordinates": [
          85.83,
          19.8
        ]
      },
      "properties": {
        "station_id": "coast_2",
        "district": "Puri",
        "time_utc": "2019-05-03T13:00:00+00:00",
        "hours_to_landfall": 10.3,
        "surge_total_m": 1.75,
        "surge_ib_m": 0.32,
        "surge_wind_m": 0.23,
        "tide_m": 1.2
      }
    },
    {
      "type": "Feature",
      "geometry": {
        "type": "Point",
        "coordinates": [
          86.05,
          19.87
        ]
      },
      "properties": {
        "station_id": "coast_3",
        "district": "Puri",
        "time_utc": "2019-05-03T13:00:00+00:00",
        "hours_to_landfall": 10.3,
        "surge_total_m": 1.75,
        "surge_ib_m": 0.32,
        "surge_wind_m": 0.22,
        "tide_m": 1.2
      }
    },
    {
      "type": "Feature",
      "geometry": {
        "type": "Point",
        "coordinates": [
          86.27,
          19.98
        ]
      },
      "properties": {
        "station_id": "coast_4",
        "district": "Puri",
        "time_utc": "2019-05-03T13:00:00+00:00",
        "hours_to_landfall": 10.3,
        "surge_total_m": 1.78,
        "surge_ib_m": 0.32,
        "surge_wind_m": 0.26,
        "tide_m": 1.2
      }
    },
    {
      "type": "Feature",
      "geometry": {
        "type": "Point",
        "coordinates": [
          86.44,
          20.16
        ]
      },
      "properties": {
        "station_id": "coast_5",
        "district": "Jagatsinghpur",
        "time_utc": "2019-05-03T13:00:00+00:00",
        "hours_to_landfall": 10.3,
        "surge_total_m": 1.85,
        "surge_ib_m": 0.32,
        "surge_wind_m": 0.32,
        "tide_m": 1.2
      }
    },
    {
      "type": "Feature",
      "geometry": {
        "type": "Point",
        "coordinates": [
          86.67,
          20.29
        ]
      },
      "properties": {
        "station_id": "coast_6",
        "district": "Jagatsinghpur",
        "time_utc": "2019-05-03T13:00:00+00:00",
        "hours_to_landfall": 10.3,
        "surge_total_m": 1.89,
        "surge_ib_m": 0.32,
        "surge_wind_m": 0.36,
        "tide_m": 1.2
      }
    },
    {
      "type": "Feature",
      "geometry": {
        "type": "Point",
        "coordinates": [
          86.72,
          20.48
        ]
      },
      "properties": {
        "station_id": "coast_7",
        "district": "Kendrapara",
        "time_utc": "2019-05-03T13:00:00+00:00",
        "hours_to_landfall": 10.3,
        "surge_total_m": 2.0,
        "surge_ib_m": 0.32,
        "surge_wind_m": 0.47,
        "tide_m": 1.2
      }
    },
    {
      "type": "Feature",
      "geometry": {
        "type": "Point",
        "coordinates": [
          86.78,
          20.65
        ]
      },
      "properties": {
        "station_id": "coast_8",
        "district": "Kendrapara",
        "time_utc": "2019-05-03T13:00:00+00:00",
        "hours_to_landfall": 10.3,
        "surge_total_m": 2.12,
        "surge_ib_m": 0.32,
        "surge_wind_m": 0.6,
        "tide_m": 1.2
      }
    },
    {
      "type": "Feature",
      "geometry": {
        "type": "Point",
        "coordinates": [
          85.45,
          19.68
        ]
      },
      "properties": {
        "station_id": "coast_0",
        "district": "Puri",
        "time_utc": "2019-05-03T14:00:00+00:00",
        "hours_to_landfall": 11.3,
        "surge_total_m": 1.7,
        "surge_ib_m": 0.31,
        "surge_wind_m": 0.18,
        "tide_m": 1.2
      }
    },
    {
      "type": "Feature",
      "geometry": {
        "type": "Point",
        "coordinates": [
          85.65,
          19.75
        ]
      },
      "properties": {
        "station_id": "coast_1",
        "district": "Puri",
        "time_utc": "2019-05-03T14:00:00+00:00",
        "hours_to_landfall": 11.3,
        "surge_total_m": 1.7,
        "surge_ib_m": 0.31,
        "surge_wind_m": 0.19,
        "tide_m": 1.2
      }
    },
    {
      "type": "Feature",
      "geometry": {
        "type": "Point",
        "coordinates": [
          85.83,
          19.8
        ]
      },
      "properties": {
        "station_id": "coast_2",
        "district": "Puri",
        "time_utc": "2019-05-03T14:00:00+00:00",
        "hours_to_landfall": 11.3,
        "surge_total_m": 1.7,
        "surge_ib_m": 0.31,
        "surge_wind_m": 0.19,
        "tide_m": 1.2
      }
    },
    {
      "type": "Feature",
      "geometry": {
        "type": "Point",
        "coordinates": [
          86.05,
          19.87
        ]
      },
      "properties": {
        "station_id": "coast_3",
        "district": "Puri",
        "time_utc": "2019-05-03T14:00:00+00:00",
        "hours_to_landfall": 11.3,
        "surge_total_m": 1.7,
        "surge_ib_m": 0.31,
        "surge_wind_m": 0.18,
        "tide_m": 1.2
      }
    },
    {
      "type": "Feature",
      "geometry": {
        "type": "Point",
        "coordinates": [
          86.27,
          19.98
        ]
      },
      "properties": {
        "station_id": "coast_4",
        "district": "Puri",
        "time_utc": "2019-05-03T14:00:00+00:00",
        "hours_to_landfall": 11.3,
        "surge_total_m": 1.73,
        "surge_ib_m": 0.31,
        "surge_wind_m": 0.22,
        "tide_m": 1.2
      }
    },
    {
      "type": "Feature",
      "geometry": {
        "type": "Point",
        "coordinates": [
          86.44,
          20.16
        ]
      },
      "properties": {
        "station_id": "coast_5",
        "district": "Jagatsinghpur",
        "time_utc": "2019-05-03T14:00:00+00:00",
        "hours_to_landfall": 11.3,
        "surge_total_m": 1.78,
        "surge_ib_m": 0.31,
        "surge_wind_m": 0.27,
        "tide_m": 1.2
      }
    },
    {
      "type": "Feature",
      "geometry": {
        "type": "Point",
        "coordinates": [
          86.67,
          20.29
        ]
      },
      "properties": {
        "station_id": "coast_6",
        "district": "Jagatsinghpur",
        "time_utc": "2019-05-03T14:00:00+00:00",
        "hours_to_landfall": 11.3,
        "surge_total_m": 1.82,
        "surge_ib_m": 0.31,
        "surge_wind_m": 0.3,
        "tide_m": 1.2
      }
    },
    {
      "type": "Feature",
      "geometry": {
        "type": "Point",
        "coordinates": [
          86.72,
          20.48
        ]
      },
      "properties": {
        "station_id": "coast_7",
        "district": "Kendrapara",
        "time_utc": "2019-05-03T14:00:00+00:00",
        "hours_to_landfall": 11.3,
        "surge_total_m": 1.9,
        "surge_ib_m": 0.31,
        "surge_wind_m": 0.38,
        "tide_m": 1.2
      }
    },
    {
      "type": "Feature",
      "geometry": {
        "type": "Point",
        "coordinates": [
          86.78,
          20.65
        ]
      },
      "properties": {
        "station_id": "coast_8",
        "district": "Kendrapara",
        "time_utc": "2019-05-03T14:00:00+00:00",
        "hours_to_landfall": 11.3,
        "surge_total_m": 1.99,
        "surge_ib_m": 0.31,
        "surge_wind_m": 0.48,
        "tide_m": 1.2
      }
    },
    {
      "type": "Feature",
      "geometry": {
        "type": "Point",
        "coordinates": [
          85.45,
          19.68
        ]
      },
      "properties": {
        "station_id": "coast_0",
        "district": "Puri",
        "time_utc": "2019-05-03T15:00:00+00:00",
        "hours_to_landfall": 12.3,
        "surge_total_m": 1.65,
        "surge_ib_m": 0.3,
        "surge_wind_m": 0.15,
        "tide_m": 1.2
      }
    },
    {
      "type": "Feature",
      "geometry": {
        "type": "Point",
        "coordinates": [
          85.65,
          19.75
        ]
      },
      "properties": {
        "station_id": "coast_1",
        "district": "Puri",
        "time_utc": "2019-05-03T15:00:00+00:00",
        "hours_to_landfall": 12.3,
        "surge_total_m": 1.66,
        "surge_ib_m": 0.3,
        "surge_wind_m": 0.16,
        "tide_m": 1.2
      }
    },
    {
      "type": "Feature",
      "geometry": {
        "type": "Point",
        "coordinates": [
          85.83,
          19.8
        ]
      },
      "properties": {
        "station_id": "coast_2",
        "district": "Puri",
        "time_utc": "2019-05-03T15:00:00+00:00",
        "hours_to_landfall": 12.3,
        "surge_total_m": 1.66,
        "surge_ib_m": 0.3,
        "surge_wind_m": 0.16,
        "tide_m": 1.2
      }
    },
    {
      "type": "Feature",
      "geometry": {
        "type": "Point",
        "coordinates": [
          86.05,
          19.87
        ]
      },
      "properties": {
        "station_id": "coast_3",
        "district": "Puri",
        "time_utc": "2019-05-03T15:00:00+00:00",
        "hours_to_landfall": 12.3,
        "surge_total_m": 1.65,
        "surge_ib_m": 0.3,
        "surge_wind_m": 0.15,
        "tide_m": 1.2
      }
    },
    {
      "type": "Feature",
      "geometry": {
        "type": "Point",
        "coordinates": [
          86.27,
          19.98
        ]
      },
      "properties": {
        "station_id": "coast_4",
        "district": "Puri",
        "time_utc": "2019-05-03T15:00:00+00:00",
        "hours_to_landfall": 12.3,
        "surge_total_m": 1.68,
        "surge_ib_m": 0.3,
        "surge_wind_m": 0.18,
        "tide_m": 1.2
      }
    },
    {
      "type": "Feature",
      "geometry": {
        "type": "Point",
        "coordinates": [
          86.44,
          20.16
        ]
      },
      "properties": {
        "station_id": "coast_5",
        "district": "Jagatsinghpur",
        "time_utc": "2019-05-03T15:00:00+00:00",
        "hours_to_landfall": 12.3,
        "surge_total_m": 1.72,
        "surge_ib_m": 0.3,
        "surge_wind_m": 0.22,
        "tide_m": 1.2
      }
    },
    {
      "type": "Feature",
      "geometry": {
        "type": "Point",
        "coordinates": [
          86.67,
          20.29
        ]
      },
      "properties": {
        "station_id": "coast_6",
        "district": "Jagatsinghpur",
        "time_utc": "2019-05-03T15:00:00+00:00",
        "hours_to_landfall": 12.3,
        "surge_total_m": 1.75,
        "surge_ib_m": 0.3,
        "surge_wind_m": 0.25,
        "tide_m": 1.2
      }
    },
    {
      "type": "Feature",
      "geometry": {
        "type": "Point",
        "coordinates": [
          86.72,
          20.48
        ]
      },
      "properties": {
        "station_id": "coast_7",
        "district": "Kendrapara",
        "time_utc": "2019-05-03T15:00:00+00:00",
        "hours_to_landfall": 12.3,
        "surge_total_m": 1.81,
        "surge_ib_m": 0.3,
        "surge_wind_m": 0.31,
        "tide_m": 1.2
      }
    },
    {
      "type": "Feature",
      "geometry": {
        "type": "Point",
        "coordinates": [
          86.78,
          20.65
        ]
      },
      "properties": {
        "station_id": "coast_8",
        "district": "Kendrapara",
        "time_utc": "2019-05-03T15:00:00+00:00",
        "hours_to_landfall": 12.3,
        "surge_total_m": 1.87,
        "surge_ib_m": 0.3,
        "surge_wind_m": 0.37,
        "tide_m": 1.2
      }
    },
    {
      "type": "Feature",
      "geometry": {
        "type": "Point",
        "coordinates": [
          85.45,
          19.68
        ]
      },
      "properties": {
        "station_id": "coast_0",
        "district": "Puri",
        "time_utc": "2019-05-03T16:00:00+00:00",
        "hours_to_landfall": 13.3,
        "surge_total_m": 1.62,
        "surge_ib_m": 0.29,
        "surge_wind_m": 0.13,
        "tide_m": 1.2
      }
    },
    {
      "type": "Feature",
      "geometry": {
        "type": "Point",
        "coordinates": [
          85.65,
          19.75
        ]
      },
      "properties": {
        "station_id": "coast_1",
        "district": "Puri",
        "time_utc": "2019-05-03T16:00:00+00:00",
        "hours_to_landfall": 13.3,
        "surge_total_m": 1.62,
        "surge_ib_m": 0.29,
        "surge_wind_m": 0.14,
        "tide_m": 1.2
      }
    },
    {
      "type": "Feature",
      "geometry": {
        "type": "Point",
        "coordinates": [
          85.83,
          19.8
        ]
      },
      "properties": {
        "station_id": "coast_2",
        "district": "Puri",
        "time_utc": "2019-05-03T16:00:00+00:00",
        "hours_to_landfall": 13.3,
        "surge_total_m": 1.62,
        "surge_ib_m": 0.29,
        "surge_wind_m": 0.14,
        "tide_m": 1.2
      }
    },
    {
      "type": "Feature",
      "geometry": {
        "type": "Point",
        "coordinates": [
          86.05,
          19.87
        ]
      },
      "properties": {
        "station_id": "coast_3",
        "district": "Puri",
        "time_utc": "2019-05-03T16:00:00+00:00",
        "hours_to_landfall": 13.3,
        "surge_total_m": 1.62,
        "surge_ib_m": 0.29,
        "surge_wind_m": 0.13,
        "tide_m": 1.2
      }
    },
    {
      "type": "Feature",
      "geometry": {
        "type": "Point",
        "coordinates": [
          86.27,
          19.98
        ]
      },
      "properties": {
        "station_id": "coast_4",
        "district": "Puri",
        "time_utc": "2019-05-03T16:00:00+00:00",
        "hours_to_landfall": 13.3,
        "surge_total_m": 1.64,
        "surge_ib_m": 0.29,
        "surge_wind_m": 0.16,
        "tide_m": 1.2
      }
    },
    {
      "type": "Feature",
      "geometry": {
        "type": "Point",
        "coordinates": [
          86.44,
          20.16
        ]
      },
      "properties": {
        "station_id": "coast_5",
        "district": "Jagatsinghpur",
        "time_utc": "2019-05-03T16:00:00+00:00",
        "hours_to_landfall": 13.3,
        "surge_total_m": 1.67,
        "surge_ib_m": 0.29,
        "surge_wind_m": 0.19,
        "tide_m": 1.2
      }
    },
    {
      "type": "Feature",
      "geometry": {
        "type": "Point",
        "coordinates": [
          86.67,
          20.29
        ]
      },
      "properties": {
        "station_id": "coast_6",
        "district": "Jagatsinghpur",
        "time_utc": "2019-05-03T16:00:00+00:00",
        "hours_to_landfall": 13.3,
        "surge_total_m": 1.7,
        "surge_ib_m": 0.29,
        "surge_wind_m": 0.22,
        "tide_m": 1.2
      }
    },
    {
      "type": "Feature",
      "geometry": {
        "type": "Point",
        "coordinates": [
          86.72,
          20.48
        ]
      },
      "properties": {
        "station_id": "coast_7",
        "district": "Kendrapara",
        "time_utc": "2019-05-03T16:00:00+00:00",
        "hours_to_landfall": 13.3,
        "surge_total_m": 1.74,
        "surge_ib_m": 0.29,
        "surge_wind_m": 0.26,
        "tide_m": 1.2
      }
    },
    {
      "type": "Feature",
      "geometry": {
        "type": "Point",
        "coordinates": [
          86.78,
          20.65
        ]
      },
      "properties": {
        "station_id": "coast_8",
        "district": "Kendrapara",
        "time_utc": "2019-05-03T16:00:00+00:00",
        "hours_to_landfall": 13.3,
        "surge_total_m": 1.79,
        "surge_ib_m": 0.29,
        "surge_wind_m": 0.3,
        "tide_m": 1.2
      }
    },
    {
      "type": "Feature",
      "geometry": {
        "type": "Point",
        "coordinates": [
          85.45,
          19.68
        ]
      },
      "properties": {
        "station_id": "coast_0",
        "district": "Puri",
        "time_utc": "2019-05-03T17:00:00+00:00",
        "hours_to_landfall": 14.3,
        "surge_total_m": 1.59,
        "surge_ib_m": 0.27,
        "surge_wind_m": 0.12,
        "tide_m": 1.2
      }
    },
    {
      "type": "Feature",
      "geometry": {
        "type": "Point",
        "coordinates": [
          85.65,
          19.75
        ]
      },
      "properties": {
        "station_id": "coast_1",
        "district": "Puri",
        "time_utc": "2019-05-03T17:00:00+00:00",
        "hours_to_landfall": 14.3,
        "surge_total_m": 1.59,
        "surge_ib_m": 0.27,
        "surge_wind_m": 0.12,
        "tide_m": 1.2
      }
    },
    {
      "type": "Feature",
      "geometry": {
        "type": "Point",
        "coordinates": [
          85.83,
          19.8
        ]
      },
      "properties": {
        "station_id": "coast_2",
        "district": "Puri",
        "time_utc": "2019-05-03T17:00:00+00:00",
        "hours_to_landfall": 14.3,
        "surge_total_m": 1.59,
        "surge_ib_m": 0.27,
        "surge_wind_m": 0.12,
        "tide_m": 1.2
      }
    },
    {
      "type": "Feature",
      "geometry": {
        "type": "Point",
        "coordinates": [
          86.05,
          19.87
        ]
      },
      "properties": {
        "station_id": "coast_3",
        "district": "Puri",
        "time_utc": "2019-05-03T17:00:00+00:00",
        "hours_to_landfall": 14.3,
        "surge_total_m": 1.59,
        "surge_ib_m": 0.27,
        "surge_wind_m": 0.12,
        "tide_m": 1.2
      }
    },
    {
      "type": "Feature",
      "geometry": {
        "type": "Point",
        "coordinates": [
          86.27,
          19.98
        ]
      },
      "properties": {
        "station_id": "coast_4",
        "district": "Puri",
        "time_utc": "2019-05-03T17:00:00+00:00",
        "hours_to_landfall": 14.3,
        "surge_total_m": 1.61,
        "surge_ib_m": 0.27,
        "surge_wind_m": 0.14,
        "tide_m": 1.2
      }
    },
    {
      "type": "Feature",
      "geometry": {
        "type": "Point",
        "coordinates": [
          86.44,
          20.16
        ]
      },
      "properties": {
        "station_id": "coast_5",
        "district": "Jagatsinghpur",
        "time_utc": "2019-05-03T17:00:00+00:00",
        "hours_to_landfall": 14.3,
        "surge_total_m": 1.63,
        "surge_ib_m": 0.27,
        "surge_wind_m": 0.16,
        "tide_m": 1.2
      }
    },
    {
      "type": "Feature",
      "geometry": {
        "type": "Point",
        "coordinates": [
          86.67,
          20.29
        ]
      },
      "properties": {
        "station_id": "coast_6",
        "district": "Jagatsinghpur",
        "time_utc": "2019-05-03T17:00:00+00:00",
        "hours_to_landfall": 14.3,
        "surge_total_m": 1.66,
        "surge_ib_m": 0.27,
        "surge_wind_m": 0.19,
        "tide_m": 1.2
      }
    },
    {
      "type": "Feature",
      "geometry": {
        "type": "Point",
        "coordinates": [
          86.72,
          20.48
        ]
      },
      "properties": {
        "station_id": "coast_7",
        "district": "Kendrapara",
        "time_utc": "2019-05-03T17:00:00+00:00",
        "hours_to_landfall": 14.3,
        "surge_total_m": 1.69,
        "surge_ib_m": 0.27,
        "surge_wind_m": 0.22,
        "tide_m": 1.2
      }
    },
    {
      "type": "Feature",
      "geometry": {
        "type": "Point",
        "coordinates": [
          86.78,
          20.65
        ]
      },
      "properties": {
        "station_id": "coast_8",
        "district": "Kendrapara",
        "time_utc": "2019-05-03T17:00:00+00:00",
        "hours_to_landfall": 14.3,
        "surge_total_m": 1.71,
        "surge_ib_m": 0.27,
        "surge_wind_m": 0.24,
        "tide_m": 1.2
      }
    },
    {
      "type": "Feature",
      "geometry": {
        "type": "Point",
        "coordinates": [
          85.45,
          19.68
        ]
      },
      "properties": {
        "station_id": "coast_0",
        "district": "Puri",
        "time_utc": "2019-05-03T18:00:00+00:00",
        "hours_to_landfall": 15.3,
        "surge_total_m": 1.56,
        "surge_ib_m": 0.26,
        "surge_wind_m": 0.1,
        "tide_m": 1.2
      }
    },
    {
      "type": "Feature",
      "geometry": {
        "type": "Point",
        "coordinates": [
          85.65,
          19.75
        ]
      },
      "properties": {
        "station_id": "coast_1",
        "district": "Puri",
        "time_utc": "2019-05-03T18:00:00+00:00",
        "hours_to_landfall": 15.3,
        "surge_total_m": 1.57,
        "surge_ib_m": 0.26,
        "surge_wind_m": 0.11,
        "tide_m": 1.2
      }
    },
    {
      "type": "Feature",
      "geometry": {
        "type": "Point",
        "coordinates": [
          85.83,
          19.8
        ]
      },
      "properties": {
        "station_id": "coast_2",
        "district": "Puri",
        "time_utc": "2019-05-03T18:00:00+00:00",
        "hours_to_landfall": 15.3,
        "surge_total_m": 1.57,
        "surge_ib_m": 0.26,
        "surge_wind_m": 0.11,
        "tide_m": 1.2
      }
    },
    {
      "type": "Feature",
      "geometry": {
        "type": "Point",
        "coordinates": [
          86.05,
          19.87
        ]
      },
      "properties": {
        "station_id": "coast_3",
        "district": "Puri",
        "time_utc": "2019-05-03T18:00:00+00:00",
        "hours_to_landfall": 15.3,
        "surge_total_m": 1.57,
        "surge_ib_m": 0.26,
        "surge_wind_m": 0.11,
        "tide_m": 1.2
      }
    },
    {
      "type": "Feature",
      "geometry": {
        "type": "Point",
        "coordinates": [
          86.27,
          19.98
        ]
      },
      "properties": {
        "station_id": "coast_4",
        "district": "Puri",
        "time_utc": "2019-05-03T18:00:00+00:00",
        "hours_to_landfall": 15.3,
        "surge_total_m": 1.58,
        "surge_ib_m": 0.26,
        "surge_wind_m": 0.12,
        "tide_m": 1.2
      }
    },
    {
      "type": "Feature",
      "geometry": {
        "type": "Point",
        "coordinates": [
          86.44,
          20.16
        ]
      },
      "properties": {
        "station_id": "coast_5",
        "district": "Jagatsinghpur",
        "time_utc": "2019-05-03T18:00:00+00:00",
        "hours_to_landfall": 15.3,
        "surge_total_m": 1.6,
        "surge_ib_m": 0.26,
        "surge_wind_m": 0.14,
        "tide_m": 1.2
      }
    },
    {
      "type": "Feature",
      "geometry": {
        "type": "Point",
        "coordinates": [
          86.67,
          20.29
        ]
      },
      "properties": {
        "station_id": "coast_6",
        "district": "Jagatsinghpur",
        "time_utc": "2019-05-03T18:00:00+00:00",
        "hours_to_landfall": 15.3,
        "surge_total_m": 1.62,
        "surge_ib_m": 0.26,
        "surge_wind_m": 0.16,
        "tide_m": 1.2
      }
    },
    {
      "type": "Feature",
      "geometry": {
        "type": "Point",
        "coordinates": [
          86.72,
          20.48
        ]
      },
      "properties": {
        "station_id": "coast_7",
        "district": "Kendrapara",
        "time_utc": "2019-05-03T18:00:00+00:00",
        "hours_to_landfall": 15.3,
        "surge_total_m": 1.64,
        "surge_ib_m": 0.26,
        "surge_wind_m": 0.18,
        "tide_m": 1.2
      }
    },
    {
      "type": "Feature",
      "geometry": {
        "type": "Point",
        "coordinates": [
          86.78,
          20.65
        ]
      },
      "properties": {
        "station_id": "coast_8",
        "district": "Kendrapara",
        "time_utc": "2019-05-03T18:00:00+00:00",
        "hours_to_landfall": 15.3,
        "surge_total_m": 1.66,
        "surge_ib_m": 0.26,
        "surge_wind_m": 0.2,
        "tide_m": 1.2
      }
    },
    {
      "type": "Feature",
      "geometry": {
        "type": "Point",
        "coordinates": [
          85.45,
          19.68
        ]
      },
      "properties": {
        "station_id": "coast_0",
        "district": "Puri",
        "time_utc": "2019-05-03T19:00:00+00:00",
        "hours_to_landfall": 16.3,
        "surge_total_m": 1.55,
        "surge_ib_m": 0.26,
        "surge_wind_m": 0.09,
        "tide_m": 1.2
      }
    },
    {
      "type": "Feature",
      "geometry": {
        "type": "Point",
        "coordinates": [
          85.65,
          19.75
        ]
      },
      "properties": {
        "station_id": "coast_1",
        "district": "Puri",
        "time_utc": "2019-05-03T19:00:00+00:00",
        "hours_to_landfall": 16.3,
        "surge_total_m": 1.55,
        "surge_ib_m": 0.26,
        "surge_wind_m": 0.09,
        "tide_m": 1.2
      }
    },
    {
      "type": "Feature",
      "geometry": {
        "type": "Point",
        "coordinates": [
          85.83,
          19.8
        ]
      },
      "properties": {
        "station_id": "coast_2",
        "district": "Puri",
        "time_utc": "2019-05-03T19:00:00+00:00",
        "hours_to_landfall": 16.3,
        "surge_total_m": 1.55,
        "surge_ib_m": 0.26,
        "surge_wind_m": 0.09,
        "tide_m": 1.2
      }
    },
    {
      "type": "Feature",
      "geometry": {
        "type": "Point",
        "coordinates": [
          86.05,
          19.87
        ]
      },
      "properties": {
        "station_id": "coast_3",
        "district": "Puri",
        "time_utc": "2019-05-03T19:00:00+00:00",
        "hours_to_landfall": 16.3,
        "surge_total_m": 1.55,
        "surge_ib_m": 0.26,
        "surge_wind_m": 0.09,
        "tide_m": 1.2
      }
    },
    {
      "type": "Feature",
      "geometry": {
        "type": "Point",
        "coordinates": [
          86.27,
          19.98
        ]
      },
      "properties": {
        "station_id": "coast_4",
        "district": "Puri",
        "time_utc": "2019-05-03T19:00:00+00:00",
        "hours_to_landfall": 16.3,
        "surge_total_m": 1.56,
        "surge_ib_m": 0.26,
        "surge_wind_m": 0.11,
        "tide_m": 1.2
      }
    },
    {
      "type": "Feature",
      "geometry": {
        "type": "Point",
        "coordinates": [
          86.44,
          20.16
        ]
      },
      "properties": {
        "station_id": "coast_5",
        "district": "Jagatsinghpur",
        "time_utc": "2019-05-03T19:00:00+00:00",
        "hours_to_landfall": 16.3,
        "surge_total_m": 1.58,
        "surge_ib_m": 0.26,
        "surge_wind_m": 0.12,
        "tide_m": 1.2
      }
    },
    {
      "type": "Feature",
      "geometry": {
        "type": "Point",
        "coordinates": [
          86.67,
          20.29
        ]
      },
      "properties": {
        "station_id": "coast_6",
        "district": "Jagatsinghpur",
        "time_utc": "2019-05-03T19:00:00+00:00",
        "hours_to_landfall": 16.3,
        "surge_total_m": 1.59,
        "surge_ib_m": 0.26,
        "surge_wind_m": 0.14,
        "tide_m": 1.2
      }
    },
    {
      "type": "Feature",
      "geometry": {
        "type": "Point",
        "coordinates": [
          86.72,
          20.48
        ]
      },
      "properties": {
        "station_id": "coast_7",
        "district": "Kendrapara",
        "time_utc": "2019-05-03T19:00:00+00:00",
        "hours_to_landfall": 16.3,
        "surge_total_m": 1.61,
        "surge_ib_m": 0.26,
        "surge_wind_m": 0.15,
        "tide_m": 1.2
      }
    },
    {
      "type": "Feature",
      "geometry": {
        "type": "Point",
        "coordinates": [
          86.78,
          20.65
        ]
      },
      "properties": {
        "station_id": "coast_8",
        "district": "Kendrapara",
        "time_utc": "2019-05-03T19:00:00+00:00",
        "hours_to_landfall": 16.3,
        "surge_total_m": 1.62,
        "surge_ib_m": 0.26,
        "surge_wind_m": 0.16,
        "tide_m": 1.2
      }
    },
    {
      "type": "Feature",
      "geometry": {
        "type": "Point",
        "coordinates": [
          85.45,
          19.68
        ]
      },
      "properties": {
        "station_id": "coast_0",
        "district": "Puri",
        "time_utc": "2019-05-03T20:00:00+00:00",
        "hours_to_landfall": 17.3,
        "surge_total_m": 1.53,
        "surge_ib_m": 0.25,
        "surge_wind_m": 0.08,
        "tide_m": 1.2
      }
    },
    {
      "type": "Feature",
      "geometry": {
        "type": "Point",
        "coordinates": [
          85.65,
          19.75
        ]
      },
      "properties": {
        "station_id": "coast_1",
        "district": "Puri",
        "time_utc": "2019-05-03T20:00:00+00:00",
        "hours_to_landfall": 17.3,
        "surge_total_m": 1.53,
        "surge_ib_m": 0.25,
        "surge_wind_m": 0.08,
        "tide_m": 1.2
      }
    },
    {
      "type": "Feature",
      "geometry": {
        "type": "Point",
        "coordinates": [
          85.83,
          19.8
        ]
      },
      "properties": {
        "station_id": "coast_2",
        "district": "Puri",
        "time_utc": "2019-05-03T20:00:00+00:00",
        "hours_to_landfall": 17.3,
        "surge_total_m": 1.53,
        "surge_ib_m": 0.25,
        "surge_wind_m": 0.08,
        "tide_m": 1.2
      }
    },
    {
      "type": "Feature",
      "geometry": {
        "type": "Point",
        "coordinates": [
          86.05,
          19.87
        ]
      },
      "properties": {
        "station_id": "coast_3",
        "district": "Puri",
        "time_utc": "2019-05-03T20:00:00+00:00",
        "hours_to_landfall": 17.3,
        "surge_total_m": 1.53,
        "surge_ib_m": 0.25,
        "surge_wind_m": 0.08,
        "tide_m": 1.2
      }
    },
    {
      "type": "Feature",
      "geometry": {
        "type": "Point",
        "coordinates": [
          86.27,
          19.98
        ]
      },
      "properties": {
        "station_id": "coast_4",
        "district": "Puri",
        "time_utc": "2019-05-03T20:00:00+00:00",
        "hours_to_landfall": 17.3,
        "surge_total_m": 1.54,
        "surge_ib_m": 0.25,
        "surge_wind_m": 0.09,
        "tide_m": 1.2
      }
    },
    {
      "type": "Feature",
      "geometry": {
        "type": "Point",
        "coordinates": [
          86.44,
          20.16
        ]
      },
      "properties": {
        "station_id": "coast_5",
        "district": "Jagatsinghpur",
        "time_utc": "2019-05-03T20:00:00+00:00",
        "hours_to_landfall": 17.3,
        "surge_total_m": 1.56,
        "surge_ib_m": 0.25,
        "surge_wind_m": 0.1,
        "tide_m": 1.2
      }
    },
    {
      "type": "Feature",
      "geometry": {
        "type": "Point",
        "coordinates": [
          86.67,
          20.29
        ]
      },
      "properties": {
        "station_id": "coast_6",
        "district": "Jagatsinghpur",
        "time_utc": "2019-05-03T20:00:00+00:00",
        "hours_to_landfall": 17.3,
        "surge_total_m": 1.57,
        "surge_ib_m": 0.25,
        "surge_wind_m": 0.11,
        "tide_m": 1.2
      }
    },
    {
      "type": "Feature",
      "geometry": {
        "type": "Point",
        "coordinates": [
          86.72,
          20.48
        ]
      },
      "properties": {
        "station_id": "coast_7",
        "district": "Kendrapara",
        "time_utc": "2019-05-03T20:00:00+00:00",
        "hours_to_landfall": 17.3,
        "surge_total_m": 1.58,
        "surge_ib_m": 0.25,
        "surge_wind_m": 0.12,
        "tide_m": 1.2
      }
    },
    {
      "type": "Feature",
      "geometry": {
        "type": "Point",
        "coordinates": [
          86.78,
          20.65
        ]
      },
      "properties": {
        "station_id": "coast_8",
        "district": "Kendrapara",
        "time_utc": "2019-05-03T20:00:00+00:00",
        "hours_to_landfall": 17.3,
        "surge_total_m": 1.58,
        "surge_ib_m": 0.25,
        "surge_wind_m": 0.13,
        "tide_m": 1.2
      }
    }
  ]
}